-- MySQL dump 10.13  Distrib 8.0.21, for Linux (x86_64)
--
-- Host: localhost    Database: ld
-- ------------------------------------------------------
-- Server version	8.0.21

/*!40101 SET @OLD_CHARACTER_SET_CLIENT=@@CHARACTER_SET_CLIENT */;
/*!40101 SET @OLD_CHARACTER_SET_RESULTS=@@CHARACTER_SET_RESULTS */;
/*!40101 SET @OLD_COLLATION_CONNECTION=@@COLLATION_CONNECTION */;
/*!50503 SET NAMES utf8mb4 */;
/*!40103 SET @OLD_TIME_ZONE=@@TIME_ZONE */;
/*!40103 SET TIME_ZONE='+00:00' */;
/*!40014 SET @OLD_UNIQUE_CHECKS=@@UNIQUE_CHECKS, UNIQUE_CHECKS=0 */;
/*!40014 SET @OLD_FOREIGN_KEY_CHECKS=@@FOREIGN_KEY_CHECKS, FOREIGN_KEY_CHECKS=0 */;
/*!40101 SET @OLD_SQL_MODE=@@SQL_MODE, SQL_MODE='NO_AUTO_VALUE_ON_ZERO' */;
/*!40111 SET @OLD_SQL_NOTES=@@SQL_NOTES, SQL_NOTES=0 */;

--
-- Table structure for table `candidats`
--

DROP TABLE IF EXISTS `candidats`;
/*!40101 SET @saved_cs_client     = @@character_set_client */;
/*!50503 SET character_set_client = utf8mb4 */;
CREATE TABLE `candidats` (
  `vacancie_id` bigint unsigned NOT NULL COMMENT 'Ссылка на вакансию',
  `emploee_id` bigint unsigned NOT NULL COMMENT 'Ссылка на кандидата',
  `created_at` timestamp NULL DEFAULT CURRENT_TIMESTAMP COMMENT 'Время создания строки',
  `updated_at` timestamp NULL DEFAULT CURRENT_TIMESTAMP ON UPDATE CURRENT_TIMESTAMP COMMENT 'Время обновления строки',
  PRIMARY KEY (`vacancie_id`,`emploee_id`) COMMENT 'Составной первичный ключ',
  KEY `candidats_emploee_id_fk` (`emploee_id`),
  CONSTRAINT `candidats_emploee_id_fk` FOREIGN KEY (`emploee_id`) REFERENCES `emploees` (`id`) ON DELETE CASCADE,
  CONSTRAINT `candidats_vacancy_id_fk` FOREIGN KEY (`vacancie_id`) REFERENCES `vacancies` (`id`) ON DELETE CASCADE
) ENGINE=InnoDB DEFAULT CHARSET=utf8mb4 COLLATE=utf8mb4_0900_ai_ci COMMENT='Кандидаты';
/*!40101 SET character_set_client = @saved_cs_client */;

--
-- Dumping data for table `candidats`
--

LOCK TABLES `candidats` WRITE;
/*!40000 ALTER TABLE `candidats` DISABLE KEYS */;
INSERT INTO `candidats` VALUES (1,4,'2020-11-20 14:35:46','2020-11-20 14:35:46'),(1,38,'2020-11-20 14:01:44','2020-11-20 14:10:04'),(1,55,'2020-11-20 14:01:44','2020-11-20 14:01:44'),(1,87,'2020-11-20 14:01:44','2020-11-20 14:05:43'),(3,68,'2020-11-20 14:01:44','2020-11-20 14:01:44'),(4,78,'2020-11-20 14:01:44','2020-11-20 14:01:44'),(6,85,'2020-11-20 14:01:44','2020-11-20 14:01:44'),(7,92,'2020-11-20 14:01:44','2020-11-20 14:01:44'),(8,3,'2020-11-20 14:01:44','2020-11-20 14:01:44'),(10,80,'2020-11-20 14:01:44','2020-11-20 14:01:44'),(11,85,'2020-11-20 14:01:44','2020-11-20 14:01:44'),(13,87,'2020-11-20 14:01:44','2020-11-20 14:01:44'),(14,77,'2020-11-20 14:01:44','2020-11-20 14:01:44'),(17,24,'2020-11-20 14:01:44','2020-11-20 14:01:44'),(20,89,'2020-11-20 14:01:44','2020-11-20 14:01:44'),(21,73,'2020-11-20 14:01:44','2020-11-20 14:01:44'),(22,97,'2020-11-20 14:01:44','2020-11-20 14:01:44'),(26,67,'2020-11-20 14:01:44','2020-11-20 14:01:44'),(28,42,'2020-11-20 14:01:44','2020-11-20 14:01:44'),(30,10,'2020-11-20 14:01:44','2020-11-20 14:01:44'),(31,22,'2020-11-20 14:01:44','2020-11-20 14:01:44'),(32,80,'2020-11-20 14:01:44','2020-11-20 14:01:44'),(33,35,'2020-11-20 14:01:44','2020-11-20 14:01:44'),(34,32,'2020-11-20 14:01:44','2020-11-20 14:01:44'),(35,57,'2020-11-20 14:01:44','2020-11-20 14:01:44'),(36,87,'2020-11-20 14:01:44','2020-11-20 14:01:44'),(37,62,'2020-11-20 14:01:44','2020-11-20 14:01:44'),(38,49,'2020-11-20 14:01:44','2020-11-20 14:01:44'),(39,59,'2020-11-20 14:01:44','2020-11-20 14:01:44'),(40,47,'2020-11-20 14:01:44','2020-11-20 14:01:44'),(41,59,'2020-11-20 14:01:44','2020-11-20 14:01:44'),(43,53,'2020-11-20 14:01:44','2020-11-20 14:01:44'),(44,89,'2020-11-20 14:01:44','2020-11-20 14:01:44'),(45,84,'2020-11-20 14:01:44','2020-11-20 14:01:44'),(48,54,'2020-11-20 14:01:44','2020-11-20 14:01:44'),(49,16,'2020-11-20 14:01:44','2020-11-20 14:01:44'),(50,19,'2020-11-20 14:01:44','2020-11-20 14:01:44'),(51,47,'2020-11-20 14:01:44','2020-11-20 14:01:44'),(52,75,'2020-11-20 14:01:44','2020-11-20 14:01:44'),(53,34,'2020-11-20 14:01:44','2020-11-20 14:01:44'),(54,45,'2020-11-20 14:01:44','2020-11-20 14:01:44'),(55,22,'2020-11-20 14:01:44','2020-11-20 14:01:44'),(58,74,'2020-11-20 14:01:44','2020-11-20 14:01:44'),(59,5,'2020-11-20 14:01:44','2020-11-20 14:01:44'),(61,1,'2020-11-20 14:01:44','2020-11-20 14:01:44'),(62,89,'2020-11-20 14:01:44','2020-11-20 14:01:44'),(63,40,'2020-11-20 14:01:44','2020-11-20 14:01:44'),(64,35,'2020-11-20 14:01:44','2020-11-20 14:01:44'),(65,55,'2020-11-20 14:01:44','2020-11-20 14:01:44'),(66,69,'2020-11-20 14:01:44','2020-11-20 14:01:44'),(67,78,'2020-11-20 14:01:44','2020-11-20 14:01:44');
/*!40000 ALTER TABLE `candidats` ENABLE KEYS */;
UNLOCK TABLES;

--
-- Table structure for table `cities`
--

DROP TABLE IF EXISTS `cities`;
/*!40101 SET @saved_cs_client     = @@character_set_client */;
/*!50503 SET character_set_client = utf8mb4 */;
CREATE TABLE `cities` (
  `id` bigint unsigned NOT NULL AUTO_INCREMENT,
  `country_id` bigint unsigned NOT NULL COMMENT 'Ссылка на страну, которой принадлежит город',
  `name` varchar(100) NOT NULL COMMENT 'Название города',
  `created_at` timestamp NULL DEFAULT CURRENT_TIMESTAMP COMMENT 'Время создания строки',
  `updated_at` timestamp NULL DEFAULT CURRENT_TIMESTAMP ON UPDATE CURRENT_TIMESTAMP COMMENT 'Время обновления строки',
  PRIMARY KEY (`id`),
  UNIQUE KEY `name` (`name`),
  KEY `cities_country_id_fk` (`country_id`),
  CONSTRAINT `cities_country_id_fk` FOREIGN KEY (`country_id`) REFERENCES `countries` (`id`) ON DELETE CASCADE
) ENGINE=InnoDB AUTO_INCREMENT=101 DEFAULT CHARSET=utf8mb4 COLLATE=utf8mb4_0900_ai_ci COMMENT='Страны';
/*!40101 SET character_set_client = @saved_cs_client */;

--
-- Dumping data for table `cities`
--

LOCK TABLES `cities` WRITE;
/*!40000 ALTER TABLE `cities` DISABLE KEYS */;
INSERT INTO `cities` VALUES (1,70,'Port Jovanystad','1987-12-30 21:00:00','2020-11-19 14:16:19'),(2,24,'Gretchenhaven','2016-10-17 22:00:00','2020-11-19 14:16:19'),(3,7,'Predovicchester','1981-06-02 20:00:00','2020-11-19 14:16:19'),(4,62,'West Cristina','1992-11-05 22:00:00','2020-11-19 14:16:19'),(5,89,'Keatontown','1981-06-23 20:00:00','2020-11-19 14:16:19'),(6,59,'Lockmanside','2001-11-11 22:00:00','2020-11-19 14:16:19'),(7,28,'Stephanieton','1991-01-01 22:00:00','2020-11-19 14:16:19'),(8,64,'Bahringershire','1979-06-09 21:00:00','2020-11-19 14:16:19'),(9,34,'New Uriel','1984-04-08 20:00:00','2020-11-19 14:16:19'),(10,79,'Lake Isaiasville','1974-11-23 21:00:00','2020-11-19 14:16:19'),(11,90,'Kaleighbury','1978-06-21 21:00:00','2020-11-19 14:16:19'),(12,14,'Barrowsside','1979-01-21 21:00:00','2020-11-19 14:16:19'),(13,97,'Ethylfort','2004-10-13 21:00:00','2020-11-19 14:16:19'),(14,46,'East Bryana','1980-11-05 21:00:00','2020-11-19 14:16:19'),(15,37,'East Alvinaberg','1977-03-13 21:00:00','2020-11-19 14:16:19'),(16,48,'Jacobiview','2001-10-05 21:00:00','2020-11-19 14:16:19'),(17,29,'Kunzemouth','1998-03-12 22:00:00','2020-11-19 14:16:19'),(18,1,'East Evertshire','2017-10-14 22:00:00','2020-11-19 14:16:19'),(19,17,'New Hazle','2006-08-09 21:00:00','2020-11-19 14:16:19'),(20,80,'Jessikaburgh','2001-08-27 21:00:00','2020-11-19 14:16:19'),(21,51,'Allisonstad','2016-12-31 22:00:00','2020-11-19 14:16:19'),(22,14,'East Roxanne','2009-05-24 21:00:00','2020-11-19 14:16:19'),(23,18,'Wilhelmview','1994-11-07 22:00:00','2020-11-19 14:16:19'),(24,46,'Websterbury','1970-08-10 21:00:00','2020-11-19 14:16:19'),(25,74,'Moriahstad','2015-04-19 22:00:00','2020-11-19 14:16:19'),(26,32,'Jamaalhaven','1994-10-05 22:00:00','2020-11-19 14:16:19'),(27,37,'West Hughside','2014-02-06 21:00:00','2020-11-19 14:16:19'),(28,91,'Port Carter','2012-11-16 21:00:00','2020-11-19 14:16:19'),(29,41,'South Waylon','2008-07-28 21:00:00','2020-11-19 14:16:19'),(30,31,'Parisianshire','1991-05-24 21:00:00','2020-11-19 14:16:19'),(31,31,'South Eliezerberg','1970-05-06 21:00:00','2010-01-22 22:00:00'),(32,61,'West Owenfurt','1982-05-01 20:00:00','2020-11-19 14:16:19'),(33,12,'Lyricside','1984-07-02 20:00:00','2020-11-19 14:16:19'),(34,79,'Homenickbury','2017-12-26 22:00:00','2020-11-19 14:16:19'),(35,56,'New Liana','2019-10-13 22:00:00','2020-11-19 14:16:19'),(36,41,'Anyatown','2012-12-28 21:00:00','2020-11-19 14:16:19'),(37,39,'Candiceview','1976-02-16 21:00:00','2020-11-19 14:16:19'),(38,69,'Vivianfurt','2012-08-27 21:00:00','2020-11-19 14:16:19'),(39,31,'South Orpha','1976-09-17 21:00:00','2020-11-19 14:16:19'),(40,45,'Blockbury','1986-06-19 20:00:00','2020-11-19 14:16:19'),(41,34,'Berthaport','1974-09-18 21:00:00','2020-11-19 14:16:19'),(42,34,'Jastview','2012-11-24 21:00:00','2020-11-19 14:16:19'),(43,67,'New Americoshire','2019-05-10 22:00:00','2020-11-19 14:16:19'),(44,31,'Reillyberg','2001-10-13 21:00:00','2020-11-19 14:16:19'),(45,55,'Beertown','2020-01-29 22:00:00','2020-11-19 14:16:19'),(46,83,'Kirstinfort','2008-08-22 21:00:00','2020-11-19 14:16:19'),(47,46,'Rodriguezton','1999-05-20 21:00:00','2020-11-19 14:16:19'),(48,83,'Ashleefort','2014-05-27 21:00:00','2020-11-19 14:16:19'),(49,76,'Reynoldsberg','1996-07-04 21:00:00','2020-11-19 14:16:19'),(50,30,'Lake Nicoleport','1980-11-15 21:00:00','2020-11-19 14:16:19'),(51,22,'Starkside','1972-05-12 21:00:00','2020-11-19 14:16:19'),(52,20,'Cathychester','1984-05-01 20:00:00','2020-11-19 14:16:19'),(53,34,'South Betsy','1971-05-18 21:00:00','2020-11-19 14:16:19'),(54,11,'Lake Twila','1980-08-13 21:00:00','2020-11-19 14:16:19'),(55,49,'Schoenstad','2001-01-22 22:00:00','2020-11-19 14:16:19'),(56,14,'Port Arnulfoborough','1978-11-05 21:00:00','2020-11-19 14:16:19'),(57,21,'Lake Novellabury','2018-07-07 22:00:00','2020-11-19 14:16:19'),(58,65,'North Winnifred','1988-11-27 21:00:00','2020-11-19 14:16:19'),(59,60,'North Brooke','1974-09-22 21:00:00','2020-11-19 14:16:19'),(60,4,'East Katharina','2007-04-07 21:00:00','2020-11-19 14:16:19'),(61,41,'Courtneyside','2003-01-01 22:00:00','2020-11-19 14:16:19'),(62,93,'Marjolaineland','1974-11-23 21:00:00','2020-11-19 14:16:19'),(63,39,'Brigitteview','1991-04-15 21:00:00','2020-11-19 14:16:19'),(64,16,'Hegmannhaven','1993-11-14 22:00:00','2020-11-19 14:16:19'),(65,63,'Abigaleview','2000-03-07 22:00:00','2020-11-19 14:16:19'),(66,68,'Alverafort','1982-11-16 21:00:00','2020-11-19 14:16:19'),(67,48,'Julioshire','1975-08-02 21:00:00','2020-11-19 14:16:19'),(68,37,'East Ollieside','1986-06-12 20:00:00','2020-11-19 14:16:19'),(69,41,'West Georgiannatown','1984-05-23 20:00:00','2020-11-19 14:16:19'),(70,93,'Lake Osborne','1976-03-28 21:00:00','2020-11-19 14:16:19'),(71,43,'Milomouth','1983-02-28 21:00:00','2020-11-19 14:16:19'),(72,34,'Casperchester','1975-11-10 21:00:00','2020-11-19 14:16:19'),(73,42,'New Pink','1982-01-02 21:00:00','2020-11-19 14:16:19'),(74,7,'North Melissa','2003-01-13 22:00:00','2020-11-19 14:16:19'),(75,6,'Alfredview','1978-05-26 21:00:00','2020-11-19 14:16:19'),(76,12,'South Arnaldotown','1977-04-01 21:00:00','2020-11-19 14:16:19'),(77,39,'Altenwerthside','2003-12-05 22:00:00','2020-11-19 14:16:19'),(78,58,'Onieton','2013-10-31 21:00:00','2020-11-19 14:16:19'),(79,75,'Pollichton','1985-03-27 21:00:00','2020-11-19 14:16:19'),(80,98,'New Lawsonstad','1976-08-25 21:00:00','2020-11-19 14:16:19'),(81,66,'Brandtmouth','1977-07-22 21:00:00','2020-11-19 14:16:19'),(82,36,'O\'Reillyland','2005-06-21 21:00:00','2020-11-19 14:16:19'),(83,83,'Kassulkemouth','2000-06-04 21:00:00','2008-03-02 22:00:00'),(84,3,'Port Sally','2006-06-06 21:00:00','2020-11-19 14:16:19'),(85,67,'Efrainhaven','1977-02-16 21:00:00','2020-11-19 14:16:19'),(86,24,'New Zora','1983-10-14 21:00:00','2020-11-19 14:16:19'),(87,18,'Laneshire','2014-03-19 21:00:00','2020-11-19 14:16:19'),(88,17,'Port Florencioberg','2018-02-23 22:00:00','2020-11-19 14:16:19'),(89,33,'South Lorine','1987-05-04 20:00:00','2020-11-19 14:16:19'),(90,12,'East Reagan','2017-05-09 22:00:00','2020-11-19 14:16:19'),(91,61,'Kiannatown','1973-06-09 21:00:00','2020-11-19 14:16:19'),(92,69,'Haagbury','2008-02-06 22:00:00','2020-11-19 14:16:19'),(93,61,'Dietrichton','1980-05-28 21:00:00','2020-11-19 14:16:19'),(94,98,'South Brockmouth','2003-08-10 21:00:00','2020-11-19 14:16:19'),(95,8,'Lake Amosport','2002-06-24 21:00:00','2020-11-19 14:16:19'),(96,44,'East Laverne','1983-03-20 21:00:00','2020-11-19 14:16:19'),(97,94,'South Isadoreborough','2006-08-26 21:00:00','2020-11-19 14:16:19'),(98,38,'Osbornetown','1990-06-19 21:00:00','2020-11-19 14:16:19'),(99,8,'East Johannberg','2010-08-13 21:00:00','2020-11-19 14:16:19'),(100,24,'Sipesville','1977-02-17 21:00:00','2020-11-19 14:16:19');
/*!40000 ALTER TABLE `cities` ENABLE KEYS */;
UNLOCK TABLES;

--
-- Table structure for table `contacts`
--

DROP TABLE IF EXISTS `contacts`;
/*!40101 SET @saved_cs_client     = @@character_set_client */;
/*!50503 SET character_set_client = utf8mb4 */;
CREATE TABLE `contacts` (
  `emploee_id` bigint unsigned NOT NULL COMMENT 'Ссылка работника инициатора',
  `contact_id` bigint unsigned NOT NULL COMMENT 'Ссылка на работника получателя приглашения',
  `state` enum('waited','accepted','declined') DEFAULT 'waited' COMMENT 'Cостояние отношений',
  `requested_at` timestamp NULL DEFAULT CURRENT_TIMESTAMP COMMENT 'Время отправления приглашения установления контактов',
  `accepted_at` timestamp NULL DEFAULT NULL COMMENT 'Время подтверждения приглашения',
  `created_at` timestamp NULL DEFAULT CURRENT_TIMESTAMP COMMENT 'Время создания строки',
  `updated_at` timestamp NULL DEFAULT CURRENT_TIMESTAMP ON UPDATE CURRENT_TIMESTAMP COMMENT 'Время обновления строки',
  PRIMARY KEY (`emploee_id`,`contact_id`) COMMENT 'Составной первичный ключ',
  KEY `contacts_contact_idd_fk` (`contact_id`),
  CONSTRAINT `contacts_contact_idd_fk` FOREIGN KEY (`contact_id`) REFERENCES `emploees` (`id`) ON DELETE CASCADE,
  CONSTRAINT `contacts_emploee_id_fk` FOREIGN KEY (`emploee_id`) REFERENCES `emploees` (`id`) ON DELETE CASCADE
) ENGINE=InnoDB DEFAULT CHARSET=utf8mb4 COLLATE=utf8mb4_0900_ai_ci COMMENT='Контакты работников';
/*!40101 SET character_set_client = @saved_cs_client */;

--
-- Dumping data for table `contacts`
--

LOCK TABLES `contacts` WRITE;
/*!40000 ALTER TABLE `contacts` DISABLE KEYS */;
INSERT INTO `contacts` VALUES (2,11,'accepted','2018-06-18 18:05:40','2020-11-20 13:19:38','2008-08-05 15:52:12','2020-11-20 13:19:38'),(2,26,'waited','2016-06-27 09:43:57','2016-06-27 09:43:57','2006-07-06 18:43:53','2020-11-20 12:20:01'),(2,64,'waited','1975-12-27 00:50:45','2020-06-06 07:32:42','2010-10-03 17:19:54','2020-11-20 12:20:01'),(3,52,'declined','1974-10-20 19:10:10','2020-11-20 12:20:01','2002-01-07 06:08:44','2020-11-20 12:20:01'),(4,68,'waited','1983-10-31 04:38:37','2003-08-30 11:29:28','1987-01-18 15:43:09','2020-11-20 12:20:01'),(5,27,'accepted','1999-04-10 07:03:02','2020-11-20 12:20:01','1981-02-15 06:30:17','2020-11-20 12:20:01'),(5,66,'accepted','2007-04-16 21:44:06','2020-11-20 12:20:01','1972-04-18 06:50:14','2020-11-20 12:20:01'),(6,33,'declined','1975-10-24 02:41:35','2020-11-20 12:20:01','1999-12-31 09:53:39','2020-11-20 12:20:01'),(6,65,'waited','1992-10-29 09:09:52','1992-10-29 09:09:52','2002-11-17 05:24:40','2020-11-20 12:20:01'),(8,91,'waited','1991-10-20 19:45:02','2008-08-05 12:46:31','2005-06-09 12:34:37','2020-11-20 12:20:01'),(9,82,'declined','2000-02-18 08:41:09','2020-11-20 12:20:01','1997-06-26 21:23:11','2020-11-20 12:20:01'),(10,51,'accepted','2018-04-06 11:58:55','2020-11-20 12:20:01','1997-07-11 22:12:58','2020-11-20 12:20:01'),(11,1,'accepted','2012-07-20 12:30:58','2020-11-20 12:20:01','1987-09-20 00:52:01','2020-11-20 12:20:01'),(13,26,'accepted','2006-07-15 19:03:39','2020-11-20 12:20:01','1996-09-12 12:43:46','2020-11-20 12:20:01'),(13,79,'declined','2008-11-17 08:50:56','2020-11-20 12:20:01','2003-09-01 07:30:04','2020-11-20 12:20:01'),(14,20,'declined','1995-01-29 11:40:37','2020-11-20 12:20:01','1989-06-02 14:04:56','2020-11-20 12:20:01'),(14,39,'accepted','2012-11-01 14:17:54','2020-11-20 12:20:01','1984-05-09 01:34:55','2020-11-20 12:20:01'),(14,66,'declined','1977-07-15 21:10:29','2020-11-20 12:20:01','2019-09-17 17:49:47','2020-11-20 12:20:01'),(15,11,'declined','2005-03-29 04:32:23','2020-11-20 12:20:01','1980-10-18 16:34:02','2020-11-20 12:20:01'),(15,14,'waited','1987-12-04 21:12:36','1989-05-13 01:53:12','1975-07-10 18:26:55','2020-11-20 12:20:01'),(16,26,'accepted','1980-08-01 08:30:03','2020-11-20 12:20:01','1990-03-25 07:34:16','2020-11-20 12:20:01'),(16,48,'accepted','2016-02-15 00:06:10','2020-11-20 12:20:01','1984-11-06 12:02:17','2020-11-20 12:20:01'),(17,15,'accepted','2006-09-03 23:26:06','2020-11-20 12:20:01','1979-06-24 09:02:21','2020-11-20 12:20:01'),(17,72,'declined','1987-09-17 08:11:11','2020-11-20 12:20:01','1987-11-20 08:57:54','2020-11-20 12:20:01'),(18,9,'waited','2011-05-19 19:48:54','2011-05-19 19:48:54','1979-02-23 23:31:00','2020-11-20 12:20:01'),(18,35,'declined','2002-12-31 02:25:16','2020-11-20 12:20:01','2006-05-20 03:12:04','2020-11-20 12:20:01'),(19,50,'accepted','2002-06-27 21:10:06','2020-11-20 12:20:01','1978-01-03 21:33:00','2020-11-20 12:20:01'),(19,71,'waited','1997-05-14 18:46:53','1997-05-14 18:46:53','2013-12-07 08:04:33','2020-11-20 12:20:01'),(19,92,'accepted','1985-04-19 20:04:04','2020-11-20 12:20:01','2019-02-25 18:55:34','2020-11-20 12:20:01'),(20,61,'declined','1996-08-22 16:44:23','2020-11-20 12:20:01','1973-01-08 03:42:51','2020-11-20 12:20:01'),(20,80,'waited','2006-10-20 21:22:50','2006-10-20 21:22:50','2005-08-19 22:27:05','2020-11-20 12:20:01'),(22,55,'waited','1977-11-13 16:58:39','2003-12-15 14:54:20','2009-02-01 15:16:26','2020-11-20 12:20:01'),(22,88,'accepted','2012-11-30 05:39:47','2020-11-20 12:20:01','1970-04-22 03:46:30','2020-11-20 12:20:01'),(24,34,'waited','1999-04-25 02:57:28','1999-04-25 02:57:28','1996-12-01 11:24:43','2020-11-20 12:20:01'),(26,43,'accepted','1993-03-01 15:00:11','2020-11-20 12:20:01','1982-08-29 12:17:57','2020-11-20 12:20:01'),(26,98,'waited','2003-09-15 22:25:16','2003-09-15 22:25:16','2019-08-26 16:26:37','2020-11-20 12:20:01'),(27,25,'waited','2001-04-07 16:49:19','2001-04-07 16:49:19','1985-06-13 14:07:37','2020-11-20 12:20:01'),(27,76,'accepted','1997-04-23 15:20:59','2020-11-20 12:20:01','2002-02-14 21:28:20','2020-11-20 12:20:01'),(28,60,'accepted','2020-02-29 04:51:40','2020-11-20 12:20:01','1993-03-01 10:53:15','2020-11-20 12:20:01'),(29,53,'declined','2000-10-21 23:05:29','2020-11-20 12:20:01','2005-07-16 16:15:51','2020-11-20 12:20:01'),(29,58,'waited','1973-01-13 01:57:45','2016-05-22 08:36:57','2016-12-07 20:32:49','2020-11-20 12:20:01'),(30,20,'waited','1976-04-19 14:38:05','2020-07-14 05:21:42','1977-11-18 11:48:49','2020-11-20 12:20:01'),(31,56,'accepted','2017-03-16 20:40:04','2020-11-20 12:20:01','1986-09-30 01:33:00','2020-11-20 12:20:01'),(31,91,'waited','2000-04-02 04:55:35','2000-04-02 04:55:35','2012-11-23 11:18:12','2020-11-20 12:20:01'),(35,90,'declined','2007-01-10 07:30:02','2020-11-20 12:20:01','1982-09-17 16:13:19','2020-11-20 12:20:01'),(36,2,'declined','2013-10-30 09:44:02','2020-11-20 12:20:01','2018-06-02 19:52:11','2020-11-20 12:20:01'),(37,4,'accepted','2009-03-24 13:45:12','2020-11-20 12:20:01','2014-11-25 20:03:50','2020-11-20 12:20:01'),(37,15,'declined','1987-09-25 15:49:52','2020-11-20 12:20:01','1984-12-03 06:41:50','2020-11-20 12:20:01'),(38,83,'accepted','1983-08-27 08:52:31','2020-11-20 12:20:01','1971-01-15 01:49:09','2020-11-20 12:20:01'),(39,12,'declined','2019-10-10 08:34:03','2020-11-20 12:20:01','2015-01-24 09:33:42','2020-11-20 12:20:01'),(40,3,'waited','2020-11-20 07:11:51',NULL,'2020-11-20 07:11:51','2020-11-20 12:20:01'),(41,13,'accepted','2002-07-13 11:17:34','2020-11-20 12:20:01','2009-02-10 13:02:01','2020-11-20 12:20:01'),(41,46,'waited','1980-05-07 17:07:49','1992-06-14 12:31:46','2008-12-26 02:53:46','2020-11-20 12:20:01'),(42,24,'declined','1979-09-26 06:57:03','2020-11-20 12:20:01','2018-08-13 12:49:16','2020-11-20 12:20:01'),(42,38,'waited','2003-09-14 21:22:24','2013-08-30 04:54:29','1970-04-04 10:29:48','2020-11-20 12:20:01'),(42,58,'waited','2005-12-11 05:09:01','2005-12-11 05:09:01','1984-03-20 17:37:55','2020-11-20 12:20:01'),(43,82,'waited','2013-01-11 05:57:30','2013-01-11 05:57:30','2015-10-30 20:12:26','2020-11-20 12:20:01'),(44,99,'waited','2003-07-27 20:28:37','2003-07-27 20:28:37','1982-06-30 20:31:03','2020-11-20 12:20:01'),(46,30,'declined','2007-12-05 05:20:09','2020-11-20 12:20:01','1996-05-26 22:20:56','2020-11-20 12:20:01'),(46,86,'accepted','2014-09-20 19:35:28','2020-11-20 12:20:01','2018-06-29 00:32:04','2020-11-20 12:20:01'),(46,100,'accepted','1977-09-29 17:28:09','2020-11-20 12:20:01','1983-03-27 02:34:14','2020-11-20 12:20:01'),(51,27,'declined','2019-09-05 08:32:24','2020-11-20 12:20:01','1989-02-11 08:00:46','2020-11-20 12:20:01'),(51,38,'accepted','1980-10-22 11:59:30','2020-11-20 12:20:01','1999-07-06 13:39:35','2020-11-20 12:20:01'),(52,31,'declined','1975-11-02 08:49:49','2020-11-20 12:20:01','2007-06-24 18:05:51','2020-11-20 12:20:01'),(53,65,'waited','2011-06-06 06:38:45','2011-06-06 06:38:45','1990-11-21 11:57:26','2020-11-20 12:20:01'),(55,52,'declined','1987-11-30 21:15:54','2020-11-20 12:20:01','2009-11-25 14:09:48','2020-11-20 12:20:01'),(56,31,'accepted','2018-08-17 19:44:39','2020-11-20 12:20:01','1998-03-07 10:40:26','2020-11-20 12:20:01'),(56,42,'waited','1995-09-24 14:22:36','1995-09-24 14:22:36','1982-06-01 00:22:02','2020-11-20 12:20:01'),(57,19,'waited','1981-01-22 03:38:04','1982-08-22 02:18:56','1998-04-10 12:27:04','2020-11-20 12:20:01'),(58,91,'waited','1990-07-15 00:11:32','2016-06-29 08:02:27','1978-07-05 21:05:45','2020-11-20 12:20:01'),(60,72,'declined','1976-04-21 04:04:01','2020-11-20 12:20:01','1989-04-27 04:54:52','2020-11-20 12:20:01'),(61,86,'waited','2018-10-27 00:35:41','2018-10-27 00:35:41','1994-06-25 00:58:51','2020-11-20 12:20:01'),(63,2,'declined','2020-11-20 07:02:57','2020-11-20 12:20:01','2020-11-20 07:02:57','2020-11-20 12:20:01'),(68,52,'waited','2017-11-12 16:33:46','2017-11-12 16:33:46','2006-04-02 20:42:24','2020-11-20 12:20:01'),(69,16,'waited','1992-05-16 18:26:42','1992-05-16 18:26:42','1990-04-29 04:38:58','2020-11-20 12:20:01'),(70,12,'declined','2004-07-19 17:12:35','2020-11-20 12:20:01','1974-05-10 13:55:18','2020-11-20 12:20:01'),(70,94,'accepted','1983-04-29 03:56:45','2020-11-20 12:20:01','2006-06-23 19:16:15','2020-11-20 12:20:01'),(73,37,'waited','1977-04-09 03:12:40','1977-04-09 03:12:40','1987-05-13 14:36:02','2020-11-20 12:20:01'),(74,61,'accepted','2011-07-16 11:40:43','2020-11-20 12:20:01','1992-02-07 10:50:07','2020-11-20 12:20:01'),(75,58,'accepted','1977-08-04 07:43:22','2020-11-20 12:20:01','2006-11-28 01:03:22','2020-11-20 12:20:01'),(82,51,'accepted','2005-03-20 12:37:50','2020-11-20 12:20:01','1996-03-02 07:21:19','2020-11-20 12:20:01'),(85,1,'waited','2008-10-30 01:39:03','2008-10-30 01:39:03','1996-11-27 16:35:09','2020-11-20 12:20:01'),(85,50,'accepted','1982-11-07 12:41:17','2020-11-20 12:20:01','2005-08-23 02:27:06','2020-11-20 12:20:01'),(85,69,'accepted','1971-01-01 16:52:50','2020-11-20 12:20:01','1976-06-04 05:31:41','2020-11-20 12:20:01'),(86,84,'waited','1983-09-03 21:24:07','1985-07-05 05:33:56','2005-06-07 04:50:49','2020-11-20 12:20:01'),(88,96,'declined','2018-02-11 21:33:48','2020-11-20 12:20:01','2010-03-03 03:40:06','2020-11-20 12:20:01'),(90,3,'declined','2010-03-08 13:35:58','2020-11-20 12:20:01','1975-10-29 04:16:55','2020-11-20 12:20:01'),(91,79,'accepted','1979-10-27 05:45:31','2020-11-20 12:20:01','1991-10-07 02:17:48','2020-11-20 07:01:38'),(92,54,'declined','1999-01-04 06:07:17','2020-11-20 12:20:01','1993-09-16 15:13:58','2020-11-20 12:20:01'),(92,93,'waited','1984-01-14 01:30:23','2016-09-03 04:01:48','2015-07-28 01:05:51','2020-11-20 12:20:01'),(92,96,'accepted','1994-01-23 15:56:57','2020-11-20 12:20:01','1983-02-20 23:16:52','2020-11-20 12:20:01'),(95,12,'accepted','1976-10-24 10:54:40','2020-11-20 12:20:01','1994-05-03 22:52:22','2020-11-20 12:20:01'),(95,74,'accepted','1996-01-06 16:01:35','2020-11-20 12:20:01','1998-01-04 15:07:36','2020-11-20 12:20:01'),(96,40,'accepted','1991-10-27 01:12:25','2020-11-20 12:20:01','1973-04-17 02:52:48','2020-11-20 12:20:01'),(98,64,'declined','1999-01-08 18:48:43','2020-11-20 12:20:01','2006-01-18 00:40:32','2020-11-20 12:20:01'),(98,71,'waited','1995-02-07 02:41:32','2005-01-24 04:48:24','2019-05-04 16:40:17','2020-11-20 12:20:01'),(99,28,'waited','2007-02-14 03:53:29','2012-07-10 23:36:51','1985-01-19 18:45:00','2020-11-20 12:20:01'),(100,10,'waited','2014-05-14 23:34:05','2014-05-14 23:34:05','2004-10-25 04:41:17','2020-11-20 12:20:01'),(100,78,'declined','2008-09-03 10:35:37','2020-11-20 12:20:01','2016-05-01 00:20:59','2020-11-20 12:20:01');
/*!40000 ALTER TABLE `contacts` ENABLE KEYS */;
UNLOCK TABLES;
/*!50003 SET @saved_cs_client      = @@character_set_client */ ;
/*!50003 SET @saved_cs_results     = @@character_set_results */ ;
/*!50003 SET @saved_col_connection = @@collation_connection */ ;
/*!50003 SET character_set_client  = utf8mb4 */ ;
/*!50003 SET character_set_results = utf8mb4 */ ;
/*!50003 SET collation_connection  = utf8mb4_0900_ai_ci */ ;
/*!50003 SET @saved_sql_mode       = @@sql_mode */ ;
/*!50003 SET sql_mode              = 'ONLY_FULL_GROUP_BY,STRICT_TRANS_TABLES,NO_ZERO_IN_DATE,NO_ZERO_DATE,ERROR_FOR_DIVISION_BY_ZERO,NO_ENGINE_SUBSTITUTION' */ ;
DELIMITER ;;
/*!50003 CREATE*/ /*!50017 DEFINER=`root`@`localhost`*/ /*!50003 TRIGGER `contact_state_update` BEFORE UPDATE ON `contacts` FOR EACH ROW BEGIN
	IF NEW.state != 'waited' THEN
		SET NEW.accepted_at = NOW();
    END IF;
END */;;
DELIMITER ;
/*!50003 SET sql_mode              = @saved_sql_mode */ ;
/*!50003 SET character_set_client  = @saved_cs_client */ ;
/*!50003 SET character_set_results = @saved_cs_results */ ;
/*!50003 SET collation_connection  = @saved_col_connection */ ;

--
-- Table structure for table `countries`
--

DROP TABLE IF EXISTS `countries`;
/*!40101 SET @saved_cs_client     = @@character_set_client */;
/*!50503 SET character_set_client = utf8mb4 */;
CREATE TABLE `countries` (
  `id` bigint unsigned NOT NULL AUTO_INCREMENT,
  `name` varchar(100) NOT NULL COMMENT 'Название страны',
  `created_at` timestamp NULL DEFAULT CURRENT_TIMESTAMP COMMENT 'Время создания строки',
  `updated_at` timestamp NULL DEFAULT CURRENT_TIMESTAMP ON UPDATE CURRENT_TIMESTAMP COMMENT 'Время обновления строки',
  PRIMARY KEY (`id`),
  UNIQUE KEY `name` (`name`)
) ENGINE=InnoDB AUTO_INCREMENT=101 DEFAULT CHARSET=utf8mb4 COLLATE=utf8mb4_0900_ai_ci COMMENT='Страны';
/*!40101 SET character_set_client = @saved_cs_client */;

--
-- Dumping data for table `countries`
--

LOCK TABLES `countries` WRITE;
/*!40000 ALTER TABLE `countries` DISABLE KEYS */;
INSERT INTO `countries` VALUES (1,'Ecuador','2007-08-26 06:27:26','2007-08-26 06:27:26'),(2,'Maldives','1971-04-30 19:47:48','1977-12-22 03:03:46'),(3,'Libyan Arab Jamahiriya','2010-10-03 07:20:23','2010-10-03 07:20:23'),(4,'Papua New Guinea','1977-04-17 12:28:42','2003-12-01 19:04:11'),(5,'Anguilla','1981-07-01 10:11:00','2010-10-23 01:57:37'),(6,'Cambodia','1982-08-31 14:53:12','1982-08-31 14:53:12'),(7,'Saint Kitts and Nevis','1983-11-12 06:00:17','1983-11-12 06:00:17'),(8,'Hungary','1977-11-27 13:08:29','2006-02-24 14:45:57'),(9,'Syrian Arab Republic','1995-07-28 02:56:04','2000-01-03 06:45:46'),(10,'Sierra Leone','1995-11-23 09:30:11','1995-11-23 09:30:11'),(11,'Yemen','1997-10-30 16:41:17','1997-10-30 16:41:17'),(12,'Finland','1988-07-06 22:21:37','1988-07-06 22:21:37'),(13,'Czech Republic','2008-04-09 05:04:41','2008-04-09 05:04:41'),(14,'Iceland','2003-11-24 12:09:58','2010-05-12 11:06:30'),(15,'South Georgia and the South Sandwich Islands','2000-05-08 07:15:08','2000-05-08 07:15:08'),(16,'Panama','2013-02-25 00:58:08','2013-02-25 00:58:08'),(17,'Montserrat','1990-05-24 21:22:52','2005-06-09 01:51:07'),(18,'Bahamas','1997-03-07 21:26:30','1997-03-07 21:26:30'),(19,'Cuba','1981-03-16 15:02:38','2006-02-17 07:03:43'),(20,'Poland','2014-09-21 08:56:40','2014-09-21 08:56:40'),(21,'Montenegro','1999-04-09 04:46:35','1999-04-09 04:46:35'),(22,'Israel','1983-10-14 12:29:32','1988-01-04 17:39:12'),(23,'American Samoa','1999-07-25 02:02:01','2019-06-23 12:17:37'),(24,'Northern Mariana Islands','1994-09-24 20:19:23','1994-09-24 20:19:23'),(25,'French Southern Territories','1994-07-27 17:58:15','2009-02-14 02:46:27'),(26,'Mongolia','1977-12-08 18:31:50','2010-10-27 21:29:01'),(27,'Svalbard & Jan Mayen Islands','1975-11-06 21:12:23','1997-06-24 20:07:50'),(28,'Ghana','1992-04-29 15:06:40','2017-05-26 01:42:23'),(29,'Guinea','1998-08-02 12:38:30','1998-08-02 12:38:30'),(30,'Fiji','2002-07-06 06:24:51','2007-04-23 23:01:55'),(31,'Bangladesh','1992-07-25 20:53:32','2015-07-08 09:17:54'),(32,'Nepal','1972-03-05 16:57:30','1978-04-22 15:28:59'),(33,'South Africa','1989-02-07 23:11:26','2001-04-18 06:43:37'),(34,'Bolivia','1987-12-31 10:23:11','2018-08-16 09:44:49'),(35,'Togo','2005-10-16 13:27:22','2005-10-16 13:27:22'),(36,'Brunei Darussalam','2017-08-14 15:11:03','2017-08-14 15:11:03'),(37,'Saudi Arabia','1986-02-08 07:32:03','1986-02-08 07:32:03'),(38,'Oman','1984-02-13 22:01:39','2001-04-25 13:24:14'),(39,'Sao Tome and Principe','2009-01-16 12:49:36','2009-01-16 12:49:36'),(40,'Bouvet Island (Bouvetoya)','1998-08-30 08:25:14','1998-08-30 08:25:14'),(41,'Gibraltar','1970-06-28 03:48:40','1977-11-03 13:56:06'),(42,'Botswana','2001-09-16 11:22:20','2001-09-16 11:22:20'),(43,'Eritrea','1972-10-18 19:52:32','1972-10-18 19:52:32'),(44,'New Zealand','2012-05-13 23:05:32','2014-06-10 20:44:00'),(45,'Mexico','1992-08-02 08:19:29','1992-08-02 08:19:29'),(46,'Comoros','1997-05-05 14:34:09','2012-05-14 03:15:27'),(47,'Andorra','2010-08-21 12:39:56','2010-08-21 12:39:56'),(48,'Jersey','1998-12-11 12:50:32','1998-12-11 12:50:32'),(49,'San Marino','2001-02-08 11:35:18','2001-02-08 11:35:18'),(50,'Congo','2003-01-24 17:36:51','2009-07-15 10:45:35'),(51,'Aruba','1985-03-21 18:24:14','1990-01-17 23:46:38'),(52,'Guadeloupe','1970-10-05 08:43:52','2000-09-08 11:27:47'),(53,'Singapore','1982-10-29 18:50:15','1982-10-29 18:50:15'),(54,'Lebanon','1987-10-28 11:18:02','1989-04-17 11:44:30'),(55,'Korea','1978-09-13 14:14:02','2012-10-13 07:10:02'),(56,'Netherlands','1974-10-14 21:49:50','2000-12-28 22:51:36'),(57,'Egypt','1985-12-27 11:21:06','1994-11-17 03:04:33'),(58,'Luxembourg','1988-02-21 05:38:18','1988-02-21 05:38:18'),(59,'Namibia','1988-05-13 01:28:19','2011-11-27 13:35:48'),(60,'Saint Helena','1986-04-02 20:02:11','1989-01-22 11:48:28'),(61,'Greece','1990-02-28 00:41:21','1990-04-25 07:31:14'),(62,'Malta','1992-11-08 06:44:24','1992-11-08 06:44:24'),(63,'Marshall Islands','1981-06-30 02:36:51','2020-08-22 18:22:21'),(64,'Lithuania','1999-09-08 19:40:10','2019-12-12 16:31:43'),(65,'United Arab Emirates','1972-11-24 09:07:36','2010-12-22 01:18:22'),(66,'Iran','1988-08-24 11:26:58','1998-07-14 11:59:33'),(67,'Guyana','1990-11-09 15:03:51','1990-11-09 15:03:51'),(68,'Tajikistan','1970-09-20 04:12:33','2001-10-18 19:07:10'),(69,'Norway','2008-05-09 06:51:43','2012-11-13 19:17:29'),(70,'Faroe Islands','2017-08-14 16:26:26','2017-08-14 16:26:26'),(71,'Cayman Islands','1972-08-06 00:44:09','1981-01-20 16:42:08'),(72,'Iraq','1985-02-22 14:58:13','2016-08-03 20:33:00'),(73,'Serbia','2000-05-30 00:37:12','2004-11-29 00:51:09'),(74,'Swaziland','1997-03-30 22:28:22','2004-07-06 22:13:14'),(75,'New Caledonia','1982-10-27 07:02:58','2009-01-27 16:21:29'),(76,'Zambia','2003-06-04 18:15:18','2003-06-04 18:15:18'),(77,'Honduras','1971-07-12 23:57:45','1979-07-23 03:47:05'),(78,'Grenada','1988-10-10 19:33:25','2010-12-30 14:33:12'),(79,'United States Virgin Islands','2018-12-20 03:15:37','2018-12-20 03:15:37'),(80,'Somalia','2003-09-22 22:07:18','2019-01-06 23:12:34'),(81,'Equatorial Guinea','1986-12-11 04:27:37','2017-04-04 06:21:25'),(82,'Antigua and Barbuda','2014-09-01 00:06:44','2014-09-01 00:06:44'),(83,'Nauru','1998-01-29 19:45:48','2007-07-28 12:13:41'),(84,'Nicaragua','1981-08-21 15:57:32','1981-08-21 15:57:32'),(85,'Antarctica (the territory South of 60 deg S)','1986-02-19 08:53:47','1986-02-19 08:53:47'),(86,'Palau','2018-07-20 07:11:16','2018-07-20 07:11:16'),(87,'Holy See (Vatican City State)','1975-08-19 18:29:06','2001-11-15 18:04:26'),(88,'El Salvador','1970-02-13 04:15:52','1979-01-25 19:32:04'),(89,'Djibouti','1988-06-19 17:57:15','1990-10-13 02:09:46'),(90,'United States Minor Outlying Islands','1970-10-16 05:29:05','1979-05-31 16:29:41'),(91,'Wallis and Futuna','2003-09-06 06:33:20','2003-09-06 06:33:20'),(92,'Slovenia','2012-11-30 03:42:32','2012-11-30 03:42:32'),(93,'Denmark','1982-08-02 09:03:59','1997-10-28 21:19:22'),(94,'France','2016-11-04 19:37:40','2016-11-04 19:37:40'),(95,'Lao People\'s Democratic Republic','2002-07-16 03:56:04','2004-02-11 21:56:31'),(96,'Sudan','2005-11-04 19:12:41','2005-11-04 19:12:41'),(97,'Macao','1982-06-23 06:46:09','1982-06-23 06:46:09'),(98,'Vietnam','1974-01-25 05:18:56','1974-12-05 17:03:02'),(99,'Portugal','2011-02-01 00:07:24','2011-02-01 00:07:24'),(100,'Reunion','2001-12-23 21:05:02','2001-12-23 21:05:02');
/*!40000 ALTER TABLE `countries` ENABLE KEYS */;
UNLOCK TABLES;

--
-- Table structure for table `emploee_profiles`
--

DROP TABLE IF EXISTS `emploee_profiles`;
/*!40101 SET @saved_cs_client     = @@character_set_client */;
/*!50503 SET character_set_client = utf8mb4 */;
CREATE TABLE `emploee_profiles` (
  `id` bigint unsigned NOT NULL COMMENT 'Идентификатор строки',
  `gender` enum('f','m') NOT NULL COMMENT 'Пол',
  `birthday` date DEFAULT NULL COMMENT 'Дата рождения',
  `city_id` bigint unsigned DEFAULT NULL COMMENT 'Ссылка на город проживания',
  `created_at` timestamp NOT NULL DEFAULT CURRENT_TIMESTAMP COMMENT 'Время создания строки',
  `updated_at` timestamp NULL DEFAULT CURRENT_TIMESTAMP ON UPDATE CURRENT_TIMESTAMP COMMENT 'Время обновления строки',
  KEY `emploees_profile_id_fk` (`id`),
  KEY `emploees_profile_city_id_fk` (`city_id`),
  CONSTRAINT `emploees_profile_city_id_fk` FOREIGN KEY (`city_id`) REFERENCES `cities` (`id`),
  CONSTRAINT `emploees_profile_id_fk` FOREIGN KEY (`id`) REFERENCES `emploees` (`id`) ON DELETE CASCADE
) ENGINE=InnoDB DEFAULT CHARSET=utf8mb4 COLLATE=utf8mb4_0900_ai_ci COMMENT='Профили работников';
/*!40101 SET character_set_client = @saved_cs_client */;

--
-- Dumping data for table `emploee_profiles`
--

LOCK TABLES `emploee_profiles` WRITE;
/*!40000 ALTER TABLE `emploee_profiles` DISABLE KEYS */;
INSERT INTO `emploee_profiles` VALUES (1,'m','1993-08-14',NULL,'1989-02-26 16:41:08','2020-11-20 07:21:43'),(2,'m','2003-09-11',NULL,'1978-11-11 22:19:50','2020-11-20 07:21:43'),(3,'m','1985-02-13',NULL,'1986-05-07 15:21:37','2020-11-20 07:21:43'),(4,'f','2000-09-06',65,'1999-05-12 14:56:28','2020-11-19 14:18:56'),(5,'m',NULL,15,'1995-05-07 00:23:20','2020-11-20 07:20:49'),(6,'m','2012-08-05',83,'2012-10-20 16:39:19','2020-11-19 14:18:56'),(7,'f',NULL,NULL,'1974-07-17 13:20:42','2020-11-20 07:21:43'),(8,'f','1987-05-14',92,'2019-08-06 17:30:57','2020-11-19 14:18:56'),(9,'f','1993-08-26',NULL,'1971-03-06 12:30:12','2020-11-20 07:21:43'),(10,'f','1995-01-24',3,'2016-11-10 05:16:00','2020-11-19 14:18:56'),(11,'f','2007-08-22',47,'2017-04-08 23:25:29','2020-11-19 14:18:56'),(12,'f','1991-03-08',24,'2006-04-06 18:48:45','2020-11-19 14:18:56'),(13,'f','1998-12-27',80,'1992-01-30 05:37:38','2020-11-19 14:18:56'),(14,'f','2014-09-06',25,'2013-04-02 10:32:51','2020-11-19 14:18:56'),(15,'m','1993-01-30',86,'2012-05-21 16:18:52','2020-11-19 14:18:56'),(16,'f','1981-08-12',54,'2010-03-27 15:10:32','2020-11-19 14:18:56'),(17,'m','2008-07-12',NULL,'1986-10-03 15:55:51','2020-11-20 07:21:43'),(18,'f','2012-08-17',98,'1996-09-05 08:29:43','2020-11-19 14:18:56'),(19,'m','1999-06-08',52,'1997-02-11 15:04:14','2020-11-19 14:18:56'),(20,'m','2019-03-17',NULL,'1981-03-02 08:51:33','2020-11-20 07:21:43'),(21,'m','1996-11-30',65,'1992-01-30 18:44:35','2020-11-19 14:18:56'),(22,'f','1985-06-14',34,'2009-07-06 15:55:22','2020-11-19 14:18:56'),(23,'m','2014-09-29',75,'2008-04-03 02:05:32','2020-11-19 14:18:56'),(24,'f','2011-05-31',71,'2017-02-18 03:33:03','2020-11-19 14:18:56'),(25,'m','1989-04-17',NULL,'1988-10-22 10:59:07','2020-11-20 07:21:43'),(26,'m','1994-02-02',33,'2017-08-01 05:28:29','2020-11-19 14:18:56'),(27,'f','1981-03-29',NULL,'1970-11-03 16:45:27','2020-11-20 07:21:43'),(28,'f','1982-09-04',83,'2020-08-14 00:04:46','2020-11-19 14:18:56'),(29,'f','1981-12-08',NULL,'1976-03-20 14:39:56','2020-11-20 07:21:43'),(30,'f',NULL,NULL,'1985-09-10 10:08:57','2020-11-20 07:21:43'),(31,'f','2015-01-22',43,'1994-08-22 21:49:31','2020-11-19 14:18:56'),(32,'f','2020-10-16',NULL,'1977-03-25 08:34:23','2020-11-20 07:21:43'),(33,'f','1985-07-25',NULL,'1977-06-09 04:42:27','2020-11-20 07:21:43'),(34,'m','1982-06-08',56,'2008-07-27 06:15:44','2020-11-19 14:18:56'),(35,'m','1994-06-04',NULL,'1976-05-08 19:26:41','2020-11-20 07:21:43'),(36,'m','1981-10-17',NULL,'1977-09-13 05:47:53','2020-11-20 07:21:43'),(37,'f','2015-12-30',19,'2008-01-27 04:52:16','2020-11-19 14:18:56'),(38,'m',NULL,67,'2005-10-19 17:47:47','2020-11-20 07:20:49'),(39,'m','2017-11-18',77,'1996-11-03 05:01:47','2020-11-19 14:18:56'),(40,'m','2008-08-05',85,'1995-11-06 07:48:32','2020-11-19 14:18:56'),(41,'f','1998-03-09',NULL,'1987-09-08 19:52:44','2020-11-20 07:21:43'),(42,'f','2013-02-19',1,'1990-10-04 18:29:06','2020-11-19 14:18:56'),(43,'f','2010-10-27',31,'2015-09-17 15:05:26','2020-11-19 14:18:56'),(44,'f','2007-07-13',51,'1992-12-21 19:54:34','2020-11-19 14:18:56'),(45,'f',NULL,60,'2009-01-30 05:50:54','2020-11-20 07:20:49'),(46,'m','2014-06-19',NULL,'1984-09-05 13:04:21','2020-11-20 07:21:43'),(47,'m','1983-02-05',NULL,'1986-09-22 02:32:13','2020-11-20 07:21:43'),(48,'f','1981-07-30',NULL,'1988-07-28 10:04:43','2020-11-20 07:21:43'),(49,'m','1989-04-05',7,'1995-06-17 17:04:30','2020-11-19 14:18:56'),(50,'f','2009-02-09',30,'1994-03-09 16:14:46','2020-11-19 14:18:56'),(51,'f','2015-09-16',NULL,'1985-03-18 18:06:31','2020-11-20 07:21:43'),(52,'f','2003-11-12',58,'2018-01-13 15:55:08','2020-11-19 14:18:56'),(53,'m','2005-01-08',98,'2017-03-05 22:58:08','2020-11-19 14:18:56'),(54,'f','1995-02-09',17,'2002-05-29 19:34:15','2020-11-19 14:18:56'),(55,'f','1982-07-31',89,'1996-12-05 07:23:54','2020-11-19 14:18:56'),(56,'f',NULL,NULL,'1975-12-18 03:36:30','2020-11-20 07:21:43'),(57,'m','2011-07-03',NULL,'1978-04-01 11:37:57','2020-11-20 07:21:43'),(58,'m',NULL,64,'1991-06-08 09:32:29','2020-11-20 07:20:49'),(59,'m','1996-12-31',88,'2014-06-14 19:57:24','2020-11-19 14:18:56'),(60,'f','2018-10-01',NULL,'1977-10-24 07:37:56','2020-11-20 07:21:43'),(61,'m',NULL,80,'2003-06-24 12:02:03','2020-11-20 07:20:49'),(62,'m','2015-11-27',53,'2019-11-28 03:37:14','2020-11-19 14:18:56'),(63,'m',NULL,23,'1994-03-04 17:18:44','2020-11-20 07:20:49'),(64,'f','1986-11-04',56,'2007-01-05 12:43:42','2020-11-19 14:18:56'),(65,'f','2004-07-31',10,'1998-08-23 14:06:55','2020-11-19 14:18:56'),(66,'m','1996-03-16',NULL,'1982-12-09 16:20:15','2020-11-20 07:21:43'),(67,'f','1992-01-25',NULL,'1971-06-17 04:48:18','2020-11-20 07:21:43'),(68,'m',NULL,20,'2015-03-21 10:40:57','2020-11-20 07:20:49'),(69,'f','1991-11-08',NULL,'1971-08-17 05:09:41','2020-11-20 07:21:43'),(70,'f','1994-05-05',NULL,'1989-06-08 10:11:37','2020-11-20 07:21:43'),(71,'f',NULL,82,'2011-03-25 00:46:23','2020-11-20 07:20:49'),(72,'m','2005-04-06',74,'1990-05-02 21:37:48','2020-11-19 14:18:56'),(73,'f','2020-05-16',25,'1996-01-20 18:28:07','2020-11-19 14:18:56'),(74,'m','1995-03-06',1,'1991-12-15 07:46:49','2020-11-19 14:18:56'),(75,'f','2013-04-23',31,'1999-10-02 02:32:34','2020-11-19 14:18:56'),(76,'m',NULL,53,'1993-07-24 15:48:19','2020-11-20 07:20:49'),(77,'f','1999-04-08',68,'2020-10-14 12:39:08','2020-11-19 14:18:56'),(78,'f','1999-11-03',83,'2000-12-26 23:04:42','2020-11-19 14:18:56'),(79,'m','2010-05-17',NULL,'1975-07-12 11:20:43','2020-11-20 07:21:43'),(80,'f','1982-04-25',NULL,'1985-08-21 09:07:03','2020-11-20 07:21:43'),(81,'m','2019-12-22',67,'2019-04-06 03:52:57','2020-11-19 14:18:56'),(82,'m','2014-03-15',36,'1992-05-10 22:05:32','2020-11-19 14:18:56'),(83,'m','1984-01-04',80,'2004-08-13 09:43:50','2020-11-19 14:18:56'),(84,'m','1986-06-21',NULL,'1988-02-17 06:29:50','2020-11-20 07:21:43'),(85,'f','1984-02-12',14,'2012-12-31 08:21:56','2020-11-19 14:18:56'),(86,'f','1984-06-07',96,'2007-10-18 18:25:19','2020-11-19 14:18:56'),(87,'f','1983-03-26',NULL,'1988-01-24 08:48:25','2020-11-20 07:21:43'),(88,'f','1986-02-21',4,'2016-05-12 19:07:01','2020-11-19 14:18:56'),(89,'m','1991-05-21',NULL,'1979-06-07 01:49:13','2020-11-20 07:21:43'),(90,'f','2013-01-24',NULL,'1985-01-05 00:55:46','2020-11-20 07:21:43'),(91,'m','2015-01-13',43,'1998-07-21 03:59:02','2020-11-19 14:18:56'),(92,'f',NULL,NULL,'1972-11-03 02:24:59','2020-11-20 07:21:43'),(93,'f','2003-05-23',65,'1993-06-21 23:55:39','2020-11-19 14:18:56'),(94,'m',NULL,NULL,'1985-07-29 09:36:32','2020-11-20 07:21:43'),(95,'m','1983-06-12',39,'2002-09-22 15:22:31','2020-11-19 14:18:56'),(96,'f','2019-08-07',36,'1997-10-28 02:57:16','2020-11-19 14:18:56'),(98,'m',NULL,100,'2010-03-03 18:16:16','2020-11-20 07:20:49'),(99,'f',NULL,NULL,'1984-10-01 09:31:21','2020-11-20 07:21:43'),(100,'m','2017-10-18',75,'1999-11-07 16:40:09','2020-11-19 14:18:56');
/*!40000 ALTER TABLE `emploee_profiles` ENABLE KEYS */;
UNLOCK TABLES;

--
-- Table structure for table `emploees`
--

DROP TABLE IF EXISTS `emploees`;
/*!40101 SET @saved_cs_client     = @@character_set_client */;
/*!50503 SET character_set_client = utf8mb4 */;
CREATE TABLE `emploees` (
  `id` bigint unsigned NOT NULL AUTO_INCREMENT,
  `first_name` varchar(50) NOT NULL COMMENT 'Имя пользователя',
  `last_name` varchar(50) NOT NULL COMMENT 'Фамилия пользователя',
  `email` varchar(50) NOT NULL COMMENT 'Почта',
  `phone` varchar(50) NOT NULL COMMENT 'Телефон',
  `created_at` timestamp NOT NULL DEFAULT CURRENT_TIMESTAMP COMMENT 'Время создания строки',
  `updated_at` timestamp NULL DEFAULT CURRENT_TIMESTAMP ON UPDATE CURRENT_TIMESTAMP COMMENT 'Время обновления строки',
  PRIMARY KEY (`id`),
  UNIQUE KEY `email` (`email`),
  UNIQUE KEY `phone` (`phone`)
) ENGINE=InnoDB AUTO_INCREMENT=101 DEFAULT CHARSET=utf8mb4 COLLATE=utf8mb4_0900_ai_ci COMMENT='Работников';
/*!40101 SET character_set_client = @saved_cs_client */;

--
-- Dumping data for table `emploees`
--

LOCK TABLES `emploees` WRITE;
/*!40000 ALTER TABLE `emploees` DISABLE KEYS */;
INSERT INTO `emploees` VALUES (1,'Violet','McDermott','dakota53@example.org','(837)752-6192x923','1983-05-20 11:27:48','1983-05-20 11:27:48'),(2,'Elfrieda','King','nitzsche.filiberto@example.com','1-865-332-9053x15994','2000-05-09 22:39:58','2000-05-09 22:39:58'),(3,'Lazaro','Boyle','pkertzmann@example.net','1-577-960-9095','1985-01-16 01:18:10','2003-01-07 06:09:03'),(4,'Kiarra','Prohaska','dalton.witting@example.org','(242)331-0706','1973-11-18 20:42:40','1976-06-03 18:23:34'),(5,'Trent','Swaniawski','o\'conner.benjamin@example.org','(040)245-6957','2009-08-06 21:28:34','2009-08-06 21:28:34'),(6,'Alda','Kunde','oquitzon@example.org','458-594-8877x3899','1995-07-27 04:21:20','2016-02-14 08:51:45'),(7,'Jaida','Will','bhackett@example.org','(955)625-8415x45378','1978-08-17 14:12:00','1978-08-17 14:12:00'),(8,'Raleigh','Harvey','aufderhar.deon@example.net','073.783.2591','2019-07-25 00:56:45','2019-07-25 00:56:45'),(9,'Elissa','Rowe','ova.blanda@example.org','394-403-4014x2102','1996-12-16 15:42:16','2011-12-28 06:57:50'),(10,'Frances','Leffler','moen.earl@example.com','09666947630','1981-05-09 11:25:22','1996-08-05 03:52:34'),(11,'Isom','Stiedemann','emmerich.verna@example.org','+15(9)8089379594','2000-03-19 04:01:16','2010-03-15 00:19:29'),(12,'Dejuan','Ullrich','tate56@example.org','795.822.8265x24062','1976-04-18 04:00:37','2000-04-11 22:12:34'),(13,'Beaulah','Roob','dave.kemmer@example.org','503-503-9729x2935','1993-10-28 04:46:11','1995-12-31 19:28:55'),(14,'Peyton','Nolan','vpaucek@example.org','996-694-5548x512','2003-12-02 03:26:16','2003-12-02 03:26:16'),(15,'Pamela','Larkin','gmayer@example.org','(829)319-4136x80526','2005-03-02 16:43:46','2015-01-03 19:20:37'),(16,'Jane','Thompson','vgottlieb@example.net','297.245.0787','1991-01-03 11:39:39','2009-05-21 13:49:44'),(17,'Skylar','Gottlieb','tromp.leone@example.org','803-677-9562x69678','1999-10-22 19:03:56','1999-10-22 19:03:56'),(18,'Verla','Gulgowski','bridget80@example.org','1-793-658-0093','1989-09-21 06:54:33','1989-09-21 06:54:33'),(19,'Ewald','Kulas','nader.roxane@example.net','(543)264-7068','2014-09-11 00:59:05','2014-09-11 00:59:05'),(20,'Mona','Considine','mollie63@example.org','478.852.2740','1992-12-14 01:39:01','1994-07-24 20:26:49'),(21,'Irwin','Langosh','freddy.kunze@example.org','+12(5)7632635028','1971-04-21 00:31:36','2002-05-11 05:34:55'),(22,'Dwight','Ebert','rstark@example.org','1-139-017-6883','2017-08-27 13:12:45','2017-08-27 13:12:45'),(23,'Kane','Mitchell','wehner.melyssa@example.net','1-890-883-9834','2016-04-10 01:08:31','2016-04-10 01:08:31'),(24,'Zachary','Kshlerin','mccullough.annette@example.com','+31(3)2114588079','1992-09-30 13:47:06','2000-06-16 00:41:08'),(25,'Cesar','Veum','patience.aufderhar@example.net','309.925.5077x49135','1991-11-16 11:24:02','2014-04-19 08:43:14'),(26,'Marcelo','Jenkins','khane@example.com','424.511.9974','1989-05-31 04:06:30','1991-04-15 15:47:40'),(27,'Eleazar','Blick','retha.hackett@example.org','+62(2)3407330543','2013-11-02 21:34:13','2020-03-11 15:47:17'),(28,'Verona','Abbott','tyree.berge@example.org','890-333-8822x90961','2013-10-16 01:42:41','2013-10-16 01:42:41'),(29,'Everett','Welch','emiliano.sanford@example.net','(934)657-2380x4823','1993-05-01 21:16:54','2008-07-18 11:21:19'),(30,'Rhiannon','Marquardt','michel.mayer@example.com','625-108-0337x91580','2007-11-29 12:23:53','2007-11-29 12:23:53'),(31,'Haylie','Kovacek','norwood66@example.org','168-011-8122x886','1988-03-28 15:32:28','1988-03-28 15:32:28'),(32,'Katrine','Kuhn','jorge57@example.net','(768)787-0778','1991-12-05 19:47:21','1991-12-05 19:47:21'),(33,'Carli','Stamm','koepp.maxine@example.com','+00(5)0198884942','2003-01-13 08:27:43','2003-01-13 08:27:43'),(34,'Cydney','Rodriguez','tklocko@example.net','1-062-759-7367','1991-04-03 10:41:12','2008-03-09 23:00:07'),(35,'Nicholas','Kovacek','uwaters@example.org','(733)996-5400x878','1975-06-05 19:05:14','2001-05-20 03:56:21'),(36,'Pamela','Langworth','abbie98@example.org','990-421-4838x354','1974-05-17 15:53:23','2003-03-10 10:12:08'),(37,'Clarissa','Heidenreich','alexa67@example.com','(318)236-3335x3169','1986-07-06 06:45:09','1986-07-06 06:45:09'),(38,'Emerald','Stracke','vandervort.esmeralda@example.net','358-027-9328x132','1980-10-20 18:34:10','1991-05-31 07:34:31'),(39,'Abel','Padberg','jack89@example.org','1-827-006-6704x236','2016-11-03 23:05:56','2016-12-17 02:39:14'),(40,'Shaniya','Ernser','maximo.green@example.org','826-693-8694','1996-06-08 03:07:47','1996-06-08 03:07:47'),(41,'Whitney','White','bberge@example.net','624.010.1948x7223','1985-01-02 12:20:20','1997-07-30 21:55:10'),(42,'Trinity','Stanton','fhowell@example.com','362-258-6761x88205','1998-10-11 20:17:01','2007-10-09 13:57:03'),(43,'Brook','Pfeffer','smith.alexane@example.com','02412574758','1991-09-26 22:16:16','2001-05-01 10:27:55'),(44,'Edythe','Pfeffer','green.ayla@example.com','771.779.2828','1994-06-17 20:04:47','1994-06-17 20:04:47'),(45,'Barry','Kemmer','jtreutel@example.net','1-133-450-6997','1973-05-03 22:09:37','2013-11-01 11:07:26'),(46,'Burley','Ankunding','gerard61@example.net','629-535-2718x76352','2020-04-07 19:49:15','2020-04-07 19:49:15'),(47,'Sophie','Larkin','katlyn04@example.com','788-770-5115x56539','1975-01-19 03:03:05','1988-11-20 00:55:32'),(48,'Jack','Wiza','ayden33@example.com','466.041.2410x5200','1976-11-22 07:39:34','1994-11-06 00:16:20'),(49,'Efren','King','crooks.donny@example.org','+33(1)0195772539','1978-07-17 05:42:49','2018-06-26 22:50:36'),(50,'Leo','Kshlerin','daniel.ezra@example.net','227-462-4221x561','1985-12-17 08:39:29','2004-08-29 08:58:42'),(51,'Alexandria','Cummings','hartmann.savanah@example.net','1-443-393-5315x6660','1996-08-16 03:10:50','1997-05-22 00:14:42'),(52,'Delilah','Gulgowski','kraig.mckenzie@example.org','732.401.0146x72876','2003-11-25 13:32:02','2003-11-25 13:32:02'),(53,'Katherine','Beatty','ernest19@example.com','1-672-560-1408x620','1995-06-23 14:23:43','2010-07-22 08:25:33'),(54,'Xzavier','McClure','mabernathy@example.com','(164)398-8527x28868','1981-12-29 21:56:15','1981-12-29 21:56:15'),(55,'Mozell','Wuckert','qlittle@example.com','(987)038-8879','2014-03-08 17:22:13','2015-03-31 03:19:10'),(56,'Wiley','Emard','elvis.fisher@example.net','(682)207-4302','1993-08-30 23:13:00','2010-12-20 16:13:36'),(57,'Eleanora','Haag','zschiller@example.net','353.248.8917','1977-11-14 09:25:47','1978-01-09 06:44:41'),(58,'Mitchel','Hansen','aking@example.org','1-751-124-3245x1334','1975-06-07 20:33:37','2003-10-18 19:37:04'),(59,'Carli','Hahn','purdy.jacques@example.org','135.866.2052x12456','1990-01-26 00:51:37','1990-01-26 00:51:37'),(60,'Howard','Monahan','fahey.renee@example.net','1-174-441-0709x9751','1999-12-18 09:54:06','1999-12-18 09:54:06'),(61,'Rosie','Schultz','efritsch@example.net','1-259-220-4157x6931','2007-08-18 13:44:42','2007-08-18 13:44:42'),(62,'Alison','Sporer','ray.lakin@example.net','1-817-848-7615x8512','2007-07-22 10:27:52','2007-07-22 10:27:52'),(63,'Alessandro','Hilpert','leta96@example.com','292-839-4691','1980-07-12 07:24:33','1988-10-08 07:35:21'),(64,'Quincy','Lueilwitz','leonie.barton@example.com','1-765-525-6192x3743','2017-09-24 02:53:41','2017-09-24 02:53:41'),(65,'Dina','Gleason','ukrajcik@example.com','597.789.3513x2929','1985-09-17 07:32:52','2008-10-11 03:45:16'),(66,'Melisa','Friesen','yasmine.hermiston@example.net','050.027.4867x246','1970-08-01 12:10:32','2010-07-12 20:36:45'),(67,'Aracely','Gottlieb','ygrady@example.net','(205)358-8949x3608','2014-02-19 20:26:07','2014-02-19 20:26:07'),(68,'Percival','Bashirian','pouros.graciela@example.com','1-357-607-1680x68838','2015-06-25 02:02:51','2015-06-25 02:02:51'),(69,'Keven','Brekke','dzulauf@example.net','020.564.0964','2005-10-21 18:12:30','2005-10-21 18:12:30'),(70,'Adrain','Schulist','sking@example.net','994.390.3733x905','1996-12-25 18:36:15','2002-12-17 11:51:24'),(71,'Cornelius','Hansen','jordon.glover@example.net','(325)279-1406','2005-11-23 13:53:21','2005-11-23 13:53:21'),(72,'Alessia','Terry','christop00@example.com','699-174-0761x0547','1982-12-01 01:45:17','1982-12-01 01:45:17'),(73,'Pierre','Grant','katrina.o\'kon@example.net','1-038-973-2596x90911','1972-01-17 16:35:08','1990-04-11 01:25:02'),(74,'Maryse','Satterfield','abigail16@example.org','746-317-6353x472','1978-09-28 09:41:41','1981-11-30 13:04:25'),(75,'Shane','Torp','jdicki@example.net','(614)034-8376x814','1996-04-21 19:29:28','2009-09-09 19:56:10'),(76,'Thaddeus','McKenzie','jesse89@example.net','1-710-281-8947x0598','2000-10-07 04:03:39','2000-10-07 04:03:39'),(77,'Hermina','Lemke','joaquin67@example.net','844-973-9624','2011-06-21 10:30:58','2011-06-21 10:30:58'),(78,'Sterling','Hayes','mitchell.bernita@example.com','723.416.6287x74523','1984-12-02 01:24:59','2005-09-08 01:39:55'),(79,'Donavon','Dicki','mratke@example.net','551.216.2962x5841','1974-06-11 15:51:53','2020-08-31 18:35:58'),(80,'Jayde','Bailey','jaskolski.garth@example.net','115.888.1482x48535','1990-08-28 09:03:52','2008-07-08 23:49:36'),(81,'Tyree','Parisian','jaren.brown@example.com','300-865-6430','2008-12-13 11:27:55','2008-12-13 11:27:55'),(82,'Buster','Kohler','ijohnston@example.org','(112)320-1354','2001-10-08 12:59:16','2001-10-08 12:59:16'),(83,'Kiarra','Collier','hayes.juliana@example.org','919-679-0859','1997-01-29 21:18:21','1997-01-29 21:18:21'),(84,'Ethan','Hyatt','lockman.simone@example.net','(896)954-2888','1980-01-20 04:17:37','2017-11-09 16:27:32'),(85,'Ashton','Flatley','sbednar@example.org','+12(1)6356756079','2007-08-06 13:07:36','2007-08-06 13:07:36'),(86,'Alek','Botsford','lorenz.fritsch@example.net','(479)129-8504x549','2001-05-05 02:08:38','2001-05-05 02:08:38'),(87,'Rosalee','Bartoletti','john55@example.org','(723)659-3158','2002-05-28 10:08:33','2002-05-28 10:08:33'),(88,'Clara','Baumbach','catherine.hilpert@example.com','716.443.4466x2367','1971-08-11 02:33:28','2020-08-02 11:56:25'),(89,'Herminia','Little','ckuhn@example.org','(511)143-5452x4757','2007-05-29 19:02:23','2007-05-29 19:02:23'),(90,'Wayne','Mayert','mario63@example.com','255.040.3927','2006-04-01 00:31:17','2006-04-01 00:31:17'),(91,'Jarrell','Hand','abshire.effie@example.com','1-293-570-6061x424','1977-03-05 12:04:46','2001-07-22 11:53:40'),(92,'Breana','Kohler','rutherford.osborne@example.org','1-818-928-0059','2017-08-20 15:10:55','2017-08-20 15:10:55'),(93,'Nathan','Gleason','easter53@example.com','137-459-8516x021','2006-03-09 00:54:05','2006-03-09 00:54:05'),(94,'Alexander','Konopelski','dallin.oberbrunner@example.net','358.099.7555','1990-03-04 05:16:50','1998-11-01 23:03:18'),(95,'Javier','Bode','conroy.tony@example.com','461-164-0956x7523','1986-11-05 19:34:28','1986-11-05 19:34:28'),(96,'Mohammad','Crooks','brigitte70@example.com','(137)132-8421x14481','1996-06-27 22:57:46','1996-06-27 22:57:46'),(97,'Vicky','Gibson','uboehm@example.com','208-468-2936x6458','2001-07-06 07:34:55','2014-06-18 20:27:36'),(98,'Ignacio','O\'Kon','earl88@example.com','858.157.2658x5779','2018-07-20 09:42:28','2018-07-20 09:42:28'),(99,'Mertie','Romaguera','hipolito.ryan@example.org','543.727.0525x68395','1988-01-10 03:44:47','1988-01-10 03:44:47'),(100,'Levi','Mitchell','stone31@example.com','1-364-212-0833','1994-11-05 13:15:33','1994-11-05 13:15:33');
/*!40000 ALTER TABLE `emploees` ENABLE KEYS */;
UNLOCK TABLES;

--
-- Table structure for table `emploees_messages`
--

DROP TABLE IF EXISTS `emploees_messages`;
/*!40101 SET @saved_cs_client     = @@character_set_client */;
/*!50503 SET character_set_client = utf8mb4 */;
CREATE TABLE `emploees_messages` (
  `id` bigint unsigned NOT NULL AUTO_INCREMENT,
  `from_emploee_id` bigint unsigned NOT NULL COMMENT 'Ссылка на отправителя сообщения',
  `to_emploee_id` bigint unsigned NOT NULL COMMENT 'Ссылка на отправителя сообщения',
  `body` text NOT NULL COMMENT 'Текст сообщения',
  `created_at` timestamp NULL DEFAULT CURRENT_TIMESTAMP COMMENT 'Время создания строки',
  `updated_at` timestamp NULL DEFAULT CURRENT_TIMESTAMP ON UPDATE CURRENT_TIMESTAMP COMMENT 'Время обновления строки',
  PRIMARY KEY (`id`),
  KEY `emploees_messages_from_emploee_id_fk` (`from_emploee_id`),
  KEY `emploees_messages_to_emploee_id_fk` (`to_emploee_id`),
  CONSTRAINT `emploees_messages_from_emploee_id_fk` FOREIGN KEY (`from_emploee_id`) REFERENCES `emploees` (`id`) ON DELETE CASCADE,
  CONSTRAINT `emploees_messages_to_emploee_id_fk` FOREIGN KEY (`to_emploee_id`) REFERENCES `emploees` (`id`) ON DELETE CASCADE
) ENGINE=InnoDB AUTO_INCREMENT=101 DEFAULT CHARSET=utf8mb4 COLLATE=utf8mb4_0900_ai_ci COMMENT='Сообщения';
/*!40101 SET character_set_client = @saved_cs_client */;

--
-- Dumping data for table `emploees_messages`
--

LOCK TABLES `emploees_messages` WRITE;
/*!40000 ALTER TABLE `emploees_messages` DISABLE KEYS */;
INSERT INTO `emploees_messages` VALUES (1,38,70,'Fugiat ad et natus unde nulla. Delectus natus ut odit sint. Nesciunt qui totam atque fugiat autem qui. Adipisci blanditiis quisquam delectus pariatur aspernatur occaecati qui quia.','1973-07-14 02:06:50','2020-11-19 14:50:13'),(2,58,30,'Voluptas excepturi et dicta maxime doloribus inventore ut laborum. Qui maxime atque ea. Sunt at doloremque harum enim. Quidem saepe consequuntur minima nostrum laboriosam non omnis.','2013-05-28 07:56:15','2020-11-19 14:49:55'),(3,74,36,'Error reiciendis magni iste eius. Dignissimos qui non et reprehenderit ipsa consequatur libero. Sint tenetur saepe in aut dicta iste. Velit eos est repellat fuga.','1986-07-10 01:48:26','2020-11-19 14:49:55'),(4,96,90,'Deleniti officiis occaecati quia corporis libero atque quae. Aperiam aut quia atque vel natus. A ducimus omnis nobis saepe eaque.','1990-11-06 04:19:41','2020-11-19 14:49:55'),(5,59,42,'Repellat qui est sunt. Provident aliquid asperiores hic qui exercitationem. Ut possimus voluptas ut aut at porro tenetur.','2000-03-09 02:19:57','2020-11-19 14:49:55'),(6,6,39,'Expedita dignissimos totam dicta velit odio reiciendis nihil ut. Ut possimus est maiores qui. Ad est dolore nobis.','1975-06-17 06:26:56','2020-11-19 14:49:55'),(7,52,68,'Voluptate excepturi ipsum ea. Non sunt quaerat nihil aspernatur error. Dicta molestiae qui eveniet ratione illo nulla.','2006-05-24 14:39:28','2020-11-19 14:49:55'),(8,42,21,'Incidunt qui dolorem voluptas quia. Qui consequuntur recusandae alias. Enim cum aut qui est aliquid doloremque. Enim distinctio nemo quaerat quos. Aut ullam ad quia cum.','1971-07-24 14:07:24','2020-11-19 14:49:55'),(9,52,100,'Est omnis veritatis voluptatem culpa dolore. Distinctio voluptatem sunt repellat consectetur. Aliquam doloremque odio ut fugiat nisi molestiae. Incidunt excepturi perferendis soluta consectetur laboriosam omnis. Quis qui minus ut iure dolorum assumenda voluptatem.','1973-07-16 02:15:48','2020-11-19 14:49:55'),(10,36,40,'Sit illo ex suscipit ea soluta et. Distinctio accusamus soluta totam quidem repellendus eum quasi ducimus. Et praesentium ipsum et et non amet molestiae. Est rerum sit cumque repudiandae.','1970-09-12 13:22:47','2020-11-19 14:49:55'),(12,3,65,'Consequatur et illo accusamus quam nulla. Suscipit sed velit nobis in repudiandae corrupti qui. Dignissimos quibusdam fuga et veniam et. Quia dolor aut amet molestiae.','1990-10-12 17:07:48','2020-11-19 14:49:55'),(13,47,32,'Dicta repellendus sit aut saepe ex placeat. Rem libero adipisci fuga soluta et veritatis consequatur. Aspernatur voluptatem nulla officiis ut possimus doloribus.','1983-08-16 02:38:14','2020-11-19 14:49:55'),(14,25,67,'Ut non nobis vel nulla deleniti voluptatibus. Rerum nam laborum esse ipsa accusamus. Facilis dignissimos voluptatum fuga velit. Maxime ad similique in ut sit sit aliquid.','2004-07-09 05:20:48','2020-11-19 14:49:55'),(15,86,36,'Quibusdam cupiditate libero quis sunt. Dolor recusandae blanditiis vero qui. Qui debitis ut vel laudantium sequi numquam cum vitae. Dolores voluptatem beatae ut distinctio et.','2000-03-14 15:39:04','2020-11-19 14:49:55'),(16,51,79,'Alias velit quam aliquid perspiciatis. Fugit ducimus consectetur est non nisi aut. Quis nesciunt quia quia beatae consequatur odio quia esse. Atque ipsa repudiandae dolor earum eos harum.','1992-01-12 10:19:54','2020-11-19 14:49:55'),(17,99,88,'Adipisci unde numquam sunt in quasi ad. Dolores minus eos delectus voluptate aut placeat dolor. Assumenda voluptatem impedit magnam iure nisi ratione ut.','1994-09-08 12:03:39','2020-11-19 14:49:55'),(18,39,1,'Et omnis repellendus non nihil illo. Molestiae est eveniet voluptatum veniam nihil dolores itaque. Repudiandae aut est et et est alias voluptas. Sunt et dolor autem autem mollitia quibusdam et.','1982-02-01 12:06:40','2020-11-19 14:49:55'),(19,100,40,'Dolores laborum illum ipsam explicabo. Ut voluptates minima iste. In sit asperiores neque eos omnis aut. Omnis ex non fugiat deserunt et.','1985-06-15 16:19:42','2020-11-19 14:49:55'),(20,81,98,'Occaecati ea beatae totam distinctio labore cumque reiciendis. Harum et ut earum recusandae et laboriosam. Illum non culpa accusantium saepe sunt. Voluptatem est voluptatem aperiam ea vitae eum.','1996-10-10 09:17:46','2020-11-19 14:49:55'),(21,7,68,'Animi ipsa doloribus veritatis consequatur cumque delectus est vero. Placeat aut ex qui commodi dolor.','2006-01-23 01:02:25','2020-11-19 14:49:55'),(22,90,44,'Consequuntur molestiae et amet eveniet nihil asperiores. Tenetur sit maiores et maiores autem a optio. Temporibus ut quas vel aperiam reprehenderit. In odio molestiae ullam dicta sit magni dolore.','1971-03-29 17:18:10','2020-11-19 14:49:55'),(23,29,17,'Tenetur dolor mollitia tenetur. Voluptatem mollitia iure excepturi ut officiis sed rerum. Doloremque quaerat eum a perferendis.','2013-05-24 17:06:50','2020-11-19 14:49:55'),(24,75,53,'Quasi atque sunt et. Quis beatae aut molestiae dignissimos.','1992-10-04 03:07:25','2020-11-19 14:49:55'),(25,88,12,'Labore vitae iste non expedita est sit. Reprehenderit quia dolorem saepe sunt. Asperiores dignissimos laboriosam et ex repellendus nesciunt illo. Excepturi exercitationem tenetur voluptatum dignissimos harum.','1982-11-23 03:30:01','2020-11-19 14:49:55'),(26,13,1,'Doloremque quo aspernatur tempore provident qui enim quasi. Sint quod facilis repudiandae unde nihil eveniet commodi. Et molestias temporibus velit adipisci temporibus. Sint dolore voluptatum non beatae consequatur est qui. Et voluptas dignissimos error et sint.','1984-04-29 07:32:25','2020-11-19 14:49:55'),(27,100,70,'Quas quis debitis rem est eveniet excepturi dolore eveniet. Nobis nobis velit voluptas quis. Debitis numquam expedita beatae consequatur dicta rerum animi. Molestiae quidem inventore non dolore quo numquam.','1984-05-04 08:30:37','2020-11-19 14:49:55'),(28,63,44,'Expedita adipisci dolorum in doloribus. Minima et minus natus sint autem neque. Perferendis voluptatem officiis voluptatibus doloremque ut aut molestias. Ut et odio voluptatem qui quos. Omnis et quaerat in provident veritatis eos.','1984-08-31 05:56:12','2020-11-19 14:49:55'),(29,11,12,'Consequuntur nihil dolor cupiditate temporibus odio animi expedita. Assumenda ducimus deserunt quod totam quaerat magnam eum. Officiis possimus pariatur aut voluptas. Ab odit culpa porro vel.','1973-06-22 14:41:28','2020-11-19 14:49:55'),(30,69,27,'Enim est qui cupiditate ipsa consequatur sequi dolore. Repudiandae rem esse et voluptatum vero. Libero dolorem necessitatibus et a numquam sint. Et facilis tempora aut deleniti enim. Voluptatem quia quia at sint.','2001-04-06 17:33:50','2020-11-19 14:49:55'),(31,9,98,'Est nostrum et consequuntur quidem dicta. Atque modi delectus et fugiat. Dolorum veritatis et dolor minima tempora sed nihil.','2014-11-29 15:05:33','2020-11-19 14:49:55'),(32,37,8,'Cum aperiam atque fugiat est quam dicta culpa. Illum voluptatibus dolorum fugiat ut amet dolorum quia doloribus. Dignissimos enim laborum nesciunt sit reiciendis. Maiores exercitationem voluptatem quis aliquid magnam.','2018-10-07 06:16:06','2020-11-19 14:49:55'),(33,57,47,'Nihil doloremque rerum nihil repellat assumenda iste in quibusdam. Voluptatem eveniet repellendus repellat quod id eveniet. Ipsam a aut dicta accusamus quia corrupti officiis. Dolorem laboriosam velit hic aut sit et voluptatem.','2001-08-02 06:09:39','2020-11-19 14:49:55'),(34,73,9,'Veritatis at tenetur suscipit excepturi doloribus sint. Vel quis sit ut voluptatem provident. Consectetur in repellat neque doloremque asperiores id. Quo sit exercitationem aut sit laboriosam. Amet ratione eligendi nisi harum placeat dolor sed.','2006-03-16 02:13:36','2020-11-19 14:49:55'),(35,93,3,'Facilis fugit et doloribus quam facere repellendus est corporis. Cum quia illum recusandae voluptatum dolor. Voluptatum modi itaque nam reiciendis ullam sunt esse. Ea earum aut laborum corrupti saepe unde. Libero autem qui dicta et quo omnis.','1984-01-31 15:58:47','2020-11-19 14:49:55'),(36,48,89,'Tenetur sed est nisi rerum est ipsa commodi. Qui corrupti mollitia ipsum beatae. Optio ullam eum dolores quibusdam quas ipsam.','1984-09-06 15:15:34','2020-11-19 14:49:55'),(37,61,33,'Aperiam quaerat nihil et id eum. Reiciendis tenetur mollitia non. Laborum nostrum odit non voluptatum.','1971-12-13 13:58:02','2020-11-19 14:49:55'),(38,58,100,'Porro quasi in earum. Inventore facere harum autem nihil ipsum qui aspernatur. Sed animi et perferendis quia facilis. Eius fugit ipsum consequatur ex.','1990-12-01 16:38:25','2020-11-19 14:49:55'),(39,8,98,'Et delectus aliquid dolore in sunt voluptatem blanditiis velit. Dolor nihil quod quaerat alias sint necessitatibus. Quas illo ratione in commodi consequuntur enim recusandae. Ratione pariatur est non facere odio ad.','1978-11-23 13:38:25','2020-11-19 14:49:55'),(40,67,91,'Omnis quidem aut exercitationem dolorem ducimus qui. Nisi voluptas et qui consequatur et et. Perspiciatis quasi hic eligendi voluptatem quia dolores ratione.','1980-10-01 06:48:23','2020-11-19 14:49:55'),(41,9,61,'Tempora quae atque voluptatem numquam voluptas id est. Provident natus quae est laudantium.','1974-05-01 16:58:54','2020-11-19 14:49:55'),(42,45,31,'Quia magni doloribus id sit consectetur. Est sit inventore provident velit. Omnis inventore fugiat exercitationem quisquam quisquam ducimus quia. Perspiciatis repellendus iste quia asperiores iste architecto.','2019-05-11 20:03:04','2020-11-19 14:49:55'),(44,50,62,'Natus cumque perspiciatis fugiat iste reprehenderit autem exercitationem. Itaque velit non dolores libero placeat et. Eos omnis ullam amet tenetur dolor.','2000-10-28 14:48:10','2020-11-19 14:49:55'),(45,59,95,'Voluptatem aut quae deserunt modi quia voluptatum labore. Tempore qui rem consequatur nostrum enim. Sunt quaerat omnis nihil numquam cum ut.','1973-04-27 08:13:59','2020-11-19 14:49:55'),(46,46,88,'Architecto earum eaque excepturi ut sunt et et. Doloremque maiores alias labore enim. Doloremque magnam recusandae dolor ut dicta.','2016-09-16 17:12:30','2020-11-19 14:49:55'),(47,50,57,'Autem similique repellat explicabo temporibus pariatur. Repellat distinctio animi soluta dignissimos eligendi. Commodi omnis sed accusamus adipisci.','1995-10-12 12:19:40','2020-11-19 14:49:55'),(48,12,20,'Itaque voluptatem magnam voluptatem facere. Quo voluptates doloribus iure maxime architecto nihil ducimus enim. Adipisci autem nulla quas at assumenda voluptatem.','1975-06-27 22:49:14','2020-11-19 14:49:55'),(49,10,27,'Ea corrupti fuga enim est consequuntur doloremque. Rerum eveniet eius et non. Dolorem voluptatem voluptatem eos quod dolor iure.','2006-10-23 04:36:53','2020-11-19 14:49:55'),(50,12,74,'Sint sint tempora recusandae. Molestias aperiam aut itaque assumenda. Rerum sequi soluta corrupti perspiciatis accusamus. Numquam iste voluptatibus omnis ut. Temporibus expedita ex mollitia fugiat.','2000-03-27 03:11:05','2020-11-19 14:49:55'),(51,29,90,'Culpa maxime et sequi. Similique quia dolores asperiores explicabo. Repudiandae fuga minima ex ut non. Rem illum iste quas porro qui et.','1971-09-02 10:36:03','2020-11-19 14:49:55'),(52,9,27,'Quia officiis non dolor ea aperiam molestiae. Id cumque dolorum ratione quidem ad. Sed blanditiis repellendus eaque labore quo est iure. Ex reiciendis iste dolores quia harum perspiciatis.','2013-09-26 05:46:22','2020-11-19 14:49:55'),(53,59,63,'Doloribus enim aspernatur odio et enim. Et tempore sit non rerum. Et sed eaque occaecati tenetur qui qui et. Velit ea cumque voluptates est quo placeat et voluptatum. Hic et dolores omnis temporibus eum dolorum cupiditate recusandae.','2002-02-05 19:50:04','2020-11-19 14:49:55'),(54,68,34,'Quis animi et repudiandae modi. Aut aut error aut eos ut. Repellendus error voluptatibus qui dicta. Deleniti aut qui vero facere soluta blanditiis.','1973-03-29 14:59:28','2020-11-19 14:49:55'),(55,60,80,'Omnis aliquid aperiam expedita placeat et molestias rem. Qui et repudiandae doloribus aspernatur et nisi iste. Quae vitae quo id laboriosam asperiores.','1983-10-28 21:29:45','2020-11-19 14:49:55'),(57,6,53,'Magni ratione deserunt dignissimos fugit quia. Aperiam dolores nam doloremque cum. Consectetur eveniet incidunt numquam temporibus saepe. Autem ipsum qui corporis sed aut rerum nemo.','2017-12-07 21:30:08','2020-11-19 14:49:55'),(58,39,69,'Aut impedit et consequatur ut cupiditate. Optio adipisci provident aut et. Quia impedit est consequatur sit et distinctio. Quas commodi maiores aliquid ut sint velit tenetur.','1996-08-23 03:44:31','2020-11-19 14:49:55'),(59,74,86,'Soluta expedita amet accusamus unde asperiores non. Mollitia qui aut voluptatem sunt. Corporis et earum laborum. Veritatis et dolore aut et nostrum est.','1978-10-20 20:58:31','2020-11-19 14:49:55'),(60,54,23,'In dolorum alias omnis natus nostrum dolorem ipsa. Aliquid magnam delectus repudiandae consequatur fuga quibusdam molestiae fuga. Doloribus suscipit adipisci optio molestias eum modi illum.','1988-08-09 16:54:19','2020-11-19 14:49:55'),(61,47,56,'Dolore praesentium porro sint dolorem. Qui aut perferendis numquam aperiam repellat. Adipisci dolorem dolore ratione facilis ad quaerat repellendus est. Doloremque ad sequi et.','1989-11-25 00:19:20','2020-11-19 14:49:55'),(62,71,11,'Vero nemo necessitatibus cum quaerat consectetur. Sed aut ab quis ipsum ea omnis et. Veniam cupiditate odio omnis enim suscipit est quaerat et. Qui aut in nam.','1999-11-09 07:49:01','2020-11-19 14:49:55'),(63,15,85,'Et totam nesciunt officiis et fugiat beatae. Vel at est architecto aut ut amet veritatis.','2013-07-30 17:37:51','2020-11-19 14:49:55'),(64,61,93,'Temporibus voluptas qui nemo voluptates et aut. Voluptas officia voluptatem aperiam provident reiciendis qui vitae non.','2006-10-16 12:51:45','2020-11-19 14:49:55'),(65,61,8,'Odio maiores tempora voluptatem est. Ut totam porro aut praesentium sit ab. Sed nostrum et saepe sit. Dignissimos sunt ea qui similique quaerat.','2020-01-07 20:48:18','2020-11-19 14:49:55'),(66,21,61,'Fugiat sit fugiat ad deleniti alias eos. Hic qui mollitia quia ea. Sint veritatis qui illum omnis consequuntur. Voluptatem explicabo ab aut at autem aspernatur. Repellat incidunt reiciendis corporis nam hic corporis est.','1992-02-24 00:14:03','2020-11-19 14:49:55'),(67,21,79,'Dolores tempore fugiat sit omnis recusandae atque et. Ipsa dolor repudiandae magnam omnis omnis consequuntur. Atque qui voluptas et eos vitae ut. Nostrum deleniti dolorum rerum velit quas odio enim.','1980-03-10 16:36:37','2020-11-19 14:49:55'),(68,40,12,'Aut eaque eum ullam autem voluptatem. Maxime consequatur eos sunt nostrum omnis quis ex. Repudiandae aut praesentium porro vel voluptates dolores nesciunt.','2000-05-01 23:57:28','2020-11-19 14:49:55'),(69,35,23,'Non quod fuga assumenda consequatur ex illum ea. Nulla ullam quaerat dolorem id et. Dolor est perferendis aut unde fugiat et. Tempora suscipit voluptatem rerum inventore.','1977-11-17 08:56:24','2020-11-19 14:49:55'),(70,58,80,'Qui a ea fugit veniam. Quia quidem facere delectus est non sed quia molestiae. Ut corporis voluptatem nobis facere architecto eligendi facilis sit. Dolorem enim odio eos sit et esse.','2013-08-05 02:31:16','2020-11-19 14:49:55'),(71,85,30,'Nisi nulla exercitationem voluptas aspernatur qui explicabo. Laboriosam alias consectetur dolorum illo iure nesciunt explicabo. Est doloremque id provident optio.','2006-04-30 07:46:22','2020-11-19 14:49:55'),(72,50,7,'Corrupti id earum similique ea quis eius vero. Exercitationem quo odit assumenda saepe ex. Qui dicta et non itaque. Et ut minima id autem.','2014-07-23 00:17:06','2020-11-19 14:49:55'),(73,95,47,'Quam hic sint minima similique magni. Nihil vero occaecati asperiores eum modi. Doloremque pariatur qui omnis non vitae est. Assumenda pariatur voluptatibus incidunt consequatur ullam.','1994-04-24 10:04:49','2020-11-19 14:49:55'),(74,25,11,'Aspernatur et maiores animi est doloremque. Dolorum nobis enim voluptatem quam tempora. Voluptate quasi corporis omnis iusto minus delectus. Dignissimos provident saepe eos similique magnam.','2009-09-04 21:19:14','2020-11-19 14:49:55'),(75,40,13,'Iure provident sint et in et quia. Praesentium ab qui itaque fuga dolorem. Doloremque ipsum harum consequatur optio. Rem quia amet soluta dignissimos velit maxime sapiente tempora.','1992-11-16 23:07:42','2020-11-19 14:49:55'),(76,25,34,'Facilis dolorum eius consequatur deleniti quia. Recusandae eos quo repellat laborum assumenda dolorem quibusdam delectus. Facere quia id sint blanditiis. Aliquid facilis dolorum ut aut ipsum illo.','2008-02-13 13:51:35','2020-11-19 14:49:55'),(77,3,29,'Nulla voluptatem laboriosam sit architecto itaque. Itaque quos consequatur ut. Numquam vitae quam dolores id illo dignissimos sunt porro. Ad ab et cupiditate omnis molestias soluta.','1992-09-07 08:05:22','2020-11-19 14:49:55'),(78,41,42,'Deserunt nam qui et sequi ut facilis. Illum aut assumenda vel tempora neque amet facere nobis. Sunt consectetur iusto aut. Quia explicabo et laudantium ut enim omnis quidem.','2011-07-10 18:20:58','2020-11-19 14:49:55'),(79,94,23,'Hic odio ipsam assumenda. Et quam saepe et quaerat tempora et. Beatae est hic ratione dolor sint aut quasi ducimus. Consequatur illo sunt neque.','1997-04-16 12:44:06','2020-11-19 14:49:55'),(80,49,88,'Nihil veritatis id dicta optio. Harum rem ut perferendis necessitatibus. Sint perferendis et vel voluptas sapiente ipsa nulla.','1978-07-27 20:09:52','2020-11-19 14:49:55'),(81,61,72,'Rerum odit illo dignissimos. Quas consequatur sed non amet corporis. Quos a quia voluptatem.','2001-04-19 11:50:02','2020-11-19 14:49:55'),(82,59,94,'Eveniet ut maxime ipsum aut. Sit nesciunt sequi omnis magni dolores ipsam voluptatibus.','1973-03-24 09:03:59','2020-11-19 14:49:55'),(83,12,55,'Laboriosam nam eius voluptatum corrupti. Aperiam incidunt rerum magni et. Id quo voluptate facilis vitae velit asperiores facere. Maiores assumenda numquam nemo voluptates exercitationem totam delectus.','1970-11-15 00:22:28','2020-11-19 14:49:55'),(84,81,94,'Ullam excepturi voluptatem sed quod error laudantium dolorum. Velit eum pariatur quas eos. Pariatur modi impedit non commodi praesentium. Voluptatibus quas iure ut vero autem quidem. Nihil itaque nostrum aliquid quasi.','1982-02-12 00:18:31','2020-11-19 14:49:55'),(85,67,1,'Ut suscipit est deserunt doloremque quia quo sunt. Quis aut temporibus et quis autem qui hic. Est nesciunt enim pariatur neque.','1980-03-31 01:04:48','2020-11-19 14:49:55'),(86,95,25,'Voluptatem molestias necessitatibus fuga ipsa sequi doloribus debitis. Possimus qui neque sed aliquam harum aut. Adipisci atque soluta iure architecto quas est.','1982-09-03 00:49:15','2020-11-19 14:49:55'),(87,70,19,'Facilis ea consequatur a assumenda velit. Nulla asperiores asperiores praesentium a omnis. Omnis incidunt esse ipsum autem placeat.','1978-01-25 17:04:17','2020-11-19 14:49:55'),(88,67,22,'Libero soluta quidem dignissimos blanditiis. Sint labore explicabo dolore impedit cupiditate. Sed voluptates dolorem consequatur corrupti tempora ex aspernatur.','1992-01-16 19:23:16','2020-11-19 14:49:55'),(89,23,51,'Possimus alias beatae dolor et. Voluptatibus ad dolorum inventore maiores repudiandae. Amet reprehenderit deserunt dolore blanditiis.','1987-01-08 08:33:35','2020-11-19 14:49:55'),(90,14,89,'Magni itaque ut voluptatum nobis voluptas laboriosam autem. Voluptas aut eum nostrum quia odit voluptas. Ullam expedita magnam omnis omnis dignissimos. Unde harum omnis molestias explicabo ipsam earum.','2010-03-20 01:48:34','2020-11-19 14:49:55'),(91,2,91,'Sequi repudiandae illo ratione debitis porro aperiam maxime. Pariatur veritatis officia laborum minima omnis blanditiis. Aperiam veritatis deserunt blanditiis voluptas dolorem quas. Voluptate enim sed consectetur nulla ipsa. Reiciendis enim sed et soluta quo.','2016-08-13 13:03:06','2020-11-19 14:49:15'),(92,68,87,'Optio debitis quaerat excepturi exercitationem dolor sed ea distinctio. Error omnis adipisci tenetur incidunt ex et quis. Voluptates quis incidunt iusto est odio sapiente.','1992-06-19 09:17:39','2020-11-19 14:49:55'),(93,34,63,'Veritatis officiis iure exercitationem. Sunt ut rerum impedit. Corporis molestiae commodi at magnam pariatur et. Culpa reprehenderit dolores et in fuga.','1980-11-08 09:29:18','2020-11-19 14:49:55'),(94,65,51,'Eligendi ut mollitia fuga. Sunt voluptatem consequatur voluptate autem officia. Eos et nisi dolor beatae impedit nisi est.','2003-05-23 00:07:47','2020-11-19 14:49:55'),(95,21,68,'Quibusdam ratione quaerat laborum voluptates hic. Sequi rerum eius est vel tempore. Eos saepe in sint error nihil aut deserunt molestias. Voluptatibus qui porro aut repellat voluptatem.','1977-12-07 20:28:01','2020-11-19 14:49:55'),(96,10,85,'Et nihil aperiam ut ut doloremque voluptas. Delectus nulla quam ut libero voluptatem harum. Occaecati velit qui doloremque maiores natus asperiores aut expedita. Similique quaerat mollitia iste.','1982-03-26 12:39:40','2020-11-19 14:49:55'),(97,88,20,'Voluptatem necessitatibus eum est ratione animi expedita velit. Fuga in autem est facere soluta. Repellendus fugiat sit dolore eligendi et debitis. Expedita qui aliquam omnis quibusdam est.','1998-06-01 08:32:32','2020-11-19 14:49:55'),(98,8,44,'Voluptatem sed ut repellat aperiam et necessitatibus commodi. Nihil dignissimos et quod aliquam. Laboriosam doloribus est deleniti. Asperiores nostrum perspiciatis ad maxime.','1970-03-19 13:14:21','2020-11-19 14:49:55'),(99,75,61,'Nostrum sed officia neque. Architecto itaque ut omnis aut unde dolorem aliquam. Voluptatem est quidem odit deserunt architecto.','2000-01-19 17:26:53','2020-11-19 14:49:55'),(100,53,70,'Nemo quia perspiciatis temporibus ipsum laborum neque esse. Vitae delectus consequuntur quia repellat est nulla blanditiis. Aut eum accusamus quidem quidem quo iusto rerum.','2015-07-23 02:38:24','2020-11-19 14:49:55');
/*!40000 ALTER TABLE `emploees_messages` ENABLE KEYS */;
UNLOCK TABLES;

--
-- Table structure for table `experiences`
--

DROP TABLE IF EXISTS `experiences`;
/*!40101 SET @saved_cs_client     = @@character_set_client */;
/*!50503 SET character_set_client = utf8mb4 */;
CREATE TABLE `experiences` (
  `id` bigint unsigned NOT NULL AUTO_INCREMENT,
  `emploee_id` bigint unsigned NOT NULL COMMENT 'Идентификатор строки работника',
  `org_name` varchar(100) NOT NULL COMMENT 'Название организации',
  `title` varchar(100) DEFAULT NULL COMMENT 'Должность в организации',
  `description` text COMMENT 'Описание работы в организации',
  `from_at` date NOT NULL COMMENT 'Дата начала работы',
  `to_at` date DEFAULT NULL COMMENT 'Дата окончания работы',
  `created_at` timestamp NOT NULL DEFAULT CURRENT_TIMESTAMP COMMENT 'Время создания строки',
  `updated_at` timestamp NULL DEFAULT CURRENT_TIMESTAMP ON UPDATE CURRENT_TIMESTAMP COMMENT 'Время обновления строки',
  PRIMARY KEY (`id`),
  KEY `experiences_emploee_id_fk` (`emploee_id`),
  CONSTRAINT `experiences_emploee_id_fk` FOREIGN KEY (`emploee_id`) REFERENCES `emploees` (`id`) ON DELETE CASCADE
) ENGINE=InnoDB AUTO_INCREMENT=101 DEFAULT CHARSET=utf8mb4 COLLATE=utf8mb4_0900_ai_ci COMMENT='Опыт работников';
/*!40101 SET character_set_client = @saved_cs_client */;

--
-- Dumping data for table `experiences`
--

LOCK TABLES `experiences` WRITE;
/*!40000 ALTER TABLE `experiences` DISABLE KEYS */;
INSERT INTO `experiences` VALUES (1,51,'Hickle LLC','Id doloribus vel praesentium consequatur.','Sit exercitationem cupiditate veniam et suscipit vel ullam. Exercitationem velit a voluptates eos aperiam. Est sit vel repudiandae porro. Facilis quaerat aut maxime tempore aut.','2002-09-21',NULL,'1975-03-04 21:01:49','2020-11-20 07:23:21'),(3,30,'Stokes Inc','Rem est non corporis.','Ut qui autem labore sit. Laboriosam sint totam vero tempore qui dolores facere deleniti. Voluptates non rerum quia optio sit id quibusdam fuga. Perspiciatis illum amet quas.','2013-11-04','2014-05-18','2001-09-10 22:53:40','2020-11-19 14:34:26'),(4,60,'Ondricka, Lowe and Muller','Modi mollitia sed non cumque maxime quaerat.','Delectus quisquam recusandae nihil eum. Inventore placeat similique quae architecto dolor. Ut suscipit perspiciatis cumque vero reprehenderit voluptate.','1976-06-11',NULL,'1981-10-16 15:09:24','2020-11-20 07:23:21'),(5,8,'Kautzer, O\'Keefe and Kertzmann','Temporibus ipsam aperiam aut fuga voluptatem.','Officia voluptates quia et earum exercitationem in voluptates delectus. Fugiat est est beatae. Aut qui voluptatem delectus aut voluptas. Quo ad et in saepe. Facere aut autem aut et voluptatem.','2003-01-18','2003-06-18','2018-09-05 07:31:51','2020-11-19 14:34:26'),(6,59,'Halvorson-Davis','Officia expedita et praesentium velit voluptas.','Enim quae rem dolorem in. Tempore veritatis ut quia et repellat sit. Provident voluptas delectus occaecati quam quo. Magni tempore quis ut et. Consequatur illum hic magni et rerum voluptas.','1973-11-11',NULL,'1980-08-15 18:26:55','2020-11-20 07:23:21'),(7,70,'Kling-Wehner','Odio minima molestiae molestias aut est earum.','Illum ipsa voluptatibus ex occaecati. Sint debitis nostrum ut consequatur et. Dolores quae rerum recusandae ut et ut magnam.','1972-07-12',NULL,'1986-09-30 15:47:56','2020-11-20 07:23:21'),(8,72,'Moen Inc','Rerum minus ea corporis.','Cumque et illo sunt aliquid error quis. Quia consequatur illo ad et possimus reiciendis eaque incidunt. Est ad accusamus vitae est aut vel. Nihil iusto numquam aut consectetur tenetur sed reiciendis.','1973-01-13','2012-09-14','2017-06-20 03:08:38','2020-11-19 14:34:26'),(9,49,'Fahey PLC','Sapiente pariatur totam nesciunt rerum.','Dolorem aliquid aut quaerat rerum iste eum atque. Possimus ipsam a enim animi autem illo at. Est ipsum dicta quia enim.','2020-04-24',NULL,'1970-10-07 04:24:57','2020-11-20 07:23:21'),(10,32,'Simonis-Kunde','Est iusto aperiam consequatur dolorem et vel adipisci.','Consequatur praesentium quis ipsum facere voluptas occaecati nulla. Qui molestiae assumenda ipsam eveniet. Illum rerum saepe molestias totam molestiae culpa ex. Repellendus laborum et quo veniam.','1973-07-23','2015-12-14','2020-05-12 09:19:33','2020-11-19 14:34:26'),(11,9,'Botsford-Morar','Eaque quia sapiente quia quasi ipsa numquam.','Culpa ratione aut libero adipisci reiciendis et. Ipsam omnis sint quaerat quae nemo architecto. Aliquid illo nesciunt nemo.','1988-12-11',NULL,'1982-05-30 22:15:10','2020-11-20 07:23:21'),(12,52,'Orn-Osinski','Quo esse voluptas autem incidunt ut dolor molestiae.','Deleniti omnis est nulla. Amet facere nihil voluptate ut maxime reiciendis. Et dolore ipsam quo blanditiis beatae quas. Omnis quis et autem consectetur officia.','1996-10-24',NULL,'1987-11-08 08:47:55','2020-11-20 07:23:21'),(13,30,'Hackett, Braun and Spencer','Consequatur placeat ipsa quibusdam est nesciunt.','Tempore culpa est dolores molestiae est delectus. Eveniet alias qui impedit earum.','1994-03-20','1994-09-19','2014-10-23 18:15:18','2020-11-19 14:34:26'),(14,92,'Prosacco LLC','Ipsum praesentium inventore iste dolorem omnis voluptatem pariatur voluptatem.','Est sed autem voluptatem esse in. Cumque ut vitae suscipit voluptates vero. Quia aut accusantium alias.','1996-03-22','1996-07-16','1996-12-16 12:16:12','2020-11-19 14:34:26'),(15,71,'Morar LLC','Ipsum consequatur natus est itaque delectus quisquam natus nam.','Cum atque et eligendi saepe fugiat fugit autem. Et dolorem saepe et iste iste qui.','1972-01-27','1987-12-17','2012-03-09 04:44:41','2020-11-19 14:34:26'),(16,78,'Kutch-Frami','Quia facere repellat dolores laudantium officiis.','Maxime consequuntur fuga eius assumenda. Aut nulla sunt pariatur cum autem quaerat sequi. Expedita voluptatum ut quo architecto sed.','2002-08-27','2003-01-05','2019-03-12 09:06:26','2020-11-19 14:34:26'),(17,79,'Ernser, Kilback and Hagenes','Et inventore ut minima dicta.','Ducimus fugit soluta corporis a consequatur facilis. Recusandae et nam est. Id aut et repellendus voluptatem non.','2020-06-20','2020-10-07','2006-06-18 01:30:07','2020-11-19 14:34:26'),(18,58,'Nitzsche Group','Pariatur itaque eum autem dignissimos dolores quis sint doloremque.','Animi dolorum possimus et vero. Dignissimos quam corporis odit ut. Ea qui autem cumque quis voluptas.','1982-12-25','1996-03-04','2011-01-08 05:40:11','2020-11-19 14:34:26'),(19,52,'Hansen-Strosin','Cumque ut necessitatibus facilis incidunt omnis dolores architecto.','Aut fuga ut aut voluptates asperiores dolorum. In illum adipisci debitis animi aliquid. Ut necessitatibus velit quisquam error asperiores voluptas dignissimos. Eos eligendi modi ut modi.','2012-10-06','2013-03-08','2011-10-12 16:47:42','2020-11-19 14:34:26'),(20,87,'Reichel Group','Vel voluptas atque inventore iste ut velit.','Repellat autem dolor eum rerum. Delectus neque natus perferendis asperiores sunt est quibusdam. Maxime quo iste sunt vel beatae.','1992-08-07','2005-01-29','2012-06-09 00:06:35','2020-11-19 14:34:26'),(21,80,'Kessler PLC','Optio et consequuntur et ab rerum.','Consequuntur non voluptatem sit ut soluta vitae. Ratione occaecati blanditiis perspiciatis nemo aut voluptatem ipsam. Omnis non neque enim amet iste quisquam laudantium.','1970-10-18','1976-07-16','2012-03-31 01:32:33','2020-11-19 14:34:26'),(22,37,'Mertz, Jakubowski and Smitham','Aliquid omnis deleniti nesciunt.','Non animi itaque harum possimus vel. Odit vel dolor dignissimos qui. Magnam eveniet voluptas doloribus sint et.','2016-12-21',NULL,'1981-02-14 05:21:15','2020-11-20 07:23:21'),(23,43,'Botsford and Sons','Quibusdam nisi iste aut est.','Ratione vero placeat cupiditate tempore. Ut quis quo explicabo at. Omnis voluptatem molestiae iure nisi omnis eum.','2010-11-18','2018-11-21','2018-05-26 20:35:02','2020-11-19 14:34:26'),(24,6,'Boyer, Kulas and Rohan','Sit sequi omnis est assumenda tenetur commodi fugit.','Dolores impedit voluptatem atque vero necessitatibus. Nobis est impedit impedit corrupti. Sit eos ut sit eos quasi veniam quisquam. Voluptatibus magni ratione aut iusto aspernatur alias eligendi laboriosam.','1996-02-07','1996-06-25','1990-08-03 13:57:00','2020-11-19 14:34:26'),(25,100,'Weber, Schumm and Abshire','Est dicta reiciendis ab.','Distinctio dolor vero impedit unde et ut beatae. Quia nostrum consectetur debitis vero dolore. Et cupiditate voluptas at architecto aut ut omnis architecto.','2008-12-10',NULL,'1977-12-17 06:55:32','2020-11-20 07:23:21'),(26,82,'Rippin, Abshire and McClure','Quibusdam quos amet at quas repellendus.','Saepe tempore quam sunt aut dolores voluptatem et nesciunt. Et distinctio aut aliquam tempora asperiores animi facere. Doloribus rerum ut eligendi est adipisci.','1999-01-29','1999-07-13','1997-02-08 21:45:08','2020-11-19 14:34:26'),(27,10,'Beatty, Lehner and Olson','Fugiat magni soluta ut tempore iure eos.','Consequatur eveniet optio delectus omnis. Ea iste in assumenda molestias aperiam sapiente laudantium. Odit voluptatem in quidem nihil voluptatem.','2006-01-20','2006-05-17','2014-01-24 07:54:39','2020-11-19 14:34:26'),(28,3,'Dickens Group','Officia eum tempora et possimus.','Voluptas praesentium illum id ipsum vel inventore. Eum ut recusandae nostrum incidunt sed. Error accusamus magnam quam nihil quis dolore nobis rerum.','1995-05-31',NULL,'1988-08-29 17:40:57','2020-11-20 07:23:21'),(29,86,'Bailey-Kuphal','Nulla error minima est est officia qui.','Eveniet culpa est earum nesciunt. Neque maxime sit fuga ut et consequatur. Pariatur atque quam ratione et fuga repellendus.','1989-10-07','1990-04-22','2009-07-21 04:07:07','2020-11-19 14:34:26'),(30,18,'Sipes Group','Libero aliquam doloribus inventore eum maxime.','Libero totam aliquid corrupti sed aut molestiae neque. Eum eius veniam facilis sit temporibus. Autem dolorem praesentium pariatur ducimus. Quia eaque quod cupiditate. Rerum et dolore non quia et.','1981-01-18',NULL,'1986-02-17 14:16:37','2020-11-20 07:23:21'),(31,31,'Kiehn Group','Eum eum a minima iste architecto praesentium nesciunt.','Inventore itaque soluta omnis sapiente numquam aspernatur et sed. Dicta architecto recusandae inventore. Repellendus voluptatem cumque aliquid. Sunt et earum voluptatem at laborum dolores repudiandae.','1981-09-26',NULL,'1989-08-07 12:18:25','2020-11-20 07:23:21'),(32,100,'Cole LLC','Illo ullam aut officiis.','Sequi consequuntur dolores autem explicabo magni illum ducimus. Consequatur assumenda consequatur deserunt consequatur minima. Atque illum pariatur porro laborum ducimus optio sequi. Sed in corrupti dolorum.','1980-01-17',NULL,'1981-06-17 11:50:33','2020-11-20 07:23:21'),(33,8,'Hickle and Sons','Natus quia rerum distinctio sit quia sunt.','Atque dignissimos nesciunt nesciunt consequatur ullam. Corrupti porro vitae quo magnam voluptates iusto ipsam. Accusamus qui occaecati nihil animi non perferendis.','1970-12-16',NULL,'1970-09-03 16:07:57','2020-11-20 07:23:21'),(34,38,'Lubowitz, Hickle and Pouros','Qui natus qui aut vel consequuntur odit esse.','Ut reprehenderit nobis nemo pariatur porro iure. Omnis fuga pariatur harum voluptatem commodi aspernatur. Enim recusandae porro temporibus sit sint omnis.','2001-08-18','2002-02-20','2008-01-13 20:49:16','2020-11-19 14:34:26'),(35,66,'Schultz Group','Nulla ut voluptatem deserunt provident accusamus.','Magnam corporis quae et odit tempore voluptatem rerum. Molestiae nihil eum error aut et. Id voluptatibus qui et vel. Architecto officiis et consequuntur quidem aspernatur.','1980-08-18',NULL,'1987-02-13 10:39:30','2020-11-20 07:23:21'),(36,14,'Prohaska, Harvey and Considine','Quo reiciendis dolores et.','Aliquam nemo neque commodi similique. Rerum dolorem voluptatem tempore quae culpa et numquam. Doloremque omnis inventore et quia. Perferendis omnis assumenda ut quo rerum atque. Beatae fuga dolores modi ut numquam aut.','1976-12-03','1977-06-08','2001-07-11 16:52:06','2020-11-19 14:34:26'),(37,74,'Davis LLC','Ad magnam dignissimos ut sunt.','Enim ducimus voluptatem deserunt consectetur rerum deserunt. Corporis veniam eveniet quam perspiciatis et temporibus qui.','1980-04-26','2000-10-31','1996-02-10 06:26:23','2020-11-19 14:34:26'),(38,28,'Klocko, Baumbach and Parisian','Nihil eligendi nam ab nam nihil minus vel.','Est qui dolores harum et dolores. Voluptatem consequatur nihil magni repellat voluptate quidem. Nostrum laborum veritatis deserunt deserunt itaque tempora esse quam. Qui dolores facere labore et earum qui.','1989-02-25','2013-08-08','2014-12-24 07:30:59','2020-11-19 14:34:26'),(39,18,'Willms, Nitzsche and Nitzsche','Qui tenetur nam doloribus fugiat enim itaque impedit.','Blanditiis et voluptatem qui et officiis ipsam. Non impedit dolores sunt nam non tempora aut suscipit. Et ut quis deleniti dolorem animi explicabo. Quod sunt eaque rerum quo porro qui accusantium explicabo.','1973-12-30','1989-07-12','1999-06-22 02:18:10','2020-11-19 14:34:26'),(40,6,'Stokes LLC','Ipsa et aut magnam quae tempora.','Ex recusandae expedita ut hic ipsam dolor doloremque. Ipsam mollitia consequatur et nisi dolor vero voluptates. Nesciunt voluptates dolores et assumenda quia molestias. Alias eius vero vel sint.','2000-01-17','2000-07-12','2014-03-19 19:54:19','2020-11-19 14:34:26'),(41,74,'Cronin Inc','Quia dignissimos illo provident iste consequatur voluptatem nihil cupiditate.','Labore iure animi cum ab rem inventore esse. Autem nulla laborum veniam aut totam.','2010-06-22',NULL,'1976-06-11 08:04:21','2020-11-20 07:23:21'),(42,53,'Metz LLC','Temporibus non et sint est non et ut.','Et repellendus omnis sunt et vitae architecto et. Veritatis exercitationem dolor sit distinctio iste. Nobis sit autem et nam qui sunt. Quidem rerum sed nostrum aperiam beatae maxime voluptatibus.','2001-12-12','2009-02-13','2018-03-15 03:30:23','2020-11-19 14:34:26'),(43,43,'Hegmann Ltd','At tenetur qui eveniet quo libero optio.','Vero velit saepe saepe dolorem repellendus. Quia dolores tempora voluptatem provident rem eligendi quia laudantium. Consequatur saepe et quisquam est. Aut ut saepe ut. Non non nobis veritatis in atque.','2009-08-21','2014-03-02','2019-08-25 01:19:16','2020-11-19 14:32:26'),(44,53,'Bailey, O\'Keefe and Mitchell','Voluptate sunt et aut.','Et eaque culpa ut sit sed. Velit dolorem enim earum sed qui ducimus consequatur aut. Architecto hic voluptate dolor aut labore dolore aperiam. Autem voluptas sunt quidem officia.','1975-09-23',NULL,'1987-08-29 12:12:58','2020-11-20 07:23:21'),(45,39,'Dicki-Stroman','Aut soluta laborum ut omnis inventore velit.','Facilis voluptas quo itaque repellendus. Blanditiis nulla nemo mollitia illum ea possimus. Omnis ut dolorem accusantium qui.','1996-01-10',NULL,'1981-03-23 06:28:46','2020-11-20 07:23:21'),(46,32,'Kulas Group','Id nihil omnis possimus est pariatur et optio ut.','Tempora dolor velit sit repellat. Adipisci explicabo molestias qui. In quasi error aut autem sed omnis quibusdam blanditiis. Itaque exercitationem vero consequatur impedit dolorem sit voluptates quasi.','1982-05-21','2015-11-27','1991-10-25 16:31:41','2020-11-19 14:34:26'),(47,45,'Graham, Romaguera and Zulauf','Tenetur et earum maxime occaecati.','Molestias eum alias dolorem iusto dolorum. Voluptatem molestias quod temporibus hic occaecati voluptatem. Veritatis nisi quis eius sit. Ut nostrum labore nemo saepe sunt molestias. Cupiditate ut voluptates et impedit accusamus et et.','1996-11-21','1997-03-24','2003-03-06 19:28:04','2020-11-19 14:34:26'),(48,29,'Bruen-Hane','Repellat pariatur illo sit cupiditate architecto temporibus earum voluptas.','Sit cum odit reiciendis et qui. Esse qui est consectetur.','2006-10-19',NULL,'1982-06-12 08:12:44','2020-11-20 07:23:21'),(49,8,'Herman-Cronin','Nemo molestias dolores autem necessitatibus voluptas minima ullam optio.','Autem veritatis eum pariatur ut in. Suscipit enim ut et qui tempora. Veniam et omnis omnis est minima quia. Vel temporibus sed ab quia aut doloribus nisi possimus.','1977-08-10',NULL,'1986-11-27 07:01:51','2020-11-20 07:23:21'),(50,52,'Monahan-Streich','Voluptatibus eos doloribus ut at sit vel sit tempore.','Est provident iure ab eum inventore placeat. Accusamus modi sed nihil sapiente assumenda molestiae ea quia. Architecto dolor ut esse recusandae qui quos. Velit odit consectetur molestias omnis quo sunt.','2015-05-22','2015-10-25','1998-06-12 10:48:18','2020-11-19 14:34:26'),(51,37,'Cormier-Brown','Cupiditate ut velit aut qui ducimus velit.','Sed facere mollitia porro blanditiis sapiente rerum. Corrupti quas totam deserunt hic ea. Aut rem ut et tempora quo vel delectus.','2001-05-02','2001-09-06','2000-11-15 21:16:14','2020-11-19 14:34:26'),(52,27,'Kling, Pfannerstill and Brekke','Nemo adipisci consequatur quam autem qui molestiae.','Quam quo sed sint quae saepe. Quibusdam iusto autem voluptatibus earum omnis nisi sit. Vero odio minima aliquam doloribus rerum ipsa. Rerum ut ratione tenetur cum.','1976-02-08','1976-07-23','2020-07-05 20:53:55','2020-11-19 14:34:26'),(53,25,'Kertzmann-Senger','Ex non aut ducimus vel qui delectus nisi.','Voluptatibus quis maxime deserunt nobis. Quos culpa fugiat nam suscipit unde qui qui. Dolores omnis quasi assumenda ut natus et quia. Omnis error ut nemo ut id. Atque ullam id maiores eius harum delectus perspiciatis fugiat.','2013-10-18',NULL,'1970-09-07 07:43:14','2020-11-20 07:23:21'),(54,43,'Ledner-Barton','Pariatur enim ipsam accusamus nulla recusandae inventore quidem.','Qui quisquam vero omnis omnis repellendus. Aut modi non itaque dolorum necessitatibus. Omnis quas animi at aut quis sequi laboriosam sunt.','1981-01-29','2007-06-09','2002-06-08 15:38:04','2020-11-19 14:34:26'),(55,41,'Abernathy Inc','Velit tempora aut aut laboriosam quia ut pariatur.','Aut dolor officia est nihil sed laudantium eveniet. Sit maxime quos aut qui vitae. Ut et ut ut dolores. Officia aliquam esse eum et eos.','1986-08-19','1987-01-16','2009-11-16 06:41:57','2020-11-19 14:34:26'),(56,74,'Haag, Zulauf and Ferry','Exercitationem maxime velit officia et eligendi quos similique.','Blanditiis cupiditate nemo fuga rem. Nemo facere doloribus dicta tempore explicabo voluptatem. Quam et porro voluptas atque placeat accusantium repellat.','1970-11-17','1971-03-01','2004-08-19 16:55:39','2020-11-19 14:34:26'),(57,45,'Emard-Armstrong','Occaecati odit voluptate numquam magnam sint assumenda.','Labore beatae architecto et doloremque sunt. Voluptatem dolore inventore assumenda.','1983-08-17',NULL,'1972-02-02 17:56:36','2020-11-20 07:23:21'),(58,5,'Kuvalis-Botsford','Et possimus explicabo quia minus vitae.','Quidem consequatur tenetur tempora cupiditate in sapiente animi. Quae tempore iusto qui culpa magni fugiat.','1979-06-27','1979-12-13','1997-02-22 22:18:05','2020-11-19 14:34:26'),(59,89,'Graham, Gottlieb and Swaniawski','Quis impedit id et.','Omnis suscipit et ea officiis voluptatem sed aperiam. Alias sed iste consequuntur nam. Officiis sed alias nostrum temporibus qui molestias et sint.','1980-10-18',NULL,'1970-07-24 02:14:11','2020-11-20 07:23:21'),(60,27,'Dibbert LLC','Iusto neque consectetur accusantium quod.','Aut esse beatae itaque nisi voluptas quia quam. Hic et ullam pariatur aut et. Ratione ea officiis a sed.','2007-11-11',NULL,'1977-03-04 18:14:36','2020-11-20 07:23:21'),(61,71,'Monahan PLC','Odit quas eveniet unde illo ullam incidunt.','Sunt omnis totam dolor. Ea accusamus odit omnis aut quidem. Incidunt eligendi voluptate ipsum autem. Est omnis et beatae eum dolorem.','2003-11-15',NULL,'1976-07-27 07:31:42','2020-11-20 07:23:21'),(62,72,'Haag Group','Eos tenetur veniam labore dolor sed pariatur.','Aperiam et tempore qui error mollitia rerum. Velit quisquam est aliquam sapiente. Consectetur harum totam nostrum rerum nihil numquam dolorem. Fugit voluptatem doloremque soluta enim.','1986-10-03',NULL,'1987-01-30 22:11:40','2020-11-20 07:23:21'),(63,45,'Walker-Luettgen','Modi magni voluptas ipsum quia.','Cumque dolorum iusto aspernatur exercitationem harum molestias iste. Ut ut nesciunt vero recusandae eos molestiae. Ex aut adipisci culpa in molestiae ipsum atque molestiae.','2019-06-30',NULL,'1985-10-13 13:37:36','2020-11-20 07:23:21'),(64,8,'Osinski, Effertz and Rutherford','Occaecati animi velit doloribus et voluptas esse.','Aut voluptate nobis qui quia. Ea iure velit et omnis sint ut dolor. Amet et maxime laboriosam cum. Velit occaecati quia hic molestiae et qui quo.','1980-08-14',NULL,'1972-03-26 14:46:41','2020-11-20 07:23:21'),(65,5,'Kuhn, Streich and Schimmel','Est sint iste tempora velit nostrum autem.','Consequatur beatae voluptas a aut totam labore est. Eos quas necessitatibus non. Est consequatur modi atque dolor voluptatibus.','2006-06-25','2006-11-03','2008-03-05 06:54:12','2020-11-19 14:34:26'),(66,99,'Upton, O\'Hara and Stracke','Sunt dolorem eligendi molestiae voluptatem vitae.','Magnam et itaque qui in fugit. Rerum rem recusandae qui ut sunt blanditiis a veniam. Voluptatum nesciunt recusandae quis facilis.','1993-01-04',NULL,'1978-11-03 03:37:13','2020-11-20 07:23:21'),(67,81,'Beatty, Kuvalis and Turcotte','Dolor nihil qui maiores eligendi dolor.','Vel qui ullam magnam natus soluta. Et ipsum dicta sunt et. Laudantium error iste possimus quaerat rerum et quis ipsa. Reiciendis voluptas cumque explicabo modi dolore qui quos.','2000-08-14',NULL,'1985-10-01 17:54:34','2020-11-20 07:23:21'),(68,5,'Casper-Collier','Ab debitis porro aut.','Aperiam sunt magnam mollitia ut facilis nesciunt magni. Autem quae libero debitis nobis. Quis neque et consequatur. Vero doloremque distinctio dolores reiciendis voluptatem.','2000-10-24','2001-05-08','2015-11-26 20:56:25','2020-11-19 14:34:26'),(69,85,'Kshlerin, Konopelski and Orn','Voluptatem natus et magnam similique eaque voluptatem aut.','Sunt minima quasi ut aliquam in est id. Rem non commodi sint id expedita quis. Ipsa nemo nemo aut non sed a voluptatem ut.','1976-10-19',NULL,'1973-03-16 23:17:57','2020-11-20 07:23:21'),(70,7,'Carter Group','Harum quos aut error.','Corrupti quis quisquam eos eveniet quasi temporibus. Ut et voluptatem ut nobis et nostrum. Voluptas eum at ipsum sint omnis. Id eligendi quisquam voluptatum nam adipisci consequatur perspiciatis aut.','1970-06-17','1985-08-05','2003-08-09 05:39:28','2020-11-19 14:34:26'),(71,81,'Abshire Group','Pariatur et tempore dolorem veniam modi amet.','Doloribus eum animi ea impedit. Voluptas laboriosam illo aspernatur laborum quia iste. Dolores quam sunt libero sit deleniti sit enim.','2004-05-29',NULL,'1986-12-08 00:09:57','2020-11-20 07:23:21'),(72,83,'Gusikowski-Nienow','Quisquam aut vitae ipsum officiis.','Quia rerum suscipit quo dolores illo qui autem laborum. Pariatur temporibus aut et vel consequuntur. Earum qui quis molestias enim quasi veritatis a. Aut aspernatur sit iure mollitia.','2009-02-25',NULL,'1981-10-18 04:10:59','2020-11-20 07:23:21'),(73,71,'Morar, Feest and Bayer','Et id qui dignissimos.','Nemo omnis perspiciatis atque doloremque. Soluta omnis natus perspiciatis corporis tempora. Ut accusamus iusto et.','2020-03-14',NULL,'1979-02-11 14:36:14','2020-11-20 07:23:21'),(74,6,'Reichel Group','Amet ut et velit et voluptatibus.','Quos expedita laborum nulla ex. Sit voluptas hic esse illo provident. Voluptatibus pariatur quibusdam repellendus temporibus. Fugit consequatur est quisquam ut libero.','2009-02-02',NULL,'1976-05-10 02:58:26','2020-11-20 07:23:21'),(75,16,'Quitzon, Cassin and Powlowski','Aliquid quos ut maxime recusandae enim.','Mollitia culpa sequi labore necessitatibus id quis ut sint. Reiciendis magni sint sit sed inventore aspernatur animi. Sint voluptatem porro voluptas placeat et reiciendis consequatur mollitia. Totam ea sunt error.','1987-06-21','1997-12-06','2001-10-01 01:12:30','2020-11-19 14:34:26'),(76,61,'Blick Inc','Praesentium qui eius voluptatem aliquam harum.','Voluptatem quasi molestiae molestiae. Adipisci maxime delectus perspiciatis et reprehenderit. Consequatur et culpa eos optio rerum.','2007-09-30',NULL,'1978-07-03 17:05:30','2020-11-20 07:23:21'),(77,57,'Pacocha PLC','Corporis voluptatem consequatur nobis repellat hic quam qui.','Rem et mollitia voluptatibus reiciendis inventore. Qui velit et praesentium ut vel quis. Placeat cum sit optio aut aut eum.','1976-04-08','1986-11-12','1999-10-17 10:33:21','2020-11-19 14:34:26'),(78,1,'Kling-Abernathy','Quis dicta aut tempore tempora amet repellendus nemo.','Optio ea voluptates ut qui. Ipsa et suscipit magnam distinctio maiores totam qui culpa. Voluptas hic alias voluptas aut quia. Praesentium labore nulla omnis aspernatur placeat.','1979-03-18','1979-08-26','2003-11-16 20:33:44','2020-11-19 14:34:26'),(79,36,'Rice, Keebler and Terry','Aut laborum animi et laboriosam est ullam est.','Quo ea suscipit hic nulla. Eos id vel maxime ut et quia omnis voluptates. Quia hic et odit velit omnis odit. Eum ratione consequatur aliquid quos aspernatur.','1986-08-22','1987-01-23','1994-03-02 00:21:06','2020-11-19 14:34:26'),(80,73,'Hoeger, Fadel and Mann','Velit magni unde in ad nulla.','Nobis et esse et et debitis quaerat. Quia est blanditiis quod eveniet aut est soluta. Aut delectus et reiciendis. Itaque magnam atque accusantium qui explicabo pariatur nobis.','2011-03-28','2014-06-21','2007-03-29 04:36:40','2020-11-19 14:34:26'),(81,58,'Huel Group','Autem expedita sunt recusandae molestiae beatae.','Aut dolorem eveniet accusantium vel illum. Velit ab est laudantium nihil ex natus ipsum repellendus. Dolorem itaque aut sunt placeat ullam quis molestiae.','2008-03-11','2008-09-15','1993-11-27 04:09:22','2020-11-19 14:34:26'),(82,71,'Kessler, Thiel and Sipes','A saepe a tempora porro.','Labore velit laudantium autem ipsam sapiente quo. Molestias sint deserunt et dolorem nemo deleniti. Deserunt quis velit aliquam quod. Est sunt dolore eius ut omnis ipsam.','1998-01-19','1998-07-14','2000-07-06 14:04:37','2020-11-19 14:34:26'),(83,81,'Lockman-Schiller','Omnis tempora nam optio est voluptatibus expedita eligendi consectetur.','Mollitia cumque impedit impedit non nesciunt est. Fugit minus aut omnis optio animi qui in. Sit eaque deserunt occaecati facilis sit. Pariatur adipisci tempora quas consequatur dolorem et consequuntur.','1971-11-21','2003-06-18','2006-04-05 09:02:44','2020-11-19 14:34:26'),(84,92,'McLaughlin-Buckridge','Aut ipsam atque possimus a voluptatem quisquam illum.','Nesciunt error provident quaerat sit eaque non. Nobis soluta quas sint eum sapiente. Asperiores labore laborum quia cumque inventore. Sed odit animi rerum quo.','1984-02-05','1986-08-26','2014-10-04 17:14:07','2020-11-19 14:34:26'),(85,17,'Kling and Sons','Qui voluptas repellendus quibusdam voluptate quia ad sed.','Hic quod et debitis. Vel et officia maxime velit reprehenderit provident. Nulla officia quis eum quae tempora eius soluta nesciunt. Ratione aut libero perferendis animi eligendi hic doloribus.','2005-12-18','2006-04-17','1993-02-26 14:28:40','2020-11-19 14:34:26'),(86,9,'Stamm-Ziemann','Fugit accusamus autem voluptatum.','Et quidem nemo laudantium maxime. Et debitis aperiam repellat est. Voluptatibus consectetur et molestias aut. Omnis maiores voluptatem corporis id veniam repellat dolores. Id animi similique culpa dignissimos amet voluptates possimus.','1984-12-17',NULL,'1984-08-20 03:58:15','2020-11-20 07:23:21'),(87,92,'Kautzer-Wuckert','Perferendis perferendis dignissimos veniam velit aut consequatur.','Sit consequatur saepe eligendi possimus repellat molestiae. Et dignissimos consequatur ut ipsam reprehenderit et voluptate. Corrupti alias nam sunt nihil. Voluptate reprehenderit eos sequi exercitationem facilis.','1986-03-10','1986-08-21','1997-08-08 16:28:03','2020-11-19 14:34:26'),(88,31,'Toy and Sons','Rerum in error nesciunt inventore similique suscipit.','Dolorem deserunt esse est ut. Neque modi sit qui iste harum. Sed dignissimos reiciendis qui nostrum dolor.','2016-08-17',NULL,'1972-12-30 15:47:40','2020-11-20 07:23:21'),(89,80,'Schimmel Ltd','Repudiandae accusantium omnis consequatur non neque cumque.','Ipsam ipsa voluptatem nisi aut quo natus. Perferendis beatae vitae ut. Ipsam voluptatem ut laboriosam.','1997-06-01','2009-03-28','2000-12-20 17:00:23','2020-11-19 14:34:26'),(90,5,'Lang-Ruecker','Illum consequuntur aperiam est iste recusandae autem dolor.','Vel quaerat dolorum officiis eaque aut earum libero. Et fuga consequatur qui eveniet. Qui accusamus est voluptas voluptatem modi doloribus quis. Autem deserunt cum non deleniti sed quo velit.','1997-03-17',NULL,'1970-12-27 01:43:13','2020-11-20 07:23:21'),(91,87,'Johnston PLC','Nesciunt vel dolor dolorem culpa voluptatem id ducimus.','Minima et consequatur ratione sed assumenda laudantium. Ducimus voluptatem quaerat consequuntur et nobis sit.','1986-09-05',NULL,'1982-10-13 09:00:04','2020-11-20 07:23:21'),(92,19,'Bosco, Thiel and Pagac','Deserunt sit ut cum omnis error.','Est porro rem recusandae et sint maiores qui. Accusamus illo quam maxime. Blanditiis est aut nulla voluptas nihil non laborum sint. Autem quis et fugit fugiat quae.','2005-09-27',NULL,'1977-08-01 21:21:10','2020-11-20 07:23:21'),(93,34,'Will LLC','Corporis accusamus temporibus sint et.','Labore unde laborum sit expedita doloremque. Eum qui aut est excepturi. Harum aperiam atque nam in veniam tempore facilis. Molestiae eius necessitatibus rerum commodi voluptatem. Sint ratione et autem quidem esse magni nesciunt.','1995-03-16','1999-11-15','1999-09-06 01:50:37','2020-11-19 14:34:26'),(94,11,'Zemlak, Ritchie and Koss','Quam perferendis quibusdam adipisci ipsum aperiam nesciunt iusto quidem.','Velit culpa repudiandae nisi molestias. Consectetur voluptas suscipit omnis autem. Fugit quos minus fugit ut at aut.','2014-12-12',NULL,'1979-10-29 20:26:14','2020-11-20 07:23:21'),(95,51,'Greenfelder-Ledner','Tempora quia adipisci consectetur suscipit.','Sit consectetur eius blanditiis. Aut provident et tenetur cumque. Dolores atque officiis rerum debitis. Corrupti consequatur et suscipit non sit voluptatem.','1981-11-12',NULL,'1977-07-27 22:16:41','2020-11-20 07:23:21'),(96,23,'Witting Group','Quo dolor non veritatis perferendis soluta vitae dolor.','Est quibusdam assumenda molestiae est nostrum occaecati. Possimus est sed vero eos odit velit. Aut vero non voluptatem sint enim enim perferendis. Occaecati est asperiores eum consequatur maiores.','2020-12-22','2021-05-14','2012-09-13 19:50:27','2020-11-19 14:34:26'),(97,63,'Kerluke Ltd','Cumque repellat reiciendis distinctio.','Aut dolore molestias molestiae. Amet pariatur dolorem velit similique voluptatum sint iste vel. Pariatur et quis consequuntur sit. Et quibusdam et et similique quidem nemo sint.','1993-06-12','1997-10-02','1998-10-21 09:28:39','2020-11-19 14:34:26'),(98,44,'Frami, Kessler and Altenwerth','Esse temporibus voluptas nostrum iure repellendus.','Earum molestiae laborum sequi reprehenderit omnis aut est neque. Laboriosam vero sequi cumque recusandae eos.','1993-12-08','1994-04-23','2010-05-02 13:27:14','2020-11-19 14:34:26'),(99,33,'Sipes-Cremin','Ab dolor vero sed reiciendis illum aliquid.','Illum ea quae qui numquam voluptas deleniti ipsum. Eligendi eius sed non saepe qui quam. Non aut enim totam nulla et. A aliquam nisi ex earum.','2013-09-19',NULL,'1970-11-10 12:21:28','2020-11-20 07:23:21'),(100,30,'Dicki LLC','Ut sint alias quo qui ducimus vitae.','Quo sed architecto exercitationem repellat. Iure ut dignissimos aut quia animi sint.','2015-03-11',NULL,'1971-03-24 09:54:52','2020-11-20 07:23:21');
/*!40000 ALTER TABLE `experiences` ENABLE KEYS */;
UNLOCK TABLES;

--
-- Table structure for table `hashtags`
--

DROP TABLE IF EXISTS `hashtags`;
/*!40101 SET @saved_cs_client     = @@character_set_client */;
/*!50503 SET character_set_client = utf8mb4 */;
CREATE TABLE `hashtags` (
  `id` bigint unsigned NOT NULL AUTO_INCREMENT,
  `tag` varchar(50) NOT NULL COMMENT 'Хэштег',
  `created_at` timestamp NOT NULL DEFAULT CURRENT_TIMESTAMP COMMENT 'Время создания строки',
  `updated_at` timestamp NULL DEFAULT CURRENT_TIMESTAMP ON UPDATE CURRENT_TIMESTAMP COMMENT 'Время обновления строки',
  `tag_ignore_case` varchar(50) CHARACTER SET utf8mb4 COLLATE utf8mb4_0900_ai_ci NOT NULL COMMENT 'Хэштег для быстрого поиска',
  PRIMARY KEY (`id`),
  UNIQUE KEY `tag` (`tag`),
  UNIQUE KEY `tag_ignore_case` (`tag_ignore_case`)
) ENGINE=InnoDB AUTO_INCREMENT=102 DEFAULT CHARSET=utf8mb4 COLLATE=utf8mb4_0900_ai_ci COMMENT='Хэштеги';
/*!40101 SET character_set_client = @saved_cs_client */;

--
-- Dumping data for table `hashtags`
--

LOCK TABLES `hashtags` WRITE;
/*!40000 ALTER TABLE `hashtags` DISABLE KEYS */;
INSERT INTO `hashtags` VALUES (1,'paerwfg','2005-01-19 04:02:29','2020-11-20 11:21:00','paerwfg'),(2,'zphxnjt','1998-09-24 21:06:15','2020-11-20 11:21:00','zphxnjt'),(3,'emprjmv','2006-12-07 04:55:56','2020-11-20 11:21:00','emprjmv'),(4,'ufqllco','2000-01-27 22:32:02','2020-11-20 11:21:00','ufqllco'),(5,'tsverpc','1982-11-11 01:45:31','2020-11-20 11:21:00','tsverpc'),(6,'ganfcdc','1977-05-19 02:42:16','2020-11-20 11:21:00','ganfcdc'),(7,'eeltvzk','1977-08-04 19:46:29','2020-11-20 11:21:00','eeltvzk'),(8,'ufcwjbh','1987-01-30 08:26:30','2020-11-20 11:21:00','ufcwjbh'),(9,'bbqtjmk','1994-09-19 15:08:45','2020-11-20 11:21:00','bbqtjmk'),(10,'agdzxmb','1976-12-28 05:54:55','2020-11-20 11:21:00','agdzxmb'),(11,'qrzgdhm','2012-03-12 01:27:04','2020-11-20 11:21:00','qrzgdhm'),(12,'esndfju','2011-03-07 07:29:19','2020-11-20 11:21:00','esndfju'),(13,'peuwahg','1987-12-04 06:32:57','2020-11-20 11:21:00','peuwahg'),(14,'keyuipd','1985-03-31 11:24:19','2020-11-20 11:21:00','keyuipd'),(15,'lgxfkyv','2016-02-24 05:32:44','2020-11-20 11:21:00','lgxfkyv'),(16,'uweimjk','1985-12-02 19:00:25','2020-11-20 11:21:00','uweimjk'),(17,'lyclaji','2013-10-25 15:12:59','2020-11-20 11:21:00','lyclaji'),(18,'csmdyvg','1985-06-22 19:16:03','2020-11-20 11:21:00','csmdyvg'),(19,'fqxxzlp','2009-11-29 08:41:20','2020-11-20 11:21:00','fqxxzlp'),(20,'qnrouce','2005-06-22 16:11:50','2020-11-20 11:21:00','qnrouce'),(21,'ssvdhtm','1998-03-24 22:51:06','2020-11-20 11:21:00','ssvdhtm'),(22,'xtwvbqp','2018-07-20 23:17:22','2020-11-20 11:21:00','xtwvbqp'),(23,'ecadosh','1987-05-14 18:41:26','2020-11-20 11:21:00','ecadosh'),(24,'mmpnxrv','2012-01-17 04:48:12','2020-11-20 11:21:00','mmpnxrv'),(25,'qphznff','1974-09-11 02:16:23','2020-11-20 11:21:00','qphznff'),(26,'tmusbqx','2003-11-09 18:45:32','2020-11-20 11:21:00','tmusbqx'),(27,'lnfiyug','1972-05-29 23:49:26','2020-11-20 11:21:00','lnfiyug'),(28,'irnqygy','1986-10-24 20:17:06','2020-11-20 11:21:00','irnqygy'),(29,'pevvqks','1972-04-27 21:16:05','2020-11-20 11:21:00','pevvqks'),(30,'xzjvaps','2000-03-03 00:45:07','2020-11-20 11:21:00','xzjvaps'),(31,'zwnpgmt','2011-07-01 11:44:28','2020-11-20 11:21:00','zwnpgmt'),(32,'qcwhrvy','2008-02-09 15:35:13','2020-11-20 11:21:00','qcwhrvy'),(33,'klfdwrb','2020-08-20 02:12:56','2020-11-20 11:21:00','klfdwrb'),(34,'fxobsjo','1974-10-05 10:27:27','2020-11-20 11:21:00','fxobsjo'),(35,'ixdtsve','1978-02-15 02:04:24','2020-11-20 11:21:00','ixdtsve'),(36,'sywftsr','1987-04-24 17:54:11','2020-11-20 11:21:00','sywftsr'),(37,'qeotdyr','2005-02-15 13:45:01','2020-11-20 11:21:00','qeotdyr'),(38,'guerbkb','2011-12-06 13:10:26','2020-11-20 11:21:00','guerbkb'),(39,'wnqaexb','1974-07-21 08:11:26','2020-11-20 11:21:00','wnqaexb'),(40,'fkcslzr','1981-01-31 07:02:27','2020-11-20 11:21:00','fkcslzr'),(41,'tcfeujp','2013-01-09 16:38:43','2020-11-20 11:21:00','tcfeujp'),(42,'cmrzqlb','1983-08-04 22:35:34','2020-11-20 11:21:00','cmrzqlb'),(43,'awngknd','1971-10-23 09:00:09','2020-11-20 11:21:00','awngknd'),(44,'tccvfpq','1970-05-26 00:41:43','2020-11-20 11:21:00','tccvfpq'),(45,'ynsfxph','1980-11-29 17:41:52','2020-11-20 11:21:00','ynsfxph'),(46,'uvtacux','2001-11-28 12:57:14','2020-11-20 11:21:00','uvtacux'),(47,'mxoyvtw','2003-10-25 08:45:43','2020-11-20 11:21:00','mxoyvtw'),(48,'hysaodj','2002-07-11 02:06:48','2020-11-20 11:21:00','hysaodj'),(49,'ukadsxi','1996-09-15 17:46:06','2020-11-20 11:21:00','ukadsxi'),(50,'quojwre','1979-06-14 03:03:06','2020-11-20 11:21:00','quojwre'),(51,'ncouomo','1999-07-14 15:06:17','2020-11-20 11:21:00','ncouomo'),(52,'nlqbdod','2016-04-22 11:46:50','2020-11-20 11:21:00','nlqbdod'),(53,'eofdgvf','1978-06-23 21:35:16','2020-11-20 11:21:00','eofdgvf'),(54,'kpetdml','2005-04-03 02:31:48','2020-11-20 11:21:00','kpetdml'),(55,'mmmvkuj','2010-09-28 07:13:18','2020-11-20 11:21:00','mmmvkuj'),(56,'cehqbst','2008-01-28 00:33:49','2020-11-20 11:21:00','cehqbst'),(57,'lrlrbya','1986-01-28 18:08:23','2020-11-20 11:21:00','lrlrbya'),(58,'fulbczd','2008-02-06 01:44:25','2020-11-20 11:21:00','fulbczd'),(59,'mtywide','2002-04-26 10:21:09','2020-11-20 11:21:00','mtywide'),(60,'uivodpc','1987-12-22 01:22:20','2020-11-20 11:21:00','uivodpc'),(61,'ladopmh','1985-07-08 17:58:08','2020-11-20 11:21:00','ladopmh'),(62,'fwqeayj','1987-03-06 22:12:45','2020-11-20 11:21:00','fwqeayj'),(63,'kmvpzpc','1993-01-19 03:36:31','2020-11-20 11:21:00','kmvpzpc'),(64,'wzeorop','2018-07-25 08:56:52','2020-11-20 11:21:00','wzeorop'),(65,'adzrzsl','1994-06-15 08:58:04','2020-11-20 11:21:00','adzrzsl'),(66,'deswylr','2002-12-15 14:21:13','2020-11-20 11:21:00','deswylr'),(67,'rlpcief','1985-07-28 13:10:09','2020-11-20 11:21:00','rlpcief'),(68,'wqbsloz','2016-04-03 15:57:05','2020-11-20 11:21:00','wqbsloz'),(69,'hfrskpw','1986-03-29 19:00:40','2020-11-20 11:21:00','hfrskpw'),(70,'sfgoqnd','1975-12-09 06:03:59','2020-11-20 11:21:00','sfgoqnd'),(71,'pnasmxl','1977-09-11 22:01:13','2020-11-20 11:21:00','pnasmxl'),(72,'xzqsopk','2002-05-22 00:16:43','2020-11-20 11:21:00','xzqsopk'),(73,'vlkkpin','2012-06-11 10:38:49','2020-11-20 11:21:00','vlkkpin'),(74,'wtxlkcu','1995-06-07 13:58:31','2020-11-20 11:21:00','wtxlkcu'),(75,'slohehh','1987-08-10 11:06:07','2020-11-20 11:21:00','slohehh'),(76,'bmsyagm','2003-09-14 12:39:32','2020-11-20 11:21:00','bmsyagm'),(77,'gnncuol','2009-07-16 10:08:43','2020-11-20 11:21:00','gnncuol'),(78,'zmbcbbe','2012-05-31 23:43:49','2020-11-20 11:21:00','zmbcbbe'),(79,'mgkqucn','1970-11-10 13:47:27','2020-11-20 11:21:00','mgkqucn'),(80,'dcypfpl','1973-05-27 09:17:52','2020-11-20 11:21:00','dcypfpl'),(81,'cqcemhv','1983-08-20 18:35:39','2020-11-20 11:21:00','cqcemhv'),(82,'bdzskml','2006-05-27 03:33:59','2020-11-20 11:21:00','bdzskml'),(83,'smltvlb','1983-08-08 03:15:51','2020-11-20 11:21:00','smltvlb'),(84,'iveyszd','2012-07-26 13:50:52','2020-11-20 11:21:00','iveyszd'),(85,'lzekcql','1977-02-24 08:18:28','2020-11-20 11:21:00','lzekcql'),(86,'qjjpkfd','2020-10-21 23:25:25','2020-11-20 11:21:00','qjjpkfd'),(87,'scqxdpo','1982-02-24 21:06:54','2020-11-20 11:21:00','scqxdpo'),(88,'bpyehvq','2010-07-28 17:48:11','2020-11-20 11:21:00','bpyehvq'),(89,'ropdxwk','2016-06-19 14:38:19','2020-11-20 11:21:00','ropdxwk'),(90,'nvoycwn','1989-07-24 12:03:48','2020-11-20 11:21:00','nvoycwn'),(91,'bnigrvk','1986-06-14 21:34:14','2020-11-20 11:21:00','bnigrvk'),(92,'vgtielf','2017-06-06 16:16:53','2020-11-20 11:21:00','vgtielf'),(93,'bbuqppc','2015-01-28 02:54:34','2020-11-20 11:21:00','bbuqppc'),(94,'pqpyitc','1994-08-16 16:57:56','2020-11-20 11:21:00','pqpyitc'),(95,'jbqarrl','2018-01-27 20:12:25','2020-11-20 11:21:00','jbqarrl'),(96,'slivcjs','2007-12-19 12:34:35','2020-11-20 11:21:00','slivcjs'),(97,'gyarnrb','1994-12-30 20:48:43','2020-11-20 11:21:00','gyarnrb'),(98,'ehobuin','2005-04-20 06:05:25','2020-11-20 11:21:00','ehobuin'),(99,'rkfiolg','2007-05-29 22:18:21','2020-11-20 11:21:00','rkfiolg'),(100,'iokmqfc','1996-09-25 11:34:17','2020-11-20 11:21:00','iokmqfc'),(101,'YunM','2020-11-20 11:28:21','2020-11-20 11:29:39','yunm');
/*!40000 ALTER TABLE `hashtags` ENABLE KEYS */;
UNLOCK TABLES;
/*!50003 SET @saved_cs_client      = @@character_set_client */ ;
/*!50003 SET @saved_cs_results     = @@character_set_results */ ;
/*!50003 SET @saved_col_connection = @@collation_connection */ ;
/*!50003 SET character_set_client  = utf8mb4 */ ;
/*!50003 SET character_set_results = utf8mb4 */ ;
/*!50003 SET collation_connection  = utf8mb4_0900_ai_ci */ ;
/*!50003 SET @saved_sql_mode       = @@sql_mode */ ;
/*!50003 SET sql_mode              = 'ONLY_FULL_GROUP_BY,STRICT_TRANS_TABLES,NO_ZERO_IN_DATE,NO_ZERO_DATE,ERROR_FOR_DIVISION_BY_ZERO,NO_ENGINE_SUBSTITUTION' */ ;
DELIMITER ;;
/*!50003 CREATE*/ /*!50017 DEFINER=`root`@`localhost`*/ /*!50003 TRIGGER `hashtags_tag_insert` BEFORE INSERT ON `hashtags` FOR EACH ROW BEGIN
  SET NEW.tag_ignore_case = LOWER(NEW.tag);
END */;;
DELIMITER ;
/*!50003 SET sql_mode              = @saved_sql_mode */ ;
/*!50003 SET character_set_client  = @saved_cs_client */ ;
/*!50003 SET character_set_results = @saved_cs_results */ ;
/*!50003 SET collation_connection  = @saved_col_connection */ ;
/*!50003 SET @saved_cs_client      = @@character_set_client */ ;
/*!50003 SET @saved_cs_results     = @@character_set_results */ ;
/*!50003 SET @saved_col_connection = @@collation_connection */ ;
/*!50003 SET character_set_client  = utf8mb4 */ ;
/*!50003 SET character_set_results = utf8mb4 */ ;
/*!50003 SET collation_connection  = utf8mb4_0900_ai_ci */ ;
/*!50003 SET @saved_sql_mode       = @@sql_mode */ ;
/*!50003 SET sql_mode              = 'ONLY_FULL_GROUP_BY,STRICT_TRANS_TABLES,NO_ZERO_IN_DATE,NO_ZERO_DATE,ERROR_FOR_DIVISION_BY_ZERO,NO_ENGINE_SUBSTITUTION' */ ;
DELIMITER ;;
/*!50003 CREATE*/ /*!50017 DEFINER=`root`@`localhost`*/ /*!50003 TRIGGER `hashtags_tag_update` BEFORE UPDATE ON `hashtags` FOR EACH ROW BEGIN
  SET NEW.tag_ignore_case = LOWER(NEW.tag);
END */;;
DELIMITER ;
/*!50003 SET sql_mode              = @saved_sql_mode */ ;
/*!50003 SET character_set_client  = @saved_cs_client */ ;
/*!50003 SET character_set_results = @saved_cs_results */ ;
/*!50003 SET collation_connection  = @saved_col_connection */ ;

--
-- Table structure for table `hashtags_organizations`
--

DROP TABLE IF EXISTS `hashtags_organizations`;
/*!40101 SET @saved_cs_client     = @@character_set_client */;
/*!50503 SET character_set_client = utf8mb4 */;
CREATE TABLE `hashtags_organizations` (
  `hashtag_id` bigint unsigned NOT NULL COMMENT 'Идентификатор хэштега',
  `org_id` bigint unsigned NOT NULL COMMENT 'Идентификатор организации',
  `created_at` timestamp NOT NULL DEFAULT CURRENT_TIMESTAMP COMMENT 'Время создания строки',
  `updated_at` timestamp NULL DEFAULT CURRENT_TIMESTAMP ON UPDATE CURRENT_TIMESTAMP COMMENT 'Время обновления строки',
  PRIMARY KEY (`hashtag_id`,`org_id`) COMMENT 'Составной первичный ключ',
  KEY `hashtags_organizations_org_id_fk` (`org_id`),
  CONSTRAINT `hashtags_organizations_hashtag_id_fk` FOREIGN KEY (`hashtag_id`) REFERENCES `hashtags` (`id`) ON DELETE CASCADE,
  CONSTRAINT `hashtags_organizations_org_id_fk` FOREIGN KEY (`org_id`) REFERENCES `organizations` (`id`) ON DELETE CASCADE
) ENGINE=InnoDB DEFAULT CHARSET=utf8mb4 COLLATE=utf8mb4_0900_ai_ci COMMENT='Связь хэштегов и организаций';
/*!40101 SET character_set_client = @saved_cs_client */;

--
-- Dumping data for table `hashtags_organizations`
--

LOCK TABLES `hashtags_organizations` WRITE;
/*!40000 ALTER TABLE `hashtags_organizations` DISABLE KEYS */;
INSERT INTO `hashtags_organizations` VALUES (1,5,'2020-11-19 15:09:01','2020-11-19 15:09:01'),(2,12,'2020-11-19 15:09:01','2020-11-19 15:09:01'),(3,47,'2020-11-19 15:09:01','2020-11-19 15:09:01'),(4,97,'2020-11-19 15:09:01','2020-11-19 15:09:01'),(5,44,'2020-11-19 15:09:01','2020-11-19 15:09:01'),(6,29,'2020-11-19 15:09:01','2020-11-19 15:09:01'),(7,11,'2020-11-19 15:09:01','2020-11-19 15:09:01'),(8,67,'2020-11-19 15:09:01','2020-11-19 15:09:01'),(9,100,'2020-11-19 15:09:01','2020-11-19 15:09:01'),(10,2,'2020-11-19 15:09:01','2020-11-19 15:09:01'),(11,8,'2020-11-19 15:09:01','2020-11-19 15:09:01'),(12,33,'2020-11-19 15:09:01','2020-11-19 15:09:01'),(13,40,'2020-11-19 15:09:01','2020-11-19 15:09:01'),(14,100,'2020-11-19 15:09:01','2020-11-19 15:09:01'),(15,81,'2020-11-19 15:09:01','2020-11-19 15:09:01'),(16,6,'2020-11-19 15:09:01','2020-11-19 15:09:01'),(17,84,'2020-11-19 15:09:01','2020-11-19 15:09:01'),(18,4,'2020-11-19 15:09:01','2020-11-19 15:09:01'),(19,65,'2020-11-19 15:09:01','2020-11-19 15:09:01'),(20,14,'2020-11-19 15:09:01','2020-11-19 15:09:01'),(21,74,'2020-11-19 15:09:01','2020-11-19 15:09:01'),(22,28,'2020-11-19 15:09:01','2020-11-19 15:09:01'),(23,15,'2020-11-19 15:09:01','2020-11-19 15:09:01'),(24,93,'2020-11-19 15:09:01','2020-11-19 15:09:01'),(25,17,'2020-11-19 15:09:01','2020-11-19 15:09:01'),(26,8,'2020-11-19 15:09:01','2020-11-19 15:09:01'),(27,90,'2020-11-19 15:09:01','2020-11-19 15:09:01'),(28,22,'2020-11-19 15:09:01','2020-11-19 15:09:01'),(29,41,'2020-11-19 15:09:01','2020-11-19 15:09:01'),(30,37,'2020-11-19 15:09:01','2020-11-19 15:09:01'),(31,62,'2020-11-19 15:09:01','2020-11-19 15:09:01'),(32,99,'2020-11-19 15:09:01','2020-11-19 15:09:01'),(33,7,'2020-11-19 15:09:01','2020-11-19 15:09:01'),(34,37,'2020-11-19 15:09:01','2020-11-19 15:09:01'),(35,63,'2020-11-19 15:09:01','2020-11-19 15:09:01'),(36,5,'2020-11-19 15:09:01','2020-11-19 15:09:01'),(37,36,'2020-11-19 15:09:01','2020-11-19 15:09:01'),(38,62,'2020-11-19 15:09:01','2020-11-19 15:09:01'),(39,5,'2020-11-19 15:09:01','2020-11-19 15:09:01'),(40,36,'2020-11-19 15:09:01','2020-11-19 15:09:01'),(41,66,'2020-11-19 15:09:01','2020-11-19 15:09:01'),(42,21,'2020-11-19 15:09:01','2020-11-19 15:09:01'),(43,9,'2020-11-19 15:09:01','2020-11-19 15:09:01'),(44,78,'2020-11-19 15:09:01','2020-11-19 15:09:01'),(45,62,'2020-11-19 15:09:01','2020-11-19 15:09:01'),(46,77,'2020-11-19 15:09:01','2020-11-19 15:09:01'),(47,98,'2020-11-19 15:09:01','2020-11-19 15:09:01'),(48,57,'2020-11-19 15:09:01','2020-11-19 15:09:01'),(49,91,'2020-11-19 15:09:01','2020-11-19 15:09:01'),(50,83,'2020-11-19 15:09:01','2020-11-19 15:09:01'),(51,42,'2020-11-19 15:09:01','2020-11-19 15:09:01'),(52,59,'2020-11-19 15:09:01','2020-11-19 15:09:01'),(53,68,'2020-11-19 15:09:01','2020-11-19 15:09:01'),(54,62,'2020-11-19 15:09:01','2020-11-19 15:09:01'),(55,8,'2020-11-19 15:09:01','2020-11-19 15:09:01'),(56,53,'2020-11-19 15:09:01','2020-11-19 15:09:01'),(57,41,'2020-11-19 15:09:01','2020-11-19 15:09:01'),(58,43,'2020-11-19 15:09:01','2020-11-19 15:09:01'),(59,94,'2020-11-19 15:09:01','2020-11-19 15:09:01'),(60,38,'2020-11-19 15:09:01','2020-11-19 15:09:01'),(61,10,'2020-11-19 15:09:01','2020-11-19 15:09:01'),(62,33,'2020-11-19 15:09:01','2020-11-19 15:09:01'),(63,37,'2020-11-19 15:09:01','2020-11-19 15:09:01'),(64,85,'2020-11-19 15:09:01','2020-11-19 15:09:01'),(65,13,'2020-11-19 15:09:01','2020-11-19 15:09:01'),(66,10,'2020-11-19 15:09:01','2020-11-19 15:09:01'),(67,10,'2020-11-19 15:09:01','2020-11-19 15:09:01'),(68,18,'2020-11-19 15:09:01','2020-11-19 15:09:01'),(69,59,'2020-11-19 15:09:01','2020-11-19 15:09:01'),(70,41,'2020-11-19 15:09:01','2020-11-19 15:09:01'),(71,28,'2020-11-19 15:09:01','2020-11-19 15:09:01'),(72,15,'2020-11-19 15:09:01','2020-11-19 15:09:01'),(73,92,'2020-11-19 15:09:01','2020-11-19 15:09:01'),(74,15,'2020-11-19 15:09:01','2020-11-19 15:09:01'),(75,97,'2020-11-19 15:09:01','2020-11-19 15:09:01'),(76,42,'2020-11-19 15:09:01','2020-11-19 15:09:01'),(77,18,'2020-11-19 15:09:01','2020-11-19 15:09:01'),(78,63,'2020-11-19 15:09:01','2020-11-19 15:09:01'),(79,59,'2020-11-19 15:09:01','2020-11-19 15:09:01'),(80,7,'2020-11-19 15:09:01','2020-11-19 15:09:01'),(81,58,'2020-11-19 15:09:01','2020-11-19 15:09:01'),(82,67,'2020-11-19 15:09:01','2020-11-19 15:09:01'),(83,63,'2020-11-19 15:09:01','2020-11-19 15:09:01'),(84,10,'2020-11-19 15:09:01','2020-11-19 15:09:01'),(85,63,'2020-11-19 15:09:01','2020-11-19 15:09:01'),(86,82,'2020-11-19 15:09:01','2020-11-19 15:09:01'),(87,24,'2020-11-19 15:09:01','2020-11-19 15:09:01'),(88,70,'2020-11-19 15:09:01','2020-11-19 15:09:01'),(89,79,'2020-11-19 15:09:01','2020-11-19 15:09:01'),(90,85,'2020-11-19 15:09:01','2020-11-19 15:09:01'),(91,85,'2020-11-19 15:09:01','2020-11-19 15:09:01'),(92,71,'2020-11-19 15:09:01','2020-11-19 15:09:01'),(93,1,'2020-11-19 15:09:01','2020-11-19 15:09:01'),(94,90,'2020-11-19 15:09:01','2020-11-19 15:09:01'),(95,46,'2020-11-19 15:09:01','2020-11-19 15:09:01'),(96,62,'2020-11-19 15:09:01','2020-11-19 15:09:01'),(97,70,'2020-11-19 15:09:01','2020-11-19 15:09:01'),(98,63,'2020-11-19 15:09:01','2020-11-19 15:09:01'),(99,6,'2020-11-19 15:09:01','2020-11-19 15:09:01'),(100,41,'2020-11-19 15:09:01','2020-11-19 15:09:01');
/*!40000 ALTER TABLE `hashtags_organizations` ENABLE KEYS */;
UNLOCK TABLES;

--
-- Table structure for table `organizations`
--

DROP TABLE IF EXISTS `organizations`;
/*!40101 SET @saved_cs_client     = @@character_set_client */;
/*!50503 SET character_set_client = utf8mb4 */;
CREATE TABLE `organizations` (
  `id` bigint unsigned NOT NULL AUTO_INCREMENT,
  `name` varchar(100) NOT NULL COMMENT 'Название',
  `descriptions` text COMMENT 'Описание организации',
  `city_id` bigint unsigned DEFAULT NULL COMMENT 'Идентификатор города',
  `adress` varchar(200) DEFAULT NULL COMMENT 'Адрес организации в городе',
  `email` varchar(50) DEFAULT NULL COMMENT 'Почта',
  `phone` varchar(50) DEFAULT NULL COMMENT 'Телефон',
  `created_at` timestamp NOT NULL DEFAULT CURRENT_TIMESTAMP COMMENT 'Время создания строки',
  `updated_at` timestamp NULL DEFAULT CURRENT_TIMESTAMP ON UPDATE CURRENT_TIMESTAMP COMMENT 'Время обновления строки',
  PRIMARY KEY (`id`),
  KEY `organizations_city_id_fk` (`city_id`),
  CONSTRAINT `organizations_city_id_fk` FOREIGN KEY (`city_id`) REFERENCES `cities` (`id`)
) ENGINE=InnoDB AUTO_INCREMENT=101 DEFAULT CHARSET=utf8mb4 COLLATE=utf8mb4_0900_ai_ci COMMENT='Организации';
/*!40101 SET character_set_client = @saved_cs_client */;

--
-- Dumping data for table `organizations`
--

LOCK TABLES `organizations` WRITE;
/*!40000 ALTER TABLE `organizations` DISABLE KEYS */;
INSERT INTO `organizations` VALUES (1,'Pacocha, Marvin and O\'Kon','Placeat amet soluta quas nobis. Reprehenderit officiis ab voluptates nulla. Natus praesentium et rem voluptatem distinctio esse id est.',28,'597 Hagenes Cliff Suite 809','hyman16@example.org','(905)124-1529x6652','2009-05-13 04:48:04','2020-11-19 14:20:19'),(2,'Brown, Kassulke and Kris','Aspernatur sint neque ex pariatur repellendus velit. Nihil eum facilis qui vel nesciunt. Reiciendis expedita odio aut ut repellat debitis.',14,'9992 Legros Lakes','lawson.bednar@example.org','06378697983','1994-05-31 21:49:10','2020-11-19 14:20:19'),(3,'Senger PLC','Repellat et deserunt est inventore quos soluta. Rerum et saepe quia et quis molestias harum. Quis non laboriosam odit quia iure cum sed. Non quo culpa facilis nihil vero similique qui.',85,'3312 Emelia Island','carolyn77@example.com','1-797-756-0508x99307','2000-06-11 00:56:09','2020-11-19 14:20:19'),(4,'Hoppe-Heidenreich','Et fugit dolores reprehenderit. Alias sit tempora odio aut cumque. Quia dignissimos expedita est vero cum. Est qui suscipit hic esse deleniti nostrum voluptatum.',84,'73210 Domenico Estates Suite 442','kristin.lesch@example.net','565.634.2483x2753','2005-01-03 22:37:22','2020-11-19 14:20:19'),(5,'Weimann Inc','Dolor cum voluptatibus aut iure nobis numquam sed necessitatibus. Repellendus non cupiditate aut velit ab nobis excepturi qui. Sint dignissimos fugit possimus expedita nulla veritatis consequatur.',63,'0992 Martin Alley','margarett.crist@example.com','976.832.2471','1992-08-11 23:03:22','2020-11-19 14:20:19'),(6,'O\'Reilly, Rutherford and Rau','Et sunt consequatur a voluptatem dicta sunt. Nobis et excepturi commodi nobis dolorum. Impedit ut fuga doloremque ad dolores quibusdam.',65,'29908 Buddy Via Apt. 550','olaf.pollich@example.com','649-295-5396','2008-12-09 03:29:18','2020-11-19 14:20:19'),(7,'Schamberger and Sons','Quia non repellat facere enim nam. Qui possimus consequatur animi magnam minus sunt deleniti totam. Error deserunt repudiandae distinctio quia. Nihil beatae similique tempora.',34,'282 Donnie Court Apt. 314','kwisozk@example.com','008.922.6380','1997-02-17 08:32:08','2020-11-19 14:20:19'),(8,'Durgan Group','Accusamus expedita recusandae sed quo voluptatem repudiandae adipisci. Omnis deleniti quia corporis laudantium. In eos nisi ad est ipsa.',74,'42126 Pollich Prairie Apt. 732','graham.aniya@example.org','1-519-590-0805x9245','1971-10-18 02:45:05','2020-11-19 14:20:19'),(9,'Kutch, McLaughlin and Cole','Quas ut fuga quaerat eius exercitationem. Harum ex quis ratione repudiandae. Optio deserunt officiis voluptas. Maxime ullam placeat expedita et culpa.',67,'3673 Wyman Prairie','trisha.heller@example.org','451-812-6500x8136','1982-07-16 11:36:40','2020-11-19 14:20:19'),(10,'Feil-Schowalter','Dolor hic sunt in officiis ut repellendus eveniet. Repudiandae eligendi dicta laudantium dolorem. Enim consequatur occaecati aut.',14,'40504 Tremblay Crossroad','kuhic.laverne@example.com','(155)923-0154x225','1997-06-09 00:41:36','2020-11-19 14:20:19'),(11,'Ryan, McDermott and Reichel','Et sunt doloremque culpa unde. Nihil voluptas voluptatum repudiandae molestiae.',68,'2274 Feeney Villages Suite 514','d\'amore.marta@example.org','831.084.6711x20670','1984-02-29 16:55:00','2020-11-19 14:20:19'),(12,'Feeney-Will','Tempore neque dolores nihil id neque. Eum corporis qui et sit. Tempora perferendis quis quod ad ipsam natus dignissimos.',97,'74624 Auer Union Suite 581','nader.marcos@example.org','255.067.8063x519','2016-02-08 12:00:20','2020-11-19 14:20:19'),(13,'Howell-Brakus','Qui aliquid voluptatibus tempore debitis quis dolores. Veritatis magni ea optio qui. Sunt odio aperiam aspernatur in dolor aut ex.',81,'06194 Nitzsche Radial Suite 133','mhintz@example.org','403.114.6399','2001-02-06 12:53:48','2020-11-19 14:20:19'),(14,'Keebler-Hudson','Et temporibus dignissimos consequatur maxime. Sint qui eveniet omnis recusandae. Quo veritatis reprehenderit ipsam aspernatur vel ea.',15,'5390 Heidi Parkways','rcronin@example.org','00073320646','1971-12-23 06:15:22','2020-11-19 14:20:19'),(15,'Mohr, Jacobi and Von','Nostrum dolores inventore in eos. Nemo nihil nisi doloribus aperiam impedit maiores in suscipit. Repellat sequi consequatur dolores consequuntur ipsa delectus itaque. Vero in nesciunt eum.',29,'901 Marlen Extension Suite 111','lenore.huel@example.com','(569)177-0872','2019-07-28 11:28:02','2020-11-19 14:20:19'),(16,'King-Will','Fugit accusamus id consequatur debitis. Et voluptatem quaerat excepturi perferendis.',2,'16877 Frami Hollow Apt. 482','boyle.thomas@example.org','1-654-887-5498','1970-11-04 11:55:59','2020-11-19 14:20:19'),(17,'Terry, Murphy and Kautzer','Id est aperiam excepturi rerum repudiandae aut unde. Magni a esse ullam. Tempore vero ut neque facilis sed. Aut et odio amet doloribus fuga. Nam eius voluptatibus soluta doloremque placeat officiis dolorem.',21,'01539 Moises Lock Apt. 255','fnicolas@example.org','+07(2)1074620242','2015-01-14 13:34:00','2020-11-19 14:20:19'),(18,'Durgan, Wyman and Bednar','Nihil libero at maxime omnis qui amet ipsum. Quo exercitationem numquam repudiandae et. Odit asperiores perferendis eos exercitationem. Natus minima sed mollitia et.',100,'4999 Amely Garden Suite 922','estella92@example.org','02196314259','2010-01-26 09:56:11','2020-11-19 14:20:19'),(19,'Hammes-Turcotte','Atque voluptas et facilis. Mollitia exercitationem soluta iure repudiandae quasi ut corporis rerum. Necessitatibus id amet velit beatae optio modi similique.',36,'9007 Daphney Square Apt. 157','deborah.stehr@example.net','+16(2)8658041835','2005-02-01 03:08:34','2020-11-19 14:20:19'),(20,'Haag, Kiehn and Morar','Libero alias est repudiandae. Temporibus vel incidunt incidunt molestias maxime et eos. Omnis explicabo et non consequuntur.',79,'44402 Leffler Crest Apt. 512','rswift@example.net','455.236.7237x100','1993-02-03 23:11:23','2020-11-19 14:20:19'),(21,'Paucek-Schamberger','Sed repudiandae omnis aut nihil eaque. Occaecati consectetur omnis hic mollitia. Aut dolor inventore mollitia minima libero sunt velit.',87,'78874 Armstrong Manors','geraldine58@example.com','039.589.7741','1996-03-27 21:44:10','2020-11-19 14:20:19'),(22,'Bins PLC','Maxime magnam minus molestias commodi doloribus. Natus voluptas id ut ut. Rerum nihil cum enim voluptatem sunt asperiores.',98,'633 Addie Club Apt. 585','jocelyn42@example.net','05000467346','1996-04-02 16:46:15','2020-11-19 14:20:19'),(23,'Powlowski, Mitchell and Hodkiewicz','Praesentium natus magnam ex voluptatem cumque neque nemo et. Voluptatum et dolorem et et. Ab quia repellendus earum esse optio quasi quidem.',27,'113 Rice Run','leannon.anna@example.com','534-013-9764x264','1973-05-11 05:20:37','2020-11-19 14:20:19'),(24,'Hartmann and Sons','Voluptas cumque consequatur et quia autem. Quia eum accusamus doloremque. Vel aut corporis architecto eum commodi sint voluptas qui. Dolore dolores nesciunt officiis et aut et.',42,'824 Precious Hill Apt. 739','hrunolfsdottir@example.com','1-544-945-9694x1313','1971-05-20 15:32:47','2020-11-19 14:20:19'),(25,'Daugherty and Sons','Voluptates consequatur omnis sed a vel aut voluptatibus. Id qui ullam eius aut et mollitia illum. Ut quam expedita enim esse.',26,'0807 Thiel Shoal','grace.rippin@example.net','144-638-0012x991','1980-12-13 14:07:34','2020-11-19 14:20:19'),(26,'Waelchi Group','Blanditiis soluta est sint voluptas modi. Corrupti voluptatum dolorem illum. Quam eveniet neque odio maiores.',4,'19398 Emmitt Mountains','tdouglas@example.net','780.232.8008','2008-04-20 12:19:14','2020-11-19 14:20:19'),(27,'Rice-Wunsch','A occaecati omnis commodi perferendis mollitia et quibusdam. Veniam animi quis voluptas repellat. Id nisi assumenda neque doloribus consectetur ut harum. Quos nesciunt omnis inventore enim tempore sequi natus.',44,'7341 Watsica Summit','ricardo95@example.net','1-037-206-2127','1985-05-20 07:27:55','2020-11-19 14:20:19'),(28,'DuBuque-Fadel','Optio dolor expedita recusandae non minus. Rerum deserunt et dolor earum eos minus voluptate. Ipsam illum natus aut fugit aliquam.',4,'4349 Walker Path','lois31@example.com','(696)083-5884x2123','2002-09-26 19:44:50','2020-11-19 14:20:19'),(29,'Carter, Schuppe and Haley','Facere in aut reprehenderit et. Quaerat sit suscipit nobis temporibus eius iste. In quasi voluptatum omnis harum.',89,'576 Balistreri Manors','bromaguera@example.com','1-044-331-3181','1992-07-24 16:03:02','2020-11-19 14:20:19'),(30,'Nitzsche, Spinka and Macejkovic','Minus minima qui at id culpa animi. Sed accusamus voluptatem dolores quo officia consequatur. Quis alias et vel adipisci. Voluptas quos qui inventore maiores consequuntur voluptatum et commodi.',34,'899 Jast Terrace','hsanford@example.com','1-736-476-5082x3254','1975-07-15 08:24:20','2020-11-19 14:20:19'),(31,'Yundt-Balistreri','Harum veritatis quo ut qui. Recusandae et dignissimos eius aperiam animi vel autem. Porro non vero illo dolor quia officia nostrum.',3,'284 Olson Landing','rempel.jasen@example.com','(985)351-6447','2004-04-10 08:18:20','2020-11-19 14:20:19'),(32,'Kilback, Langworth and Stark','Repellendus praesentium id illo aut fugit. Repellendus tempora aliquid voluptatem animi perferendis dolore quia. Ex error maiores quisquam nisi et cumque ab. Dolores ratione maxime et rerum odio quas voluptas.',11,'21518 Hyman Trail Apt. 002','heller.gregg@example.net','1-371-331-7009x339','2015-03-12 03:41:11','2020-11-19 14:20:19'),(33,'Prohaska-Lang','Id minima tenetur id quia similique dolor ducimus est. Sint est vel aut eligendi. Qui dolorem enim occaecati suscipit quaerat.',46,'949 Shea Stream Apt. 439','witting.theodore@example.net','(243)569-2041x6992','1991-03-22 21:06:01','2020-11-19 14:20:19'),(34,'Collins, Rau and Pouros','Placeat aperiam blanditiis magnam est velit numquam a. Quis et illum autem architecto. Corporis necessitatibus enim tenetur sit amet iure amet.',95,'06456 Gulgowski Viaduct Apt. 812','bailee.ryan@example.com','775.625.6153','2004-01-28 12:55:23','2020-11-19 14:20:19'),(35,'Brown PLC','Ratione distinctio et vitae. Facilis autem at sed at. Vel nesciunt est dolores facere accusamus.',38,'515 O\'Conner Alley','beatrice.treutel@example.net','922-241-3110','2014-06-12 10:54:23','2020-11-19 14:20:19'),(36,'O\'Reilly Group','Deserunt incidunt officiis autem odit a in sit. Et possimus et veniam est eos soluta iure. Aut molestiae molestias porro vero in rerum aut.',6,'663 Kautzer Mills','hildegard40@example.org','+18(8)6655346483','1980-09-21 16:10:01','2020-11-19 14:20:19'),(37,'Marquardt, Boyle and Lynch','Quo ea ex unde ipsam. Sit at nulla a est impedit pariatur debitis. Eveniet consectetur quia eos doloremque earum.',14,'228 Bud Lakes Suite 366','brielle.breitenberg@example.org','478-340-3797','2001-09-10 23:42:10','2020-11-19 14:20:19'),(38,'Carter, Renner and Windler','Qui optio nihil qui qui ut illo quod. Culpa deleniti et repudiandae occaecati. Id occaecati officia cumque veritatis. Alias magni similique omnis asperiores ut alias.',51,'815 Kling Light Suite 867','rey82@example.org','(736)637-6912x3693','1994-12-29 05:44:10','2020-11-19 14:20:19'),(39,'Shanahan-Ruecker','Perspiciatis doloremque similique quae eum dolor. Inventore non neque eligendi et. Vitae cupiditate quia enim est quia aut dolorum accusamus. Excepturi ducimus veritatis qui aliquam accusantium.',13,'4866 Swift Mill Apt. 131','isaias.cruickshank@example.org','07541638974','1976-11-21 23:51:52','2020-11-19 14:20:19'),(40,'Ankunding-Labadie','Dolores molestiae sunt amet et labore cum voluptas. Nihil et rem eos consectetur sed fuga. Animi quod nam accusantium odit officiis veniam officiis. Assumenda delectus qui et.',11,'3760 Morissette Estate Suite 819','haskell48@example.net','1-425-724-4181x499','1987-07-02 10:26:08','2020-11-19 14:20:19'),(41,'Doyle-Botsford','Cumque perferendis accusantium omnis quasi id est. Iusto sit quaerat vel beatae. Et tempore enim illum non. Illo sit minus doloremque aut itaque saepe.',14,'0020 McGlynn Unions Suite 929','wisozk.laurie@example.com','(004)228-4583x7972','1983-10-02 03:35:12','2020-11-19 14:20:19'),(42,'Hagenes LLC','Vero debitis est facere at qui architecto. Accusamus earum optio magni qui rerum. Dolorem optio voluptas aut ab amet id. Dolores consequuntur possimus corporis. Eaque corrupti nihil voluptas accusantium.',37,'69439 Pamela Rapids Apt. 822','sturner@example.com','1-747-482-1195x3380','1998-02-10 01:08:15','2020-11-19 14:20:19'),(43,'Jacobson-Rippin','Debitis sint velit doloremque in vero aut. Placeat sed et aliquid fugiat voluptatibus. Cupiditate maxime natus expedita. Nihil qui dolorem sunt non debitis suscipit rerum.',43,'582 Wiegand Port','georgiana70@example.org','037.686.6901','1999-01-03 16:41:36','2008-09-06 11:20:46'),(44,'Daniel, McDermott and Hagenes','Et incidunt laboriosam sint aut explicabo corrupti voluptates velit. Minus aliquam voluptates ut.',4,'613 Schulist Views','pasquale66@example.com','1-532-209-9784x751','2009-09-14 04:32:47','2020-11-19 14:20:19'),(45,'Schaden, Fadel and Emmerich','Qui est provident quia ipsa ad ut. Fugiat atque veritatis ea. Qui aut sunt quam quia doloribus quo omnis. Sapiente sequi et sed et qui.',88,'408 Micaela Wall','ggreen@example.com','592-310-4912x1596','1995-05-15 15:04:00','2020-11-19 14:20:19'),(46,'Hegmann-Krajcik','Corporis qui illo non rem. Omnis vel et quia deserunt. Accusamus quo inventore animi expedita expedita alias cupiditate magni. Iste et consequatur eaque.',30,'41822 Candida Mountain Suite 654','williamson.elisha@example.net','163.216.2808x260','2004-04-06 08:48:51','2020-11-19 14:20:19'),(47,'Batz-Pouros','Ea ut nemo qui minima amet aut. Recusandae corrupti debitis reiciendis repellendus autem. Consequatur vitae tempora error laudantium fuga sunt hic sed.',84,'59577 Cecelia Vista Apt. 560','bud10@example.org','(697)643-5364x08807','1972-08-08 02:18:50','2020-11-19 14:20:19'),(48,'Roob, Kunze and Hintz','Qui repellat assumenda tempore voluptates necessitatibus. Et quos qui aut qui natus. Quod error maxime ut aliquid iure at.',29,'445 Gina Harbor Apt. 577','predovic.buford@example.net','412-833-5515','2004-12-21 16:32:15','2020-11-19 14:20:19'),(49,'Kerluke-Daugherty','Repudiandae mollitia facere perspiciatis eveniet minima ex. Facere eligendi ut laudantium aut aut tempora natus dolore. Sunt doloribus commodi excepturi omnis. Ducimus quo eos aut omnis perferendis.',94,'982 Schulist Springs','alanna.lebsack@example.net','889.009.5083','1999-10-11 18:27:08','2020-11-19 14:20:19'),(50,'Schmidt, Cormier and Wiegand','Et quia ipsum consectetur fuga. Cupiditate sint qui fugit velit quibusdam. Neque accusamus doloribus voluptate cumque.',80,'167 Russell Cliff','lesley.tillman@example.net','1-045-805-4049','1983-07-19 05:48:01','2020-11-19 14:20:19'),(51,'Lemke-Sanford','Et corporis assumenda similique quis quia hic provident voluptates. Voluptate incidunt illo quis. Et est quo adipisci sapiente qui dolor est et. Quaerat unde neque nemo et. Laborum velit consequatur quisquam dolores atque iure impedit fugit.',19,'5803 Kip Trail Suite 545','harley73@example.org','915.449.8885x198','2015-06-30 07:54:04','2020-11-19 14:20:19'),(52,'Thompson, Mertz and Will','Aperiam voluptatem omnis est ducimus. Quibusdam beatae unde voluptatibus. Et unde id nemo et id debitis velit harum.',52,'9821 Ruth Junctions Apt. 308','conroy.liana@example.com','488.477.7305x57229','1976-11-13 13:17:41','1976-11-13 13:17:41'),(53,'McGlynn-Rempel','Velit perferendis quis tempore ab. Quo mollitia amet molestiae non modi officia debitis. Repudiandae quae deserunt et quo. Consectetur tenetur quas laudantium magni quis voluptatibus vero veniam.',6,'112 Effertz Streets','hahn.nat@example.com','095-973-7149x168','1978-09-11 10:29:26','2020-11-19 14:20:19'),(54,'Herzog Group','Numquam inventore cum modi deserunt voluptatum. Non impedit a vero dolores inventore repellendus dolorum. Aliquid omnis est ut et. Reiciendis nesciunt at repellat accusantium rerum. Ut iste praesentium et totam omnis.',73,'98553 Ryan Green','qo\'kon@example.net','(166)137-4815x29271','1982-01-06 23:28:45','2020-11-19 14:20:19'),(55,'Shanahan LLC','Beatae non quo sit recusandae assumenda. Accusantium explicabo a corporis dignissimos neque. Officiis tenetur ex blanditiis.',44,'509 Dicki Estate','icummings@example.net','903-279-1501x86551','2011-09-03 19:59:42','2020-11-19 14:20:19'),(56,'Haag, Yost and Wolf','Debitis aliquam cumque doloremque nihil maiores porro. Nihil adipisci sed voluptatem ducimus ea voluptatem corporis. Rerum omnis amet cum iste amet fugiat nemo.',3,'513 Micaela Field','nitzsche.alia@example.org','+49(9)0098005812','2001-10-16 04:18:26','2020-11-19 14:20:19'),(57,'Gottlieb LLC','Deleniti nam dolorem laboriosam. Rem porro culpa iusto.',81,'494 Terrance Knoll Suite 561','kwilliamson@example.com','(328)614-0984x31487','1987-10-04 03:43:01','2020-11-19 14:20:19'),(58,'DuBuque Group','Libero consequatur repellendus praesentium qui. Doloremque quae modi ad quis. Nulla qui quisquam eveniet consequatur. Dolore error ea reprehenderit rerum facilis.',96,'9839 Cruickshank Spurs Suite 745','stacy29@example.org','1-411-739-6575x790','2017-03-23 22:28:52','2020-11-19 14:20:19'),(59,'Kling, Wuckert and Gutmann','Sapiente et non nemo nobis dolor iure illum. Quam saepe incidunt eveniet ea facilis eaque fuga totam. Deserunt et quae sequi nisi omnis aliquam. Sed autem et quibusdam et aut unde omnis. Qui tempora rem voluptas sapiente omnis.',37,'14622 Kyla Mall','alvis06@example.net','214-972-8945x75752','1976-06-19 19:52:51','2020-11-19 14:20:19'),(60,'Farrell-Dietrich','Saepe in a iusto enim sunt ipsa. Quo saepe temporibus quibusdam aliquam esse qui. Et eos autem rerum hic.',96,'129 Grimes Courts','jamie74@example.org','144-296-3787x99208','1986-09-11 23:50:36','2020-11-19 14:20:19'),(61,'Kuvalis and Sons','Ut labore voluptas maiores. Facere alias reprehenderit architecto dignissimos autem non. Voluptas aut et illo quibusdam eum aut et voluptas. Laboriosam minima fugit nihil dolores odio sint.',71,'46189 Davis Lodge Apt. 375','muller.jovany@example.com','+38(1)1536991886','2020-05-17 15:03:47','2020-11-19 14:20:19'),(62,'Graham-Ondricka','Ipsam delectus et repellendus. Consequuntur fuga illum ducimus a architecto. Fuga iure tempore in. Consequuntur ea et doloremque nemo deserunt.',63,'81913 Deon Rue Suite 588','isaias.volkman@example.com','+65(5)3593583581','2017-01-23 07:43:15','2020-11-19 14:20:19'),(63,'Schumm, Jones and Farrell','Debitis nemo nostrum laborum et. Doloremque minima rem dolorum dolores repellat veniam maxime accusamus. Consequuntur veniam expedita in quae voluptatem. Dolorum adipisci deleniti aut reiciendis molestiae itaque.',3,'2189 Williamson Plain Apt. 530','olson.hilton@example.com','1-633-510-5353x219','1973-08-05 13:06:12','2020-11-19 14:20:19'),(64,'Towne Inc','Ut ut a aut nemo ut aut. Ab voluptates ut enim quaerat ab.',25,'280 O\'Reilly Skyway','plueilwitz@example.net','(062)642-5659x177','1992-02-05 13:43:19','2020-11-19 14:20:19'),(65,'Yost PLC','Dolor pariatur dolores expedita deserunt alias dolore provident. Repellendus illo nobis aut voluptatibus. Dolorum pariatur et et est quis dolores.',17,'8441 Tom Plains','cgleason@example.net','1-282-552-8094','2001-11-09 02:58:57','2020-11-19 14:20:19'),(66,'Aufderhar, Erdman and Mraz','Iste praesentium consequuntur et repellendus quasi. Consequatur et fugiat eos atque. Odit earum omnis voluptatem optio hic qui magnam neque. Est ipsum consequatur est et laborum et.',9,'38066 Leonard Roads','nwuckert@example.org','826.173.3940x12791','2000-09-09 09:46:08','2020-11-19 14:20:19'),(67,'Kiehn Ltd','Minus expedita deserunt laboriosam impedit ratione. Corporis inventore perspiciatis exercitationem reiciendis eum qui. Deleniti iusto qui maiores odio repellat vero.',92,'7781 Quitzon Walks','koepp.kevon@example.net','666-431-9551','1984-07-23 21:17:39','2020-11-19 14:20:19'),(68,'Batz-Howell','Voluptatibus numquam voluptas ab. Et dolores aut sit ducimus. Error officiis laboriosam fugit. Tempora porro quia est et dignissimos temporibus.',33,'154 Little Bridge','mcclure.lenore@example.net','(127)060-4752','1979-12-18 12:42:26','2020-11-19 14:20:19'),(69,'Maggio, Heathcote and O\'Conner','Magni dolorem dolorem distinctio rerum at voluptatem nihil. Vitae ad veritatis tempora ipsa. Rerum error aut veniam officia incidunt.',89,'69561 Jaden Wall Apt. 236','evie08@example.com','(851)819-9365x22341','1990-02-14 00:35:29','2020-11-19 14:20:19'),(70,'Adams, Beatty and Terry','Sed aliquam facere dolorem et. Eum voluptate dolore quo repellendus error nemo. Possimus optio aut alias maiores qui. Et repellendus exercitationem aliquid sequi voluptatum magni.',46,'62103 Feest Lock','pbuckridge@example.org','1-492-597-2069x477','1972-11-24 21:17:46','2020-11-19 14:20:19'),(71,'Johnson Ltd','Doloremque qui cupiditate sequi quis vitae sit. Explicabo modi nihil omnis quis minus quibusdam. Modi atque voluptas dignissimos. Maxime aut vitae ipsum eum.',62,'093 Austen Streets Suite 674','alexa.carroll@example.com','784-364-5842x74317','1983-02-05 09:00:36','2020-11-19 14:20:19'),(72,'Hauck and Sons','Voluptatum id impedit molestiae sed. Molestias accusamus sequi rerum quisquam exercitationem. Sint vel blanditiis laudantium iure laboriosam. Ea cupiditate debitis tenetur similique voluptas quidem cum.',72,'21188 Jovani Parkway Suite 777','nathen.parisian@example.org','1-179-281-5348x518','2008-07-20 10:45:03','2008-07-20 10:45:03'),(73,'Nader Group','Quis qui sunt tempore non. Natus iste ex rerum non. Dolorem ipsam quia vel tempora. Rerum reprehenderit doloribus nesciunt illo.',74,'3161 Hintz Lock','mellie.marvin@example.net','(008)120-1533','2019-12-06 13:03:42','2020-11-19 14:20:19'),(74,'Breitenberg LLC','Facere molestiae ut qui non earum. Consequatur voluptate voluptatem rerum.',54,'2039 Alayna Street','brekke.nicklaus@example.com','549.608.8523','1984-05-30 00:10:57','2020-11-19 14:20:19'),(75,'Tremblay, Kirlin and Hegmann','Perspiciatis accusantium quaerat et animi quo quasi et. Aliquam eum quas facilis eos quia. Atque aut dolorem deleniti eum mollitia omnis cupiditate deleniti.',48,'0430 Cartwright Plains','presley89@example.org','(688)199-6809x905','2013-11-04 00:39:58','2020-11-19 14:20:19'),(76,'Corwin, Kuvalis and Wolf','Ipsum necessitatibus aut iusto et tempore. Maxime hic cumque blanditiis dolore praesentium illo. Hic ut facere explicabo ex voluptate aliquam.',77,'1245 Ana Parkway','branson.bauch@example.net','846.328.0350','1992-12-04 10:59:46','2020-11-19 14:20:19'),(77,'Streich LLC','Temporibus itaque nobis id odio a et excepturi ipsa. Quae rem non vel omnis molestias necessitatibus. Suscipit rem ut alias earum. Qui quia exercitationem soluta libero. Praesentium quae dolores velit dolores.',39,'50359 Olson Drive','rolfson.leatha@example.com','(491)813-9989','1978-03-02 12:56:44','2020-11-19 14:20:19'),(78,'Gleason, Gottlieb and Abbott','Nihil excepturi reprehenderit porro provident animi voluptates neque similique. Doloribus illo nihil labore ipsum. Quod exercitationem sunt aliquam velit provident et deleniti. Aut eos unde molestiae est consequatur.',64,'6083 Labadie Coves Apt. 659','maybell.reynolds@example.net','1-236-246-6648x684','2002-08-05 21:45:32','2020-11-19 14:20:19'),(79,'Bins, Treutel and Runte','Enim et iusto aut et. Iure enim illum a hic nihil nostrum molestiae repellendus. Et numquam dolor magnam facilis ratione voluptates unde. Nihil fuga vero est.',1,'592 Jackeline Cliff','dare.friedrich@example.com','+67(6)3519734407','2001-02-28 20:21:45','2020-11-19 14:20:19'),(80,'Stracke LLC','Vel tempore eos sed quibusdam. Rerum laboriosam laborum et. Perferendis sequi est exercitationem qui ut ut dolores eaque. Veritatis cupiditate qui quibusdam quidem ut.',14,'596 Shyann Hills','cathy17@example.org','974.513.7810','1980-02-14 19:23:30','2020-11-19 14:20:19'),(81,'Huels and Sons','Omnis rerum cumque aut quas accusamus adipisci ratione neque. Ipsa aperiam iusto rerum aperiam repellat. Aut dolor doloribus qui consectetur molestiae sit ut facere. Quia velit itaque veritatis facilis dolorem.',66,'97914 Robin Overpass Suite 433','rachael64@example.org','(782)654-6718','2006-12-28 11:46:12','2020-11-19 14:20:19'),(82,'Hirthe-King','Nihil minima id enim voluptas qui mollitia. Error hic optio expedita ut sunt et magnam. Et porro voluptatem fugit aut enim quod iure vitae. Quo nihil eaque perferendis quasi magni omnis fugit. Aut mollitia aut temporibus odit sed vel sit.',89,'8112 Bednar Garden','noble.jacobson@example.net','(410)425-1881x201','1990-03-25 20:01:57','2020-11-19 14:20:19'),(83,'DuBuque Inc','Occaecati qui cumque voluptates expedita provident ut. Totam facilis est consequatur ut officiis corrupti repudiandae. Autem non voluptas perspiciatis voluptatem impedit. Occaecati nostrum enim doloribus est quod.',46,'43550 Erdman Pine Suite 309','swaniawski.kara@example.com','01449383000','2004-06-02 23:37:56','2020-11-19 14:20:19'),(84,'Crooks-Kautzer','Enim minus fuga voluptatibus quo dignissimos quae. Molestiae non et ut culpa doloribus maxime qui. Expedita magnam magnam qui dolorem ratione minima ipsam consequatur. Laboriosam reiciendis vel ea omnis ut quod delectus. Dolor nesciunt voluptatem a vitae mollitia.',61,'38510 Farrell Motorway Apt. 517','lester.murray@example.org','(941)821-1676x71296','1985-06-26 08:40:12','2020-11-19 14:20:19'),(85,'Heller and Sons','Libero aut et tenetur quo sint. Eos ex soluta porro quia distinctio dolores libero. Odio odio vel dolor exercitationem ipsum eaque et.',67,'217 Weber Circles Apt. 202','lskiles@example.net','1-627-759-6385','1992-03-04 01:04:45','2020-11-19 14:20:19'),(86,'Runolfsdottir-Waelchi','Aut error eaque tempora. Velit voluptate autem ipsam quidem fugit pariatur est. Ea ducimus voluptas asperiores voluptas porro error est. In corrupti commodi voluptatem suscipit.',52,'85116 Cummerata Meadows','conn.sydnee@example.com','1-361-470-2887','1984-04-09 00:16:58','2020-11-19 14:20:19'),(87,'Rippin, McClure and Jast','Sed quod nihil dolores vero rem. Ut molestiae ut ullam qui aperiam eum. Iusto tempore tenetur aut eos est eveniet voluptatem earum.',60,'452 O\'Reilly Lodge Suite 832','ernser.blair@example.com','227.708.9734x34286','1973-09-19 12:05:21','2020-11-19 14:20:19'),(88,'Raynor-Prosacco','Recusandae cum hic dicta consequatur recusandae. Officiis tenetur ipsa inventore sit eum. Velit harum accusantium illo eos. Ducimus labore qui eos facilis autem deserunt. Earum adipisci sapiente pariatur aliquam nemo unde.',40,'2081 Deven Lane Apt. 951','waelchi.lavonne@example.net','449-645-9203','1998-07-31 08:24:55','2020-11-19 14:20:19'),(89,'Wolff-Prosacco','Ut exercitationem non aut ab voluptatem minima. Expedita maxime aut dolorem itaque quibusdam ut aliquid libero. Voluptas delectus et nesciunt perferendis odit. Minima et accusamus beatae odio ex voluptas.',22,'8409 Weimann Freeway','hertha.white@example.com','(605)470-1448','1979-02-17 05:36:14','2020-11-19 14:20:19'),(90,'Bartell, Hilpert and Kutch','Illum doloribus totam voluptas sit. Aut dolorum ad adipisci voluptas animi mollitia neque. Molestiae dolorem dolores asperiores saepe veniam cumque corporis. Cumque ipsam alias ipsum consequatur totam.',90,'8646 Labadie Extensions Apt. 355','celine00@example.com','667.608.2579x76959','1985-03-12 08:11:59','1999-10-23 03:46:10'),(91,'Abernathy LLC','Sint culpa totam dolorum consequatur. Quis quos nam sit beatae laudantium. Aut aspernatur ut consequatur velit.',84,'90494 Beatty Hill','schowalter.isaias@example.com','229.923.1091x44358','1993-09-10 17:56:51','2020-11-19 14:20:19'),(92,'Zieme, Tromp and Prosacco','Ut et quo ut minima. Quo delectus nam eius.',47,'8747 Waelchi Trail Suite 114','aswift@example.net','1-744-970-2864x7527','1972-09-20 05:08:28','2020-11-19 14:20:19'),(93,'Bechtelar Group','Dolorem sunt autem aspernatur nulla consequatur quae eius. Quo qui et in necessitatibus quae. Aspernatur consectetur est qui voluptatem hic.',82,'335 Schulist Neck Apt. 894','muller.jerrold@example.net','334-356-6262x510','2012-02-18 20:13:54','2020-11-19 14:20:19'),(94,'Connelly Group','Architecto ut in dolores porro consequatur. Vel enim aut aspernatur sed illo itaque. Voluptatibus voluptates perferendis ut quia labore.',69,'525 Jacobi Prairie Apt. 211','flatley.sammy@example.com','(055)172-5726x085','2007-10-24 14:48:41','2020-11-19 14:20:19'),(95,'Medhurst and Sons','Distinctio facere non ullam commodi. Sit omnis sed aliquid cum. Repellendus qui repellat neque alias eius ab. Necessitatibus adipisci ipsum molestiae dolores laudantium eaque explicabo.',98,'1688 Quigley Corners Apt. 149','jaskolski.alek@example.net','+27(1)3726563367','2000-02-19 08:50:20','2020-11-19 14:20:19'),(96,'Kunze-McDermott','Qui impedit amet libero culpa assumenda a consequatur voluptas. Architecto sint labore consequuntur nulla deleniti alias. Autem aut cupiditate sit nobis.',82,'18790 Quitzon Mill Apt. 774','jermey.zboncak@example.com','(404)461-6635x434','1980-10-08 23:21:18','2020-11-19 14:20:19'),(97,'Champlin-Effertz','Itaque omnis maxime velit deserunt aut ex. Dolor aspernatur eos nulla rem quam. Sint et esse laudantium sint numquam quo provident vitae. Voluptate at et officia saepe.',15,'512 Amya Forges','ashly.reynolds@example.com','097.911.8988x604','2001-12-10 18:35:01','2020-11-19 14:20:19'),(98,'Crist-Gibson','Omnis voluptate voluptatem eum doloribus adipisci quis incidunt corrupti. Quis error facere eum facilis dolorem. Rerum non magni neque architecto quod in. Quae et iusto ut quae.',27,'99337 Osbaldo Roads','kharris@example.org','674-138-1391','1999-05-23 15:05:56','2020-11-19 14:20:19'),(99,'Mosciski, Ullrich and Mante','Commodi odio occaecati sunt dolore aut odit magni rerum. Placeat et quidem illum et doloremque corporis odit incidunt. Tempora dolorem recusandae quo aut et. Dolore optio repudiandae dolor officiis vitae quis atque.',93,'97491 Streich Streets Apt. 285','dameon38@example.net','686.309.9896','1972-11-08 00:02:25','2020-11-19 14:20:19'),(100,'Hilll-Spencer','In aut quas aut ab laborum officiis non. Qui corporis ex doloremque vel quae eligendi. Cupiditate nam pariatur totam delectus nemo aliquid nihil. Quia ut praesentium saepe sit quas reprehenderit. Harum et dicta sit.',82,'566 Ankunding Square Suite 067','ari04@example.net','+89(2)5065736572','2011-11-26 06:00:53','2020-11-19 14:20:19');
/*!40000 ALTER TABLE `organizations` ENABLE KEYS */;
UNLOCK TABLES;

--
-- Table structure for table `organizations_emploees`
--

DROP TABLE IF EXISTS `organizations_emploees`;
/*!40101 SET @saved_cs_client     = @@character_set_client */;
/*!50503 SET character_set_client = utf8mb4 */;
CREATE TABLE `organizations_emploees` (
  `org_id` bigint unsigned NOT NULL COMMENT 'Идентификатор организации',
  `emploee_id` bigint unsigned NOT NULL COMMENT 'Идентификатор сотрудника',
  `created_at` timestamp NOT NULL DEFAULT CURRENT_TIMESTAMP COMMENT 'Время создания строки',
  `updated_at` timestamp NULL DEFAULT CURRENT_TIMESTAMP ON UPDATE CURRENT_TIMESTAMP COMMENT 'Время обновления строки',
  PRIMARY KEY (`org_id`,`emploee_id`) COMMENT 'Составной первичный ключ',
  KEY `organizations_emploees_emploee_id_fk` (`emploee_id`),
  CONSTRAINT `organizations_emploees_emploee_id_fk` FOREIGN KEY (`emploee_id`) REFERENCES `emploees` (`id`) ON DELETE CASCADE,
  CONSTRAINT `organizations_emploees_org_id_fk` FOREIGN KEY (`org_id`) REFERENCES `organizations` (`id`) ON DELETE CASCADE
) ENGINE=InnoDB DEFAULT CHARSET=utf8mb4 COLLATE=utf8mb4_0900_ai_ci COMMENT='Связь организаций и работниов';
/*!40101 SET character_set_client = @saved_cs_client */;

--
-- Dumping data for table `organizations_emploees`
--

LOCK TABLES `organizations_emploees` WRITE;
/*!40000 ALTER TABLE `organizations_emploees` DISABLE KEYS */;
INSERT INTO `organizations_emploees` VALUES (1,2,'2005-02-23 05:20:24','2020-11-20 12:01:18'),(2,2,'2019-04-01 06:53:56','2020-11-20 12:01:18'),(2,20,'2005-05-14 13:47:48','2020-11-20 12:01:18'),(2,31,'1981-06-26 13:47:55','2020-11-20 12:01:18'),(2,91,'1980-05-17 13:32:21','2020-11-20 12:01:18'),(6,2,'2008-04-08 14:23:59','2020-11-20 12:01:18'),(6,15,'2019-06-13 14:55:45','2020-11-20 12:01:18'),(6,36,'2018-08-26 09:20:43','2020-11-20 12:01:18'),(6,49,'1983-03-13 06:04:15','2020-11-20 12:01:18'),(6,51,'2000-09-18 23:42:48','2020-11-20 12:01:18'),(8,53,'2020-05-08 07:05:01','2020-11-20 12:01:18'),(9,6,'2007-08-09 03:35:45','2020-11-20 12:01:18'),(9,31,'1992-01-23 22:35:03','2020-11-20 12:01:18'),(10,34,'1994-01-05 09:45:01','2020-11-20 12:01:18'),(10,56,'2014-02-10 21:03:08','2020-11-20 12:01:18'),(11,34,'2010-02-25 07:28:36','2020-11-20 12:01:18'),(13,8,'1976-10-18 05:38:31','2020-11-20 12:01:18'),(15,93,'2018-08-25 08:12:44','2020-11-19 14:22:52'),(16,1,'1977-06-01 02:37:26','2020-11-20 12:01:18'),(18,16,'2001-07-18 07:43:08','2020-11-20 12:01:18'),(19,11,'1976-05-28 01:58:50','2020-11-20 12:01:18'),(21,20,'1985-08-11 00:57:08','2020-11-20 12:01:18'),(22,42,'2018-03-20 22:35:16','2020-11-20 12:01:18'),(22,69,'1985-01-04 20:09:43','2020-11-20 12:01:18'),(23,10,'1972-10-20 12:16:47','2020-11-20 12:01:18'),(23,86,'2012-01-30 10:29:22','2020-11-20 12:01:18'),(25,53,'1980-02-18 17:48:48','2020-11-20 12:01:18'),(27,58,'2000-07-15 04:17:34','2020-11-20 12:01:18'),(29,11,'1996-11-12 03:50:40','2020-11-20 12:01:18'),(29,25,'2010-08-13 03:40:03','2020-11-20 12:01:18'),(30,78,'1987-01-14 01:45:27','2020-11-20 12:01:18'),(31,41,'2017-12-03 09:07:07','2020-11-20 12:01:18'),(31,63,'2002-01-14 10:20:17','2020-11-20 12:01:18'),(32,9,'2004-03-03 09:19:18','2020-11-20 12:01:18'),(33,43,'1979-07-16 01:21:09','2020-11-20 12:01:18'),(34,46,'1974-05-21 13:41:38','2020-11-20 12:01:18'),(34,54,'1996-12-02 07:07:30','2020-11-20 12:01:18'),(34,93,'2020-07-13 02:13:09','2020-11-20 12:01:18'),(37,29,'2008-02-24 14:08:03','2020-11-20 12:01:18'),(38,70,'2011-04-28 08:21:44','2020-11-20 12:01:18'),(39,43,'2001-08-11 08:40:38','2020-11-20 12:01:18'),(39,66,'1975-10-18 03:40:38','2020-11-20 12:01:18'),(42,5,'1978-07-29 15:16:03','2020-11-20 12:01:18'),(44,47,'1996-04-05 12:42:05','2020-11-20 12:01:18'),(45,30,'1981-03-23 15:20:07','2020-11-20 12:01:18'),(46,65,'2004-08-17 06:08:08','2020-11-20 12:01:18'),(47,20,'1996-01-14 09:57:34','2020-11-20 12:01:18'),(50,6,'1991-03-16 18:54:55','2020-11-20 12:01:18'),(50,45,'1985-11-17 15:05:26','2020-11-20 12:01:18'),(54,58,'1975-11-06 01:22:18','2020-11-20 12:01:18'),(55,15,'1970-12-11 01:06:43','2020-11-20 12:01:18'),(56,31,'1983-07-31 10:20:38','2020-11-20 12:01:18'),(56,75,'2012-06-18 19:46:22','2020-11-20 12:01:18'),(56,86,'2016-07-30 07:48:11','2020-11-20 12:01:18'),(57,14,'2003-08-11 22:46:42','2020-11-20 12:01:18'),(57,32,'1978-06-20 04:05:22','2020-11-20 12:01:18'),(57,36,'1973-02-22 09:17:53','2020-11-20 12:01:18'),(58,87,'2011-12-14 22:49:23','2020-11-20 12:01:18'),(59,15,'2002-06-13 07:01:02','2020-11-20 12:01:18'),(60,9,'2003-08-02 23:44:44','2020-11-20 12:01:18'),(60,21,'1975-01-03 19:52:29','2020-11-19 14:22:52'),(60,41,'1995-07-13 21:04:44','2020-11-20 12:01:18'),(60,79,'1996-05-01 13:00:59','2020-11-20 12:01:18'),(63,47,'1992-01-04 21:05:50','2020-11-20 12:01:18'),(64,80,'2000-10-08 09:31:46','2020-11-20 12:01:18'),(65,33,'2004-02-17 23:29:28','2020-11-20 12:01:18'),(67,4,'2002-12-20 06:10:20','2020-11-20 12:01:18'),(67,23,'2007-06-26 11:34:48','2020-11-20 12:01:18'),(68,96,'1972-10-29 02:49:36','2020-11-20 12:01:18'),(69,1,'1972-05-11 07:12:53','2020-11-20 12:01:18'),(71,15,'2011-01-18 09:43:00','2020-11-20 12:01:18'),(73,15,'2019-05-23 23:42:23','2020-11-20 12:01:18'),(75,7,'2015-05-28 14:40:35','2020-11-20 12:01:18'),(79,91,'1999-06-16 13:46:04','2020-11-20 12:01:18'),(81,34,'2013-08-10 23:22:42','2020-11-20 12:01:18'),(81,43,'1979-08-12 13:54:04','2020-11-20 12:01:18'),(82,7,'1985-12-14 04:28:22','2020-11-20 12:01:18'),(82,67,'2009-06-26 04:25:09','2020-11-20 12:01:18'),(83,34,'1977-11-06 23:35:40','2020-11-20 12:01:18'),(84,10,'1980-09-29 15:51:38','2020-11-20 12:01:18'),(84,42,'1999-04-06 22:35:55','2020-11-20 12:01:18'),(85,14,'1971-01-05 11:15:16','2020-11-20 12:01:18'),(85,86,'2014-07-31 14:16:12','2020-11-20 12:01:18'),(88,93,'2014-06-27 17:57:17','2020-11-20 12:01:18'),(89,62,'2013-10-30 09:13:39','2020-11-20 12:01:18'),(89,67,'2016-09-02 00:48:28','2020-11-20 12:01:18'),(90,67,'1979-05-29 16:48:44','2020-11-20 12:01:18'),(90,88,'1974-11-05 19:04:04','2020-11-20 12:01:18'),(93,64,'2011-06-08 02:26:29','2020-11-20 12:01:18'),(93,86,'2004-05-11 15:19:39','2020-11-20 12:01:18'),(94,83,'2003-03-08 23:26:17','2020-11-20 12:01:18'),(95,18,'2003-06-05 17:23:38','2020-11-20 12:01:18'),(95,27,'1982-04-28 15:10:11','2020-11-20 12:01:18'),(95,39,'2006-07-31 23:17:57','2020-11-20 12:01:18'),(96,23,'2018-01-12 20:25:50','2020-11-20 12:01:18'),(96,46,'2003-04-22 09:21:41','2020-11-20 12:01:18'),(96,59,'2020-05-28 21:25:47','2020-11-20 12:01:18'),(98,96,'1973-07-19 19:02:16','2020-11-20 12:01:18'),(99,30,'1975-03-12 17:27:58','2020-11-20 12:01:18');
/*!40000 ALTER TABLE `organizations_emploees` ENABLE KEYS */;
UNLOCK TABLES;

--
-- Table structure for table `vacancies`
--

DROP TABLE IF EXISTS `vacancies`;
/*!40101 SET @saved_cs_client     = @@character_set_client */;
/*!50503 SET character_set_client = utf8mb4 */;
CREATE TABLE `vacancies` (
  `id` bigint unsigned NOT NULL AUTO_INCREMENT,
  `emploee_id` bigint unsigned NOT NULL COMMENT 'Ссылка работника инициатора вакансии',
  `org_id` bigint unsigned NOT NULL COMMENT 'Ссылка от какой компании вакансия',
  `description` text NOT NULL COMMENT 'Текст описания вакансии',
  `title` varchar(255) NOT NULL COMMENT 'Должность',
  `salary_from` int DEFAULT NULL COMMENT 'Начало вилки зарплаты',
  `salary_to` int DEFAULT NULL COMMENT 'Конец вилки зарплаты',
  `created_at` timestamp NULL DEFAULT CURRENT_TIMESTAMP COMMENT 'Время создания строки',
  `updated_at` timestamp NULL DEFAULT CURRENT_TIMESTAMP ON UPDATE CURRENT_TIMESTAMP COMMENT 'Время обновления строки',
  PRIMARY KEY (`id`),
  KEY `vacancies_emploee_id_fk` (`emploee_id`),
  KEY `vacancies_org_id_fk` (`org_id`),
  CONSTRAINT `vacancies_emploee_id_fk` FOREIGN KEY (`emploee_id`) REFERENCES `emploees` (`id`) ON DELETE CASCADE,
  CONSTRAINT `vacancies_org_id_fk` FOREIGN KEY (`org_id`) REFERENCES `organizations` (`id`) ON DELETE CASCADE
) ENGINE=InnoDB AUTO_INCREMENT=128 DEFAULT CHARSET=utf8mb4 COLLATE=utf8mb4_0900_ai_ci COMMENT='Вакансии';
/*!40101 SET character_set_client = @saved_cs_client */;

--
-- Dumping data for table `vacancies`
--

LOCK TABLES `vacancies` WRITE;
/*!40000 ALTER TABLE `vacancies` DISABLE KEYS */;
INSERT INTO `vacancies` VALUES (1,3,88,'Tempora ut ab nulla cumque. Architecto aut sit nobis voluptatem impedit laboriosam provident. Ipsum quaerat natus deleniti.','Quis et vel id voluptates quia.',1800,NULL,'2013-08-03 06:55:15','2020-11-20 08:26:49'),(2,2,91,'Inventore quos quibusdam at sed. Nihil eos mollitia itaque rerum voluptas. Eum ut eius et magnam. Quae neque laudantium non.','Quia impedit voluptatum non ut.',1600,NULL,'2012-06-02 03:26:25','2020-11-20 14:05:24'),(3,4,61,'Illum explicabo harum voluptas aspernatur quaerat sapiente. Quo ut numquam ullam natus voluptates mollitia. Beatae cupiditate sequi nisi pariatur aut consectetur.','Modi iusto veritatis aut asperiores.',NULL,7400,'1973-06-29 08:35:53','2020-11-20 08:26:15'),(4,5,39,'Id tempora placeat sapiente ullam. Vel adipisci ut temporibus delectus. Non vel velit cum ut harum. Optio enim alias unde provident repellendus quia itaque ut.','Et dolores pariatur excepturi et eum qui incidunt non.',1100,NULL,'2011-06-17 05:52:42','2020-11-20 08:26:49'),(5,6,30,'Occaecati excepturi quo laboriosam quia nam. Debitis nesciunt voluptatem tempore laudantium omnis aliquid. Dolor similique earum iste iusto accusamus ea. Et ea officia sit veniam officia modi est.','Natus et ipsa aliquam odit amet dolorum.',NULL,3000,'1974-04-29 16:37:28','2020-11-20 08:26:15'),(6,6,31,'Debitis similique dicta occaecati et quas vero. Et placeat neque est voluptas nostrum cupiditate. Velit suscipit facere suscipit. Sit culpa saepe debitis ut culpa et.','Voluptate omnis voluptatem quibusdam.',1100,NULL,'2012-02-10 09:41:47','2020-11-20 08:26:49'),(7,8,72,'Est quis repellat consectetur voluptate. Consequatur quia ullam dolorem enim autem. Provident fugiat voluptatum nesciunt. Nesciunt ut neque rerum modi. Culpa sit cum velit incidunt et.','Quis accusamus corrupti placeat doloremque ut exercitationem quos.',1400,NULL,'2011-03-29 00:36:40','2020-11-20 08:26:49'),(8,9,60,'Nostrum recusandae est nostrum quo. Nulla harum quisquam adipisci ratione. Doloribus sint ut cupiditate ad accusamus consequuntur dolores.','Aut doloremque amet aut sequi vitae animi.',1800,NULL,'2006-10-12 03:09:14','2020-11-20 08:26:49'),(9,11,47,'Ut vel dolor ut corporis aspernatur rerum deserunt. Occaecati nesciunt facilis qui dicta aspernatur eveniet voluptatem. Deleniti iste ullam amet eius.','Voluptatum qui molestias qui aliquam debitis.',1600,NULL,'2020-05-10 23:10:14','2020-11-20 08:26:49'),(10,12,50,'Placeat rerum maxime autem magni nihil. Commodi nulla voluptatem distinctio. Eos autem et repellat quisquam et velit. Facere facilis qui eos.','Modi maiores nulla voluptatem magnam officia.',NULL,5700,'1986-04-17 14:17:40','2020-11-20 08:26:15'),(11,12,60,'Tempore pariatur consequuntur provident animi. Exercitationem ullam qui nihil necessitatibus eos dolorem voluptatem. Atque voluptatem ut nemo odio quaerat et. Rerum nostrum quas dolores dolorum repellendus quae.','Deserunt iure non nihil.',NULL,6100,'1970-05-12 11:00:40','2020-11-20 08:26:15'),(12,15,26,'Autem non autem commodi sint sed est quasi. Ipsum non possimus voluptatem dolor. Porro enim sed atque. Atque aut sit voluptatem et aut exercitationem delectus.','Non ea est quisquam voluptatem magnam.',NULL,4000,'1983-07-23 08:39:45','2020-11-20 08:26:15'),(13,15,40,'Eum molestiae at laborum aut quae itaque provident. Omnis magni qui sed neque. Ut nam et sed dignissimos.','Earum at consequatur veritatis quasi.',NULL,5700,'1971-04-10 21:59:13','2020-11-20 08:26:15'),(14,15,58,'Aut eaque ullam ut et at. Consectetur architecto sit modi sit quaerat nostrum. Ad at dolorem at porro quam.','Sunt soluta et sunt a explicabo pariatur autem.',1200,3200,'1997-12-10 17:25:30','2020-11-20 08:26:30'),(15,17,26,'Similique totam quod enim expedita. Quidem voluptates nisi similique aut dolor velit natus. Minima vel fuga cumque quo enim molestiae quasi quas.','Voluptatibus animi voluptatem et.',1200,NULL,'2018-02-16 11:12:53','2020-11-20 08:26:49'),(16,20,20,'Et maxime sunt assumenda molestiae sunt odit. Ad libero similique numquam recusandae cum. Ab suscipit placeat quia sed voluptas. Accusantium debitis cumque et eos labore illo et.','Pariatur recusandae nobis numquam eos.',1500,3600,'2000-03-15 12:58:42','2020-11-20 08:26:30'),(17,20,62,'Et accusamus odit assumenda maxime nobis qui sed. Voluptates ullam enim sequi. Sapiente dicta qui in enim. Ipsam dolores vero voluptatem voluptatem illum natus iusto. Sint soluta voluptates in beatae soluta eum eos.','Maiores ea sequi dolorem nulla omnis aut quae.',1400,5800,'1997-08-24 14:41:04','2020-11-20 08:26:30'),(18,21,17,'Error natus ipsa placeat. Alias ut ipsum ut qui molestiae. Et ea rerum quas minima. Qui harum assumenda eum ut est.','Beatae in est voluptates sit commodi deserunt.',NULL,4900,'1980-11-07 22:36:59','2020-11-20 08:26:15'),(19,21,24,'Vel rerum est odio vitae cupiditate quos minima. Ab rerum omnis dicta ut. Blanditiis rerum est amet. Soluta et qui recusandae.','Unde quasi minus temporibus est eos repudiandae eligendi.',1800,NULL,'2014-08-02 01:45:48','2020-11-20 08:26:49'),(20,21,32,'Aut omnis enim qui nulla est esse autem reiciendis. Placeat reprehenderit inventore a molestiae est ratione hic. Sit est ut aliquid quis aut porro.','In rerum asperiores consequatur quis.',NULL,6500,'1987-10-01 22:52:37','2020-11-20 08:26:15'),(21,21,100,'Vitae autem quis quia aliquid molestiae pariatur facilis. Et possimus voluptatem aperiam sint vel. Ipsa odit minus iste maiores molestias. Excepturi est voluptatem et at amet tempore.','Quasi voluptate quis repudiandae rerum.',1900,NULL,'2006-05-29 22:02:11','2020-11-20 08:26:49'),(22,22,81,'Suscipit consectetur ullam quo. Aliquam voluptatem sit assumenda et. Magni hic quia sed modi maiores labore.','Ut ut unde aut exercitationem consequatur.',NULL,7500,'1986-01-11 17:27:06','2020-11-20 08:26:15'),(23,25,18,'Error cumque consequuntur officiis eos perferendis ut. Voluptas eaque corrupti autem. Magni beatae illo laborum ratione dicta.','Earum iure dolore sit mollitia.',1700,3800,'1999-12-10 01:42:00','2020-11-20 08:26:30'),(24,25,26,'Facere veniam quia quos cum. Aut deserunt rem cumque sed.','Laudantium earum corrupti voluptatum culpa in error voluptatem.',1300,NULL,'2004-12-04 10:55:09','2020-11-20 08:26:49'),(25,27,23,'Iusto ipsum similique consequatur ut est. Iusto eius excepturi iste ipsa. Totam harum qui ipsa cumque magnam voluptas.','Odit non aperiam sunt voluptate.',1800,8700,'1996-09-21 03:26:56','2020-11-20 08:26:30'),(26,29,74,'Dolorem reprehenderit quo culpa neque ducimus. Earum ut enim soluta corrupti ipsa consequatur. Quia at necessitatibus consequatur sit. Qui veniam aut officiis hic quaerat et.','Ex earum impedit ut saepe.',NULL,8800,'1972-07-27 16:11:24','2020-11-20 08:26:15'),(27,30,30,'Deleniti architecto magni sunt quia distinctio aliquid voluptatem. Quasi consequuntur excepturi aspernatur aut eos beatae at natus. Error tempora nulla voluptatem quae impedit perferendis dolorem. Perspiciatis magni libero nostrum aliquam.','Quos inventore numquam est at.',1800,7900,'1994-04-28 15:50:10','2020-11-20 08:26:30'),(28,31,98,'Tenetur et rem quaerat. Aut veniam asperiores soluta nam provident illum est. Illo error distinctio molestiae sint delectus repellendus. Voluptas quia in et magnam tempora et.','Est qui autem consequatur sequi eius.',1300,3600,'1998-06-04 23:47:46','2020-11-20 08:26:30'),(29,32,18,'Et sed adipisci accusantium quas nobis. Excepturi soluta aut aut et. Magni beatae iure architecto perferendis inventore possimus.','Recusandae sapiente quidem explicabo accusamus est excepturi.',1000,NULL,'2009-09-24 05:29:35','2020-11-20 08:26:49'),(30,32,64,'Maiores voluptates pariatur tempore ducimus. Sit aliquam quae optio aut modi voluptas minima. Culpa qui cum aut animi ex enim laboriosam. Autem consequuntur velit ut. In iste omnis nulla quia ipsa.','Cumque tenetur et voluptas qui voluptatum.',1000,7100,'1994-12-13 11:27:43','2020-11-20 08:26:30'),(31,32,83,'Molestiae accusantium impedit repellendus rerum. Sed et dolor consequatur ea. Est perspiciatis cum fuga tenetur omnis quod. Quibusdam et earum et quas optio ut. Eos provident occaecati ut deserunt.','Est fuga officiis est.',NULL,5500,'1973-07-31 00:06:25','2020-11-20 08:26:15'),(32,33,44,'Ut perferendis voluptas nihil nisi iusto. Excepturi non sed ipsa sit omnis blanditiis voluptas. Aspernatur ut est aut dicta voluptas sequi ipsa quisquam.','Odio est quaerat alias cupiditate ut voluptate velit.',1900,NULL,'2006-09-09 20:58:43','2020-11-20 08:26:49'),(33,34,55,'Minus consequatur aliquam architecto dolorem sint aspernatur. Voluptatibus asperiores libero aliquam non odio odio. Tempore illo ut unde cumque corporis.','Quos qui unde ipsum unde temporibus est.',NULL,7900,'1987-11-09 18:03:13','2020-11-20 08:26:15'),(34,34,58,'Quo autem quia et vitae atque eveniet veritatis. Magni sed eaque et et illum qui odit. Quia ut quos expedita similique.','Aut hic asperiores porro dolorum.',1400,5800,'1997-06-04 19:07:12','2020-11-20 08:26:30'),(35,35,46,'Saepe ut quae perferendis consequatur natus quidem. Illo inventore voluptate voluptatem est. Velit aut laboriosam quibusdam molestias velit.','Ut natus eum quis sit.',1000,6400,'2000-10-25 16:22:24','2020-11-20 08:26:30'),(36,35,70,'Fugit aliquid aut voluptas quam quos pariatur. Doloribus dolor et explicabo eum. Iure quia laborum animi ut qui. Repellat rerum odit ipsam nam aut fugit omnis.','Et aliquid adipisci consequatur mollitia.',1600,NULL,'2018-08-07 10:02:32','2020-11-20 08:26:49'),(37,37,48,'Deleniti esse aut corporis animi voluptas earum sint. Sed natus laudantium cupiditate voluptas ipsa nam autem enim. Quam et quis illum beatae quam cupiditate consectetur.','Suscipit animi libero est quo iste.',NULL,8700,'1974-03-21 08:45:23','2020-11-20 08:26:15'),(38,37,59,'Qui et neque dicta voluptatibus. In dicta sequi dolor autem. Aut est vel recusandae earum delectus quas dolorem voluptas.','Sint magnam esse possimus repudiandae provident harum quia quis.',1400,NULL,'2011-03-12 07:03:34','2020-11-20 08:26:49'),(39,40,67,'Omnis laborum qui distinctio ut. Quia et nam laboriosam fugit.','Aliquid cum aut dolor distinctio qui in.',NULL,4600,'1977-05-03 01:45:27','2020-11-20 08:26:15'),(40,40,81,'Et quis qui exercitationem. Qui ipsum distinctio illo voluptatem repudiandae deleniti quibusdam.','Laborum dolor ab eum doloremque laborum sit iure ab.',1000,NULL,'2020-07-12 08:20:53','2020-11-20 08:26:49'),(41,40,90,'Voluptatem veniam voluptas consectetur culpa. Accusamus repudiandae aspernatur laboriosam dolore. Aliquam illum ut officia eos doloremque ad. Omnis qui saepe id soluta libero. Autem ab et aut aut consequatur aut.','Non recusandae dolorem hic labore accusantium amet est iure.',1900,7300,'2001-03-02 14:36:59','2020-11-20 08:26:15'),(42,41,12,'Mollitia qui a perferendis aliquid rerum quis rerum. Eligendi asperiores quis illum doloribus iure ducimus. Ut ab sint et accusantium quo nihil facilis qui.','Possimus sunt asperiores dolorem veritatis omnis expedita.',1000,5100,'1990-08-30 05:10:14','2020-11-20 08:26:30'),(43,41,32,'Optio quaerat ad amet sit fugiat qui. Tempore ut rerum aut perspiciatis eveniet omnis ea. Similique quis ut aut et animi cumque beatae. Dolorem asperiores cum quo ut quo.','Natus ipsa omnis qui voluptas.',NULL,7000,'1983-07-11 18:24:31','2020-11-20 08:26:15'),(44,41,94,'At omnis quo aliquid qui. Et sapiente possimus sint voluptates. Enim eum sed qui odit aut praesentium similique fugiat.','Aperiam dolor placeat dolores quos officiis recusandae aut ullam.',NULL,3100,'1981-07-03 17:01:17','2020-11-20 08:26:15'),(45,42,36,'Velit natus possimus voluptas molestiae voluptatem. Sequi quos aperiam delectus et cum omnis praesentium. Doloribus sapiente omnis dolor amet laboriosam sunt illum aut. Consequuntur dolor voluptas neque ad laborum perferendis.','Aut reprehenderit qui placeat repellat veritatis non nemo.',NULL,3400,'1977-01-27 05:00:08','2020-11-20 08:26:15'),(46,43,15,'Qui est beatae vitae rerum id. Non impedit voluptatem tempora eum et atque repellat. Pariatur qui hic et iure ea quae consequatur. Quaerat officiis ipsum qui.','Expedita reiciendis molestiae et omnis.',1000,NULL,'2020-05-09 08:39:02','2020-11-20 08:26:49'),(47,45,21,'Autem numquam sit illo omnis quam necessitatibus. Cum atque quos asperiores ipsam ullam itaque. Dolores esse quo nisi aut autem aut at. Blanditiis omnis ut aspernatur voluptatem temporibus esse nihil provident.','Iure cupiditate aut error tempore deserunt.',NULL,5800,'1982-10-04 04:49:58','2020-11-20 08:26:15'),(48,45,39,'Et sunt odit aspernatur autem ipsum voluptate. Qui fugit quidem fugit et. Consequuntur ut consequatur dignissimos velit doloremque. Laboriosam et ducimus est et animi esse nobis.','Itaque ex eaque eveniet est sed vitae.',1600,6200,'1999-01-10 10:15:51','2020-11-20 08:26:30'),(49,46,77,'Quo placeat impedit repellat quis non veniam animi. Rerum velit non hic. Nesciunt cum a ut dolorum rem laboriosam. A aspernatur repellendus aliquam repellat error ut sed.','Dicta saepe pariatur deserunt cumque beatae voluptatem sequi molestiae.',1000,NULL,'2008-10-20 01:29:17','2020-11-20 08:26:49'),(50,46,99,'Et accusantium magni nesciunt vel possimus autem. Dolorem beatae maiores minus veritatis rerum ut. Nisi voluptas rerum dolore ipsum adipisci cum ipsam eos. Velit id quod cum sunt aut non.','Et vel dolores error explicabo vitae.',NULL,7100,'1971-05-22 02:58:53','2020-11-20 08:26:15'),(51,47,68,'Corrupti iure odio facere. Quidem magnam facilis quis. Est reiciendis voluptatem consequuntur cumque pariatur velit.','Praesentium dicta et fuga temporibus.',NULL,6200,'1986-06-23 09:16:27','2020-11-20 08:26:15'),(52,48,76,'Harum distinctio velit tempore at et. Aut voluptate ab quaerat animi. Et pariatur consequatur ut dolores ut quasi.','At similique asperiores perferendis ea doloremque autem.',1900,NULL,'2007-04-29 02:52:10','2020-11-20 08:26:49'),(53,48,97,'Perspiciatis error mollitia cupiditate pariatur mollitia voluptatibus. Natus quos repellendus ea molestiae. Quam omnis expedita distinctio qui culpa. Omnis nemo sit nisi dolore architecto.','Doloremque corrupti distinctio cum et consequatur.',NULL,8900,'1977-04-10 09:50:56','2020-11-20 08:26:15'),(54,49,49,'Dolores et voluptatem ab aperiam necessitatibus libero vel. Maiores nostrum dignissimos debitis et sapiente illo. Velit voluptas explicabo quibusdam itaque.','Quos dolorem quo error id consequuntur aut omnis.',NULL,6500,'1981-03-07 08:26:10','2020-11-20 08:26:15'),(55,51,78,'Aperiam saepe architecto quae tenetur quasi quia laboriosam molestiae. Omnis officiis necessitatibus veniam ut quae voluptas est placeat. Quas voluptates sit error. Deleniti voluptatibus quidem qui optio in inventore corporis.','Autem similique modi molestiae modi vitae ipsam.',1400,NULL,'2004-06-02 14:28:33','2020-11-20 08:26:49'),(56,53,13,'Nemo vel cumque labore animi iure sit ut. Et laudantium ullam a. Nisi at facilis eius maxime quia.','Esse aut illo ut amet pariatur.',1400,NULL,'2007-02-13 20:04:31','2020-11-20 08:26:49'),(57,55,19,'Beatae eligendi culpa cumque animi. Odit et omnis aut in assumenda. Aut unde numquam dignissimos.','Natus sed corporis consequatur dolores.',NULL,6300,'1973-12-24 14:41:06','2020-11-20 08:26:15'),(58,55,82,'Aliquid optio ut at et rerum sunt. Accusantium quidem aliquid alias dolorem eligendi. Qui aliquid molestiae velit explicabo sapiente. Nemo enim aut exercitationem similique. Nam delectus quisquam placeat deleniti et ad veritatis magni.','Inventore quis est et laboriosam quis.',NULL,5600,'1978-05-01 11:36:15','2020-11-20 08:26:15'),(59,56,35,'Et dolorem ipsam vitae qui nulla. Magni exercitationem quidem voluptates quas omnis aut aspernatur. Aliquid in cumque sapiente aut ipsa. Totam voluptates quia ut omnis sed est quidem.','Aspernatur nobis nemo dolor fuga voluptas.',NULL,3900,'1974-04-02 10:04:33','2020-11-20 08:26:15'),(60,58,30,'Dolor est quo autem molestiae minima facilis. Officiis aperiam omnis molestiae magnam labore. Tempore laboriosam natus ut doloribus omnis dolor. Iusto rerum autem aperiam officiis.','Eos omnis sapiente et beatae quaerat nulla tempora eum.',NULL,4800,'1982-11-05 15:44:55','2020-11-20 08:26:15'),(61,58,48,'Dignissimos molestias quo dolorem porro odio. Nam vero non quisquam odit. Et nam doloremque provident eligendi unde. Et possimus rerum enim magnam.','Aut illo quasi accusamus quo.',1600,8500,'1990-07-13 17:00:37','2020-11-20 08:26:30'),(62,58,54,'Suscipit nulla magnam qui. Dolores doloribus qui illo id. Libero exercitationem maiores cupiditate harum hic ullam.','Non dolorum quam totam qui.',NULL,5300,'1983-06-26 17:14:35','2020-11-20 08:26:15'),(63,58,61,'Aut asperiores sint harum et maxime repellendus. In id qui mollitia quibusdam quibusdam placeat. Velit ut ratione ea dolor nobis magni iure.','Sed quo praesentium rerum incidunt ut molestiae et earum.',NULL,4800,'1978-09-21 15:35:09','2020-11-20 08:26:15'),(64,59,45,'Ut enim qui quis iste. Et quasi mollitia nemo expedita aspernatur occaecati. Illum assumenda ea accusantium blanditiis facere repudiandae officia. Id recusandae ut placeat provident.','Dolor ab quisquam deleniti repellendus.',1800,NULL,'2013-06-14 03:14:21','2020-11-20 08:26:49'),(65,59,71,'Nemo enim optio error temporibus quo cum. Et minus voluptas sit in. Commodi omnis inventore possimus aut ea blanditiis.','Soluta in aut excepturi magnam.',NULL,3400,'1985-10-20 23:09:43','2020-11-20 08:26:15'),(66,62,44,'Consequuntur qui omnis est voluptatem. Ut neque similique alias et omnis porro aspernatur autem.','Rerum ut deserunt ex et itaque.',NULL,6500,'1984-01-14 23:01:50','2020-11-20 08:26:15'),(67,62,78,'Vitae at incidunt dolore aut omnis non. Iusto quibusdam et ipsam praesentium vel distinctio. Repellat cupiditate accusamus ut et quos. Reprehenderit velit molestias praesentium repudiandae in.','Sit nisi consequuntur voluptatibus consequatur velit laboriosam.',1400,5200,'1998-09-07 04:42:15','2020-11-20 08:26:30'),(68,65,5,'Et vero qui sed doloremque architecto adipisci id. Cumque maxime consectetur est. Illo enim voluptas et quia magnam.','Non voluptatem facere accusantium voluptatem.',1200,NULL,'2018-10-08 08:44:04','2020-11-20 08:26:49'),(69,65,43,'Non ut consequatur sequi incidunt. Voluptatem qui et excepturi iste nemo officiis eos. Fuga cum consequuntur aperiam est labore dolorum. Eius ut et hic excepturi.','Unde ut et necessitatibus.',NULL,3000,'1986-03-30 10:13:53','2020-11-20 08:26:15'),(70,69,43,'Consequatur cum quidem quaerat quasi. Quia sequi voluptas quia velit nam.','Sunt saepe ut corporis amet aliquam neque.',NULL,6400,'1985-12-12 02:17:24','2020-11-20 08:26:15'),(71,69,93,'Quod minima qui qui pariatur. Et eum culpa impedit. Qui voluptatem labore voluptatum nihil.','Dolores eos similique voluptatem minima sint pariatur omnis.',1300,NULL,'2004-11-04 06:51:17','2020-11-20 08:26:49'),(72,72,93,'Quia provident voluptatem accusamus facere dolores dolores unde. Consequuntur nihil dicta dicta atque quos. Sequi quia vitae sint amet eos hic. Tempora quaerat eligendi ducimus sed vero aut.','Porro facere occaecati adipisci quasi numquam totam similique.',1400,NULL,'2016-07-21 23:01:02','2020-11-20 08:26:49'),(73,73,36,'Quam rerum vero similique quam quia. Rerum vitae ut provident quae ut vel et magni. Eos qui eos et nemo et sapiente beatae. Qui unde ducimus voluptatem necessitatibus voluptatem molestias possimus.','Veniam esse laboriosam ab ut officia.',1900,5000,'1993-06-22 09:52:10','2020-11-20 08:26:30'),(74,73,69,'Ipsa fuga odit in culpa maiores et aperiam nemo. Sequi sed consequuntur cupiditate et. Et error aut itaque reprehenderit eius suscipit nemo. Vitae labore quis voluptatem. Architecto omnis doloremque impedit.','Sit dolorum et aut quisquam iusto.',1700,NULL,'2015-06-21 03:14:14','2020-11-20 08:26:49'),(75,76,30,'Aut in eos perspiciatis et aut earum expedita sapiente. Sit consequuntur deleniti culpa dolorum libero sunt. Ut autem laboriosam perspiciatis reprehenderit.','Aliquam repellat quia rerum quidem facere earum ut enim.',1200,NULL,'2016-11-26 13:37:37','2020-11-20 08:26:49'),(76,76,48,'Labore assumenda enim at omnis. Est est necessitatibus debitis culpa. Quos sed doloribus aliquid et et atque.','Debitis culpa consequatur hic rerum quidem ut voluptatem.',1100,NULL,'2009-01-16 15:14:14','2020-11-20 08:26:49'),(77,76,84,'Aliquam sit consequatur rerum nam consequuntur est blanditiis. A quibusdam sit autem et possimus officia. Et omnis aut recusandae totam ab veniam sit. Aliquid dolorum ipsam quis quos temporibus qui.','Omnis magnam suscipit at delectus ipsam pariatur qui nihil.',1900,NULL,'2016-05-23 02:26:18','2020-11-20 08:26:49'),(78,76,88,'Suscipit ipsam cumque voluptas. Recusandae reprehenderit sequi pariatur dolor odio. Vitae id nostrum quis omnis ut et cumque. Distinctio unde reprehenderit fugiat ut commodi.','Alias itaque sit iste.',1800,4300,'1999-02-27 03:50:04','2020-11-20 08:26:30'),(79,78,79,'Et modi veritatis sit dolor ut illum quos. Autem numquam dolorum et ea dolores quis.','Impedit non quia earum quam non consequatur.',1900,4600,'1998-07-09 15:59:33','2020-11-20 08:26:30'),(80,79,68,'Omnis rem provident nostrum. Temporibus vel pariatur expedita est cupiditate esse ut. Natus officiis debitis ut. Debitis numquam veniam fugiat cumque eveniet suscipit dolore.','Sunt repellat recusandae consequatur adipisci cum illum voluptatem.',1300,NULL,'2004-11-17 06:06:29','2020-11-20 08:26:49'),(81,79,87,'Quis qui tempore ratione ea. Veniam iusto quo rerum velit quaerat ex corporis incidunt. Qui aliquid et mollitia asperiores.','Ut eligendi itaque consequuntur architecto ut modi labore.',1200,NULL,'2020-07-31 04:08:48','2020-11-20 08:26:49'),(82,79,88,'Sint debitis commodi quia porro. Dolore ea voluptatibus beatae doloribus aut odit animi. Excepturi sequi placeat fugiat at.','Itaque id expedita ullam aliquid excepturi.',1700,NULL,'2013-12-25 08:32:59','2020-11-20 08:26:49'),(83,80,4,'Quasi ut excepturi laudantium placeat sunt ut. Fugit occaecati occaecati et ipsa officiis itaque saepe. Sed possimus officiis sapiente quae corrupti. Omnis et sint qui.','Temporibus asperiores totam qui.',NULL,7100,'1980-07-10 21:31:15','2020-11-20 08:26:15'),(84,82,37,'Quisquam placeat temporibus aut nulla aut iste est. Dolor possimus blanditiis deserunt vitae voluptas. Et provident eos a voluptatibus maxime. Est consectetur eum dolorem eaque est.','Sint omnis et et magni fugit omnis.',NULL,8700,'1974-08-05 11:26:07','2020-11-20 08:26:15'),(85,84,77,'Doloremque iusto doloremque ea maxime. Architecto consequatur accusantium quae quaerat ut vel quia. Est quis sit quia sed voluptas. Asperiores at illo tempora eum suscipit blanditiis.','Illum placeat nemo assumenda ut rerum harum magni aut.',1400,8100,'1993-07-13 15:15:59','2020-11-20 08:26:30'),(86,85,45,'Et illum porro laboriosam voluptatibus est consequatur qui. Magnam blanditiis deleniti et quia enim facere. Autem porro rerum doloremque minima officia. Libero odio perferendis eum.','Quibusdam incidunt omnis error omnis a quo earum voluptatum.',NULL,8000,'1985-02-24 07:26:48','2020-11-20 08:26:15'),(87,87,35,'Nam facere adipisci possimus magnam. Id cum possimus rerum veritatis. Fuga ducimus sit eaque praesentium exercitationem qui.','Ea quaerat est et modi eos quasi.',1100,NULL,'2020-02-17 17:56:29','2020-11-20 08:26:49'),(88,87,99,'Rerum ullam similique dolore quia quia facilis. Id eos doloremque laudantium facilis tenetur sint reprehenderit recusandae. Dicta ea rem quo iste ut quam aut. Praesentium vel qui dignissimos deserunt sint rerum maxime.','Architecto nihil consectetur quos exercitationem tempora quisquam non repudiandae.',1600,8500,'2001-10-27 17:19:28','2020-11-20 08:26:30'),(89,89,24,'Voluptatibus tenetur nihil qui sint eligendi. Autem voluptatem totam et maxime eligendi. Aut rerum minus molestiae laborum neque vel. Ipsum et quaerat dolor.','Et quas occaecati hic fugit ratione voluptatem dolore consequatur.',1800,NULL,'2008-05-31 03:58:24','2020-11-20 08:26:49'),(90,89,35,'Nam quae aut quia nisi dignissimos quo magnam. Quia ab quaerat sit alias. Quae saepe voluptatem possimus quam dolorem.','Modi vel distinctio tempora nesciunt.',1100,NULL,'2013-02-17 11:03:24','2020-11-20 08:26:49'),(91,91,35,'Sequi minima iste omnis qui mollitia. Et illum aut reiciendis et qui atque. Accusantium rerum quos accusantium non voluptas ducimus iste.','Commodi corporis delectus id dolor ut perspiciatis et.',1200,NULL,'2014-07-25 08:57:51','2020-11-20 08:26:49'),(92,92,19,'Velit aut et qui. Ducimus quia nemo fugit vel. Libero aut consectetur excepturi inventore blanditiis praesentium.','Non quibusdam quis facilis ipsum laudantium eos porro.',1300,NULL,'2007-07-27 22:32:47','2020-11-20 08:26:49'),(93,92,74,'Occaecati amet nam quis ipsa quia eveniet. Voluptas mollitia minima excepturi voluptatem. Debitis hic accusamus dolorum et atque molestiae voluptatibus. Ut eum unde reiciendis non qui mollitia quis voluptatibus.','Nam molestiae veritatis incidunt officiis ipsam est.',1900,NULL,'2013-08-14 00:18:14','2020-11-20 08:26:49'),(94,93,35,'Laboriosam reiciendis ducimus similique. Tempora in debitis sit neque. Odio dolorem eum sed veniam itaque. Laudantium eos facere laudantium quo sequi.','Veniam et laborum qui laborum.',1000,NULL,'2003-09-12 04:19:58','2020-11-20 08:26:49'),(95,94,45,'Ut sint voluptas maxime cum aut. Culpa sint ullam voluptate quas rerum quo tempora. Dolor officia similique at incidunt mollitia eos. Eum quo deleniti repudiandae sit qui.','Sed quae facere dolor sit soluta sed.',1100,NULL,'2014-10-11 10:46:10','2020-11-20 08:26:49'),(96,98,22,'Repellendus voluptate est a deleniti. Qui molestias qui quam ut qui nesciunt consectetur. Optio animi aut vitae voluptatem. Corrupti rerum dolorem aperiam.','Explicabo libero dolores voluptatem.',NULL,4900,'1972-04-21 02:39:38','2020-11-20 08:26:15'),(97,99,46,'Numquam ratione perferendis quis asperiores veritatis incidunt. Quidem dolores praesentium qui mollitia libero aliquam possimus nisi. A cumque cupiditate vitae voluptate deleniti odio rerum. Praesentium laudantium et doloribus ut. Debitis voluptate laboriosam provident maiores et voluptate sequi.','Iste quaerat quis illo.',1700,NULL,'2012-02-02 10:30:05','2020-11-20 08:26:49');
/*!40000 ALTER TABLE `vacancies` ENABLE KEYS */;
UNLOCK TABLES;
/*!40103 SET TIME_ZONE=@OLD_TIME_ZONE */;

/*!40101 SET SQL_MODE=@OLD_SQL_MODE */;
/*!40014 SET FOREIGN_KEY_CHECKS=@OLD_FOREIGN_KEY_CHECKS */;
/*!40014 SET UNIQUE_CHECKS=@OLD_UNIQUE_CHECKS */;
/*!40101 SET CHARACTER_SET_CLIENT=@OLD_CHARACTER_SET_CLIENT */;
/*!40101 SET CHARACTER_SET_RESULTS=@OLD_CHARACTER_SET_RESULTS */;
/*!40101 SET COLLATION_CONNECTION=@OLD_COLLATION_CONNECTION */;
/*!40111 SET SQL_NOTES=@OLD_SQL_NOTES */;

-- Dump completed on 2020-11-20 16:37:00
