INSERT INTO `hashtags` (`id`, `tag`, `created_at`, `updated_at`) VALUES ('1', 'paerwfg', '2005-01-19 06:02:29', '1974-11-14 12:31:28');
INSERT INTO `hashtags` (`id`, `tag`, `created_at`, `updated_at`) VALUES ('2', 'zphxnjt', '1998-09-25 00:06:15', '2002-08-27 12:45:31');
INSERT INTO `hashtags` (`id`, `tag`, `created_at`, `updated_at`) VALUES ('3', 'emprjmv', '2006-12-07 06:55:56', '1990-10-25 03:14:52');
INSERT INTO `hashtags` (`id`, `tag`, `created_at`, `updated_at`) VALUES ('4', 'ufqllco', '2000-01-28 00:32:02', '2005-10-25 00:02:05');
INSERT INTO `hashtags` (`id`, `tag`, `created_at`, `updated_at`) VALUES ('5', 'tsverpc', '1982-11-11 04:45:31', '1990-11-29 03:32:28');
INSERT INTO `hashtags` (`id`, `tag`, `created_at`, `updated_at`) VALUES ('6', 'ganfcdc', '1977-05-19 05:42:16', '2006-12-24 06:28:20');
INSERT INTO `hashtags` (`id`, `tag`, `created_at`, `updated_at`) VALUES ('7', 'eeltvzk', '1977-08-04 22:46:29', '2017-12-23 10:28:31');
INSERT INTO `hashtags` (`id`, `tag`, `created_at`, `updated_at`) VALUES ('8', 'ufcwjbh', '1987-01-30 11:26:30', '2020-07-18 10:43:03');
INSERT INTO `hashtags` (`id`, `tag`, `created_at`, `updated_at`) VALUES ('9', 'bbqtjmk', '1994-09-19 18:08:45', '1995-04-23 17:37:52');
INSERT INTO `hashtags` (`id`, `tag`, `created_at`, `updated_at`) VALUES ('10', 'agdzxmb', '1976-12-28 08:54:55', '1987-08-04 20:53:24');
INSERT INTO `hashtags` (`id`, `tag`, `created_at`, `updated_at`) VALUES ('11', 'qrzgdhm', '2012-03-12 04:27:04', '1993-04-17 21:34:49');
INSERT INTO `hashtags` (`id`, `tag`, `created_at`, `updated_at`) VALUES ('12', 'esndfju', '2011-03-07 09:29:19', '2014-05-02 04:55:37');
INSERT INTO `hashtags` (`id`, `tag`, `created_at`, `updated_at`) VALUES ('13', 'peuwahg', '1987-12-04 09:32:57', '1973-12-01 19:03:41');
INSERT INTO `hashtags` (`id`, `tag`, `created_at`, `updated_at`) VALUES ('14', 'keyuipd', '1985-03-31 15:24:19', '1973-10-29 03:31:48');
INSERT INTO `hashtags` (`id`, `tag`, `created_at`, `updated_at`) VALUES ('15', 'lgxfkyv', '2016-02-24 07:32:44', '1976-01-18 13:03:39');
INSERT INTO `hashtags` (`id`, `tag`, `created_at`, `updated_at`) VALUES ('16', 'uweimjk', '1985-12-02 22:00:25', '1991-02-11 09:24:05');
INSERT INTO `hashtags` (`id`, `tag`, `created_at`, `updated_at`) VALUES ('17', 'lyclaji', '2013-10-25 18:12:59', '2015-01-12 20:16:13');
INSERT INTO `hashtags` (`id`, `tag`, `created_at`, `updated_at`) VALUES ('18', 'csmdyvg', '1985-06-22 23:16:03', '1986-03-28 19:12:11');
INSERT INTO `hashtags` (`id`, `tag`, `created_at`, `updated_at`) VALUES ('19', 'fqxxzlp', '2009-11-29 10:41:20', '2015-08-22 01:55:04');
INSERT INTO `hashtags` (`id`, `tag`, `created_at`, `updated_at`) VALUES ('20', 'qnrouce', '2005-06-22 19:11:50', '2008-10-18 10:01:15');
INSERT INTO `hashtags` (`id`, `tag`, `created_at`, `updated_at`) VALUES ('21', 'ssvdhtm', '1998-03-25 00:51:06', '2018-11-19 22:38:26');
INSERT INTO `hashtags` (`id`, `tag`, `created_at`, `updated_at`) VALUES ('22', 'xtwvbqp', '2018-07-21 01:17:22', '1998-07-08 14:16:47');
INSERT INTO `hashtags` (`id`, `tag`, `created_at`, `updated_at`) VALUES ('23', 'ecadosh', '1987-05-14 22:41:26', '2013-11-16 03:06:44');
INSERT INTO `hashtags` (`id`, `tag`, `created_at`, `updated_at`) VALUES ('24', 'mmpnxrv', '2012-01-17 07:48:12', '2001-12-17 03:40:15');
INSERT INTO `hashtags` (`id`, `tag`, `created_at`, `updated_at`) VALUES ('25', 'qphznff', '1974-09-11 05:16:23', '2006-06-09 16:01:03');
INSERT INTO `hashtags` (`id`, `tag`, `created_at`, `updated_at`) VALUES ('26', 'tmusbqx', '2003-11-09 20:45:32', '2019-12-09 15:11:00');
INSERT INTO `hashtags` (`id`, `tag`, `created_at`, `updated_at`) VALUES ('27', 'lnfiyug', '1972-05-30 02:49:26', '1997-08-05 21:28:54');
INSERT INTO `hashtags` (`id`, `tag`, `created_at`, `updated_at`) VALUES ('28', 'irnqygy', '1986-10-24 23:17:06', '1984-09-16 21:30:15');
INSERT INTO `hashtags` (`id`, `tag`, `created_at`, `updated_at`) VALUES ('29', 'pevvqks', '1972-04-28 00:16:05', '2002-09-20 02:58:22');
INSERT INTO `hashtags` (`id`, `tag`, `created_at`, `updated_at`) VALUES ('30', 'xzjvaps', '2000-03-03 02:45:07', '1973-01-29 05:32:37');
INSERT INTO `hashtags` (`id`, `tag`, `created_at`, `updated_at`) VALUES ('31', 'zwnpgmt', '2011-07-01 14:44:28', '2005-11-24 02:55:15');
INSERT INTO `hashtags` (`id`, `tag`, `created_at`, `updated_at`) VALUES ('32', 'qcwhrvy', '2008-02-09 17:35:13', '2002-01-06 20:45:59');
INSERT INTO `hashtags` (`id`, `tag`, `created_at`, `updated_at`) VALUES ('33', 'klfdwrb', '2020-08-20 04:12:56', '1990-09-27 09:12:38');
INSERT INTO `hashtags` (`id`, `tag`, `created_at`, `updated_at`) VALUES ('34', 'fxobsjo', '1974-10-05 13:27:27', '1972-05-24 16:03:30');
INSERT INTO `hashtags` (`id`, `tag`, `created_at`, `updated_at`) VALUES ('35', 'ixdtsve', '1978-02-15 05:04:24', '2007-10-17 23:55:27');
INSERT INTO `hashtags` (`id`, `tag`, `created_at`, `updated_at`) VALUES ('36', 'sywftsr', '1987-04-24 21:54:11', '2010-07-01 16:33:23');
INSERT INTO `hashtags` (`id`, `tag`, `created_at`, `updated_at`) VALUES ('37', 'qeotdyr', '2005-02-15 15:45:01', '1979-07-17 10:30:54');
INSERT INTO `hashtags` (`id`, `tag`, `created_at`, `updated_at`) VALUES ('38', 'guerbkb', '2011-12-06 16:10:26', '1983-07-19 02:36:01');
INSERT INTO `hashtags` (`id`, `tag`, `created_at`, `updated_at`) VALUES ('39', 'wnqaexb', '1974-07-21 11:11:26', '1991-01-27 10:02:42');
INSERT INTO `hashtags` (`id`, `tag`, `created_at`, `updated_at`) VALUES ('40', 'fkcslzr', '1981-01-31 10:02:27', '1970-06-06 23:02:05');
INSERT INTO `hashtags` (`id`, `tag`, `created_at`, `updated_at`) VALUES ('41', 'tcfeujp', '2013-01-09 19:38:43', '1987-03-11 21:00:49');
INSERT INTO `hashtags` (`id`, `tag`, `created_at`, `updated_at`) VALUES ('42', 'cmrzqlb', '1983-08-05 02:35:34', '2015-02-18 09:55:58');
INSERT INTO `hashtags` (`id`, `tag`, `created_at`, `updated_at`) VALUES ('43', 'awngknd', '1971-10-23 12:00:09', '1994-03-09 00:45:30');
INSERT INTO `hashtags` (`id`, `tag`, `created_at`, `updated_at`) VALUES ('44', 'tccvfpq', '1970-05-26 03:41:43', '2016-02-03 16:13:29');
INSERT INTO `hashtags` (`id`, `tag`, `created_at`, `updated_at`) VALUES ('45', 'ynsfxph', '1980-11-29 20:41:52', '1988-09-30 06:19:59');
INSERT INTO `hashtags` (`id`, `tag`, `created_at`, `updated_at`) VALUES ('46', 'uvtacux', '2001-11-28 14:57:14', '1994-09-09 17:12:33');
INSERT INTO `hashtags` (`id`, `tag`, `created_at`, `updated_at`) VALUES ('47', 'mxoyvtw', '2003-10-25 11:45:43', '1997-10-27 18:38:32');
INSERT INTO `hashtags` (`id`, `tag`, `created_at`, `updated_at`) VALUES ('48', 'hysaodj', '2002-07-11 05:06:48', '2020-07-29 02:07:44');
INSERT INTO `hashtags` (`id`, `tag`, `created_at`, `updated_at`) VALUES ('49', 'ukadsxi', '1996-09-15 20:46:06', '1987-11-22 23:29:45');
INSERT INTO `hashtags` (`id`, `tag`, `created_at`, `updated_at`) VALUES ('50', 'quojwre', '1979-06-14 06:03:06', '2016-12-01 04:26:02');
INSERT INTO `hashtags` (`id`, `tag`, `created_at`, `updated_at`) VALUES ('51', 'ncouomo', '1999-07-14 18:06:17', '1972-02-22 05:40:59');
INSERT INTO `hashtags` (`id`, `tag`, `created_at`, `updated_at`) VALUES ('52', 'nlqbdod', '2016-04-22 13:46:50', '1975-02-18 09:23:32');
INSERT INTO `hashtags` (`id`, `tag`, `created_at`, `updated_at`) VALUES ('53', 'eofdgvf', '1978-06-24 00:35:16', '1991-02-23 22:12:52');
INSERT INTO `hashtags` (`id`, `tag`, `created_at`, `updated_at`) VALUES ('54', 'kpetdml', '2005-04-03 05:31:48', '1975-01-14 22:56:52');
INSERT INTO `hashtags` (`id`, `tag`, `created_at`, `updated_at`) VALUES ('55', 'mmmvkuj', '2010-09-28 10:13:18', '1979-10-25 08:55:04');
INSERT INTO `hashtags` (`id`, `tag`, `created_at`, `updated_at`) VALUES ('56', 'cehqbst', '2008-01-28 02:33:49', '1978-06-08 14:09:20');
INSERT INTO `hashtags` (`id`, `tag`, `created_at`, `updated_at`) VALUES ('57', 'lrlrbya', '1986-01-28 21:08:23', '1975-10-25 04:00:45');
INSERT INTO `hashtags` (`id`, `tag`, `created_at`, `updated_at`) VALUES ('58', 'fulbczd', '2008-02-06 03:44:25', '1976-12-13 05:30:19');
INSERT INTO `hashtags` (`id`, `tag`, `created_at`, `updated_at`) VALUES ('59', 'mtywide', '2002-04-26 13:21:09', '1985-11-29 05:26:13');
INSERT INTO `hashtags` (`id`, `tag`, `created_at`, `updated_at`) VALUES ('60', 'uivodpc', '1987-12-22 04:22:20', '1999-10-30 17:00:46');
INSERT INTO `hashtags` (`id`, `tag`, `created_at`, `updated_at`) VALUES ('61', 'ladopmh', '1985-07-08 21:58:08', '1990-07-04 18:27:46');
INSERT INTO `hashtags` (`id`, `tag`, `created_at`, `updated_at`) VALUES ('62', 'fwqeayj', '1987-03-07 01:12:45', '1974-11-03 14:54:45');
INSERT INTO `hashtags` (`id`, `tag`, `created_at`, `updated_at`) VALUES ('63', 'kmvpzpc', '1993-01-19 05:36:31', '2004-10-21 09:38:43');
INSERT INTO `hashtags` (`id`, `tag`, `created_at`, `updated_at`) VALUES ('64', 'wzeorop', '2018-07-25 10:56:52', '2014-02-26 02:08:27');
INSERT INTO `hashtags` (`id`, `tag`, `created_at`, `updated_at`) VALUES ('65', 'adzrzsl', '1994-06-15 11:58:04', '1971-01-26 07:39:04');
INSERT INTO `hashtags` (`id`, `tag`, `created_at`, `updated_at`) VALUES ('66', 'deswylr', '2002-12-15 16:21:13', '2002-02-21 18:18:30');
INSERT INTO `hashtags` (`id`, `tag`, `created_at`, `updated_at`) VALUES ('67', 'rlpcief', '1985-07-28 17:10:09', '1978-02-24 20:00:19');
INSERT INTO `hashtags` (`id`, `tag`, `created_at`, `updated_at`) VALUES ('68', 'wqbsloz', '2016-04-03 17:57:05', '1980-11-20 08:17:53');
INSERT INTO `hashtags` (`id`, `tag`, `created_at`, `updated_at`) VALUES ('69', 'hfrskpw', '1986-03-29 22:00:40', '1996-11-14 00:10:01');
INSERT INTO `hashtags` (`id`, `tag`, `created_at`, `updated_at`) VALUES ('70', 'sfgoqnd', '1975-12-09 09:03:59', '1993-03-17 17:47:34');
INSERT INTO `hashtags` (`id`, `tag`, `created_at`, `updated_at`) VALUES ('71', 'pnasmxl', '1977-09-12 01:01:13', '1975-09-01 05:05:03');
INSERT INTO `hashtags` (`id`, `tag`, `created_at`, `updated_at`) VALUES ('72', 'xzqsopk', '2002-05-22 03:16:43', '2010-07-23 16:36:08');
INSERT INTO `hashtags` (`id`, `tag`, `created_at`, `updated_at`) VALUES ('73', 'vlkkpin', '2012-06-11 13:38:49', '2009-11-25 14:27:23');
INSERT INTO `hashtags` (`id`, `tag`, `created_at`, `updated_at`) VALUES ('74', 'wtxlkcu', '1995-06-07 16:58:31', '1973-07-05 04:40:05');
INSERT INTO `hashtags` (`id`, `tag`, `created_at`, `updated_at`) VALUES ('75', 'slohehh', '1987-08-10 15:06:07', '2015-01-30 17:03:53');
INSERT INTO `hashtags` (`id`, `tag`, `created_at`, `updated_at`) VALUES ('76', 'bmsyagm', '2003-09-14 15:39:32', '1990-08-20 11:55:02');
INSERT INTO `hashtags` (`id`, `tag`, `created_at`, `updated_at`) VALUES ('77', 'gnncuol', '2009-07-16 13:08:43', '1987-10-07 03:03:13');
INSERT INTO `hashtags` (`id`, `tag`, `created_at`, `updated_at`) VALUES ('78', 'zmbcbbe', '2012-06-01 02:43:49', '2015-02-15 17:23:09');
INSERT INTO `hashtags` (`id`, `tag`, `created_at`, `updated_at`) VALUES ('79', 'mgkqucn', '1970-11-10 16:47:27', '2006-12-16 03:51:49');
INSERT INTO `hashtags` (`id`, `tag`, `created_at`, `updated_at`) VALUES ('80', 'dcypfpl', '1973-05-27 12:17:52', '1999-09-01 02:04:29');
INSERT INTO `hashtags` (`id`, `tag`, `created_at`, `updated_at`) VALUES ('81', 'cqcemhv', '1983-08-20 22:35:39', '2016-06-18 05:05:21');
INSERT INTO `hashtags` (`id`, `tag`, `created_at`, `updated_at`) VALUES ('82', 'bdzskml', '2006-05-27 06:33:59', '1995-02-25 09:56:36');
INSERT INTO `hashtags` (`id`, `tag`, `created_at`, `updated_at`) VALUES ('83', 'smltvlb', '1983-08-08 07:15:51', '2004-03-18 11:32:02');
INSERT INTO `hashtags` (`id`, `tag`, `created_at`, `updated_at`) VALUES ('84', 'iveyszd', '2012-07-26 16:50:52', '1982-11-16 10:49:29');
INSERT INTO `hashtags` (`id`, `tag`, `created_at`, `updated_at`) VALUES ('85', 'lzekcql', '1977-02-24 11:18:28', '2014-02-27 03:55:16');
INSERT INTO `hashtags` (`id`, `tag`, `created_at`, `updated_at`) VALUES ('86', 'qjjpkfd', '2020-10-22 01:25:25', '1984-02-24 07:25:46');
INSERT INTO `hashtags` (`id`, `tag`, `created_at`, `updated_at`) VALUES ('87', 'scqxdpo', '1982-02-25 00:06:54', '1985-11-22 10:28:46');
INSERT INTO `hashtags` (`id`, `tag`, `created_at`, `updated_at`) VALUES ('88', 'bpyehvq', '2010-07-28 20:48:11', '1997-02-01 04:46:16');
INSERT INTO `hashtags` (`id`, `tag`, `created_at`, `updated_at`) VALUES ('89', 'ropdxwk', '2016-06-19 16:38:19', '1983-05-27 22:56:53');
INSERT INTO `hashtags` (`id`, `tag`, `created_at`, `updated_at`) VALUES ('90', 'nvoycwn', '1989-07-24 15:03:48', '2012-08-08 00:26:19');
INSERT INTO `hashtags` (`id`, `tag`, `created_at`, `updated_at`) VALUES ('91', 'bnigrvk', '1986-06-15 01:34:14', '1979-03-01 18:19:52');
INSERT INTO `hashtags` (`id`, `tag`, `created_at`, `updated_at`) VALUES ('92', 'vgtielf', '2017-06-06 18:16:53', '1994-01-26 02:39:12');
INSERT INTO `hashtags` (`id`, `tag`, `created_at`, `updated_at`) VALUES ('93', 'bbuqppc', '2015-01-28 04:54:34', '2008-07-06 01:35:35');
INSERT INTO `hashtags` (`id`, `tag`, `created_at`, `updated_at`) VALUES ('94', 'pqpyitc', '1994-08-16 19:57:56', '1988-05-30 17:10:11');
INSERT INTO `hashtags` (`id`, `tag`, `created_at`, `updated_at`) VALUES ('95', 'jbqarrl', '2018-01-27 22:12:25', '2018-05-07 01:32:40');
INSERT INTO `hashtags` (`id`, `tag`, `created_at`, `updated_at`) VALUES ('96', 'slivcjs', '2007-12-19 14:34:35', '1993-04-27 21:17:23');
INSERT INTO `hashtags` (`id`, `tag`, `created_at`, `updated_at`) VALUES ('97', 'gyarnrb', '1994-12-30 22:48:43', '1994-09-03 04:46:15');
INSERT INTO `hashtags` (`id`, `tag`, `created_at`, `updated_at`) VALUES ('98', 'ehobuin', '2005-04-20 09:05:25', '1972-10-11 23:11:27');
INSERT INTO `hashtags` (`id`, `tag`, `created_at`, `updated_at`) VALUES ('99', 'rkfiolg', '2007-05-30 01:18:21', '1970-02-21 00:03:30');
INSERT INTO `hashtags` (`id`, `tag`, `created_at`, `updated_at`) VALUES ('100', 'iokmqfc', '1996-09-25 14:34:17', '1987-09-20 02:44:42');

INSERT INTO `countries` (`id`, `name`, `created_at`, `updated_at`) VALUES ('1', 'Ecuador', '2007-08-26 09:27:26', '2005-12-18 14:18:50');
INSERT INTO `countries` (`id`, `name`, `created_at`, `updated_at`) VALUES ('2', 'Maldives', '1971-04-30 22:47:48', '1977-12-22 06:03:46');
INSERT INTO `countries` (`id`, `name`, `created_at`, `updated_at`) VALUES ('3', 'Libyan Arab Jamahiriya', '2010-10-03 10:20:23', '2007-05-22 16:57:20');
INSERT INTO `countries` (`id`, `name`, `created_at`, `updated_at`) VALUES ('4', 'Papua New Guinea', '1977-04-17 15:28:42', '2003-12-01 21:04:11');
INSERT INTO `countries` (`id`, `name`, `created_at`, `updated_at`) VALUES ('5', 'Anguilla', '1981-07-01 14:11:00', '2010-10-23 04:57:37');
INSERT INTO `countries` (`id`, `name`, `created_at`, `updated_at`) VALUES ('6', 'Cambodia', '1982-08-31 18:53:12', '1978-11-15 19:57:09');
INSERT INTO `countries` (`id`, `name`, `created_at`, `updated_at`) VALUES ('7', 'Saint Kitts and Nevis', '1983-11-12 09:00:17', '1974-06-06 19:51:55');
INSERT INTO `countries` (`id`, `name`, `created_at`, `updated_at`) VALUES ('8', 'Hungary', '1977-11-27 16:08:29', '2006-02-24 16:45:57');
INSERT INTO `countries` (`id`, `name`, `created_at`, `updated_at`) VALUES ('9', 'Syrian Arab Republic', '1995-07-28 05:56:04', '2000-01-03 08:45:46');
INSERT INTO `countries` (`id`, `name`, `created_at`, `updated_at`) VALUES ('10', 'Sierra Leone', '1995-11-23 11:30:11', '1973-08-12 02:00:03');
INSERT INTO `countries` (`id`, `name`, `created_at`, `updated_at`) VALUES ('11', 'Yemen', '1997-10-30 18:41:17', '1977-09-02 02:40:52');
INSERT INTO `countries` (`id`, `name`, `created_at`, `updated_at`) VALUES ('12', 'Finland', '1988-07-07 02:21:37', '1986-08-25 11:13:42');
INSERT INTO `countries` (`id`, `name`, `created_at`, `updated_at`) VALUES ('13', 'Czech Republic', '2008-04-09 08:04:41', '1983-06-17 20:43:43');
INSERT INTO `countries` (`id`, `name`, `created_at`, `updated_at`) VALUES ('14', 'Iceland', '2003-11-24 14:09:58', '2010-05-12 14:06:30');
INSERT INTO `countries` (`id`, `name`, `created_at`, `updated_at`) VALUES ('15', 'South Georgia and the South Sandwich Islands', '2000-05-08 10:15:08', '1985-08-01 03:11:53');
INSERT INTO `countries` (`id`, `name`, `created_at`, `updated_at`) VALUES ('16', 'Panama', '2013-02-25 03:58:08', '1976-07-02 21:05:47');
INSERT INTO `countries` (`id`, `name`, `created_at`, `updated_at`) VALUES ('17', 'Montserrat', '1990-05-25 00:22:52', '2005-06-09 04:51:07');
INSERT INTO `countries` (`id`, `name`, `created_at`, `updated_at`) VALUES ('18', 'Bahamas', '1997-03-07 23:26:30', '1991-09-02 06:17:25');
INSERT INTO `countries` (`id`, `name`, `created_at`, `updated_at`) VALUES ('19', 'Cuba', '1981-03-16 18:02:38', '2006-02-17 09:03:43');
INSERT INTO `countries` (`id`, `name`, `created_at`, `updated_at`) VALUES ('20', 'Poland', '2014-09-21 11:56:40', '1996-04-11 11:49:29');
INSERT INTO `countries` (`id`, `name`, `created_at`, `updated_at`) VALUES ('21', 'Montenegro', '1999-04-09 07:46:35', '1971-05-02 09:04:20');
INSERT INTO `countries` (`id`, `name`, `created_at`, `updated_at`) VALUES ('22', 'Israel', '1983-10-14 15:29:32', '1988-01-04 20:39:12');
INSERT INTO `countries` (`id`, `name`, `created_at`, `updated_at`) VALUES ('23', 'American Samoa', '1999-07-25 05:02:01', '2019-06-23 14:17:37');
INSERT INTO `countries` (`id`, `name`, `created_at`, `updated_at`) VALUES ('24', 'Northern Mariana Islands', '1994-09-24 23:19:23', '1975-08-18 12:55:24');
INSERT INTO `countries` (`id`, `name`, `created_at`, `updated_at`) VALUES ('25', 'French Southern Territories', '1994-07-27 20:58:15', '2009-02-14 04:46:27');
INSERT INTO `countries` (`id`, `name`, `created_at`, `updated_at`) VALUES ('26', 'Mongolia', '1977-12-08 21:31:50', '2010-10-28 00:29:01');
INSERT INTO `countries` (`id`, `name`, `created_at`, `updated_at`) VALUES ('27', 'Svalbard & Jan Mayen Islands', '1975-11-07 00:12:23', '1997-06-24 23:07:50');
INSERT INTO `countries` (`id`, `name`, `created_at`, `updated_at`) VALUES ('28', 'Ghana', '1992-04-29 18:06:40', '2017-05-26 03:42:23');
INSERT INTO `countries` (`id`, `name`, `created_at`, `updated_at`) VALUES ('29', 'Guinea', '1998-08-02 15:38:30', '1972-10-14 03:59:12');
INSERT INTO `countries` (`id`, `name`, `created_at`, `updated_at`) VALUES ('30', 'Fiji', '2002-07-06 09:24:51', '2007-04-24 02:01:55');
INSERT INTO `countries` (`id`, `name`, `created_at`, `updated_at`) VALUES ('31', 'Bangladesh', '1992-07-25 23:53:32', '2015-07-08 11:17:54');
INSERT INTO `countries` (`id`, `name`, `created_at`, `updated_at`) VALUES ('32', 'Nepal', '1972-03-05 19:57:30', '1978-04-22 18:28:59');
INSERT INTO `countries` (`id`, `name`, `created_at`, `updated_at`) VALUES ('33', 'South Africa', '1989-02-08 02:11:26', '2001-04-18 09:43:37');
INSERT INTO `countries` (`id`, `name`, `created_at`, `updated_at`) VALUES ('34', 'Bolivia', '1987-12-31 13:23:11', '2018-08-16 11:44:49');
INSERT INTO `countries` (`id`, `name`, `created_at`, `updated_at`) VALUES ('35', 'Togo', '2005-10-16 16:27:22', '2001-12-30 20:45:43');
INSERT INTO `countries` (`id`, `name`, `created_at`, `updated_at`) VALUES ('36', 'Brunei Darussalam', '2017-08-14 17:11:03', '1998-05-10 11:56:44');
INSERT INTO `countries` (`id`, `name`, `created_at`, `updated_at`) VALUES ('37', 'Saudi Arabia', '1986-02-08 10:32:03', '1972-10-30 13:28:35');
INSERT INTO `countries` (`id`, `name`, `created_at`, `updated_at`) VALUES ('38', 'Oman', '1984-02-14 01:01:39', '2001-04-25 16:24:14');
INSERT INTO `countries` (`id`, `name`, `created_at`, `updated_at`) VALUES ('39', 'Sao Tome and Principe', '2009-01-16 14:49:36', '2004-11-01 12:33:56');
INSERT INTO `countries` (`id`, `name`, `created_at`, `updated_at`) VALUES ('40', 'Bouvet Island (Bouvetoya)', '1998-08-30 11:25:14', '1992-12-15 18:22:43');
INSERT INTO `countries` (`id`, `name`, `created_at`, `updated_at`) VALUES ('41', 'Gibraltar', '1970-06-28 06:48:40', '1977-11-03 16:56:06');
INSERT INTO `countries` (`id`, `name`, `created_at`, `updated_at`) VALUES ('42', 'Botswana', '2001-09-16 14:22:20', '1976-11-02 20:50:31');
INSERT INTO `countries` (`id`, `name`, `created_at`, `updated_at`) VALUES ('43', 'Eritrea', '1972-10-18 22:52:32', '1970-04-26 15:17:58');
INSERT INTO `countries` (`id`, `name`, `created_at`, `updated_at`) VALUES ('44', 'New Zealand', '2012-05-14 02:05:32', '2014-06-10 23:44:00');
INSERT INTO `countries` (`id`, `name`, `created_at`, `updated_at`) VALUES ('45', 'Mexico', '1992-08-02 11:19:29', '1970-08-26 04:52:50');
INSERT INTO `countries` (`id`, `name`, `created_at`, `updated_at`) VALUES ('46', 'Comoros', '1997-05-05 17:34:09', '2012-05-14 06:15:27');
INSERT INTO `countries` (`id`, `name`, `created_at`, `updated_at`) VALUES ('47', 'Andorra', '2010-08-21 15:39:56', '1990-03-05 23:29:13');
INSERT INTO `countries` (`id`, `name`, `created_at`, `updated_at`) VALUES ('48', 'Jersey', '1998-12-11 14:50:32', '1986-01-28 23:04:40');
INSERT INTO `countries` (`id`, `name`, `created_at`, `updated_at`) VALUES ('49', 'San Marino', '2001-02-08 13:35:18', '1979-04-15 13:21:31');
INSERT INTO `countries` (`id`, `name`, `created_at`, `updated_at`) VALUES ('50', 'Congo', '2003-01-24 19:36:51', '2009-07-15 13:45:35');
INSERT INTO `countries` (`id`, `name`, `created_at`, `updated_at`) VALUES ('51', 'Aruba', '1985-03-21 21:24:14', '1990-01-18 01:46:38');
INSERT INTO `countries` (`id`, `name`, `created_at`, `updated_at`) VALUES ('52', 'Guadeloupe', '1970-10-05 11:43:52', '2000-09-08 14:27:47');
INSERT INTO `countries` (`id`, `name`, `created_at`, `updated_at`) VALUES ('53', 'Singapore', '1982-10-29 21:50:15', '1975-07-19 08:30:05');
INSERT INTO `countries` (`id`, `name`, `created_at`, `updated_at`) VALUES ('54', 'Lebanon', '1987-10-28 14:18:02', '1989-04-17 14:44:30');
INSERT INTO `countries` (`id`, `name`, `created_at`, `updated_at`) VALUES ('55', 'Korea', '1978-09-13 17:14:02', '2012-10-13 10:10:02');
INSERT INTO `countries` (`id`, `name`, `created_at`, `updated_at`) VALUES ('56', 'Netherlands', '1974-10-15 00:49:50', '2000-12-29 00:51:36');
INSERT INTO `countries` (`id`, `name`, `created_at`, `updated_at`) VALUES ('57', 'Egypt', '1985-12-27 14:21:06', '1994-11-17 05:04:33');
INSERT INTO `countries` (`id`, `name`, `created_at`, `updated_at`) VALUES ('58', 'Luxembourg', '1988-02-21 08:38:18', '1979-12-28 19:17:18');
INSERT INTO `countries` (`id`, `name`, `created_at`, `updated_at`) VALUES ('59', 'Namibia', '1988-05-13 05:28:19', '2011-11-27 16:35:48');
INSERT INTO `countries` (`id`, `name`, `created_at`, `updated_at`) VALUES ('60', 'Saint Helena', '1986-04-03 00:02:11', '1989-01-22 14:48:28');
INSERT INTO `countries` (`id`, `name`, `created_at`, `updated_at`) VALUES ('61', 'Greece', '1990-02-28 02:41:21', '1990-04-25 10:31:14');
INSERT INTO `countries` (`id`, `name`, `created_at`, `updated_at`) VALUES ('62', 'Malta', '1992-11-08 08:44:24', '1981-08-29 17:46:23');
INSERT INTO `countries` (`id`, `name`, `created_at`, `updated_at`) VALUES ('63', 'Marshall Islands', '1981-06-30 06:36:51', '2020-08-22 20:22:21');
INSERT INTO `countries` (`id`, `name`, `created_at`, `updated_at`) VALUES ('64', 'Lithuania', '1999-09-08 22:40:10', '2019-12-12 18:31:43');
INSERT INTO `countries` (`id`, `name`, `created_at`, `updated_at`) VALUES ('65', 'United Arab Emirates', '1972-11-24 12:07:36', '2010-12-22 03:18:22');
INSERT INTO `countries` (`id`, `name`, `created_at`, `updated_at`) VALUES ('66', 'Iran', '1988-08-24 15:26:58', '1998-07-14 14:59:33');
INSERT INTO `countries` (`id`, `name`, `created_at`, `updated_at`) VALUES ('67', 'Guyana', '1990-11-09 17:03:51', '1988-05-06 13:45:59');
INSERT INTO `countries` (`id`, `name`, `created_at`, `updated_at`) VALUES ('68', 'Tajikistan', '1970-09-20 07:12:33', '2001-10-18 22:07:10');
INSERT INTO `countries` (`id`, `name`, `created_at`, `updated_at`) VALUES ('69', 'Norway', '2008-05-09 09:51:43', '2012-11-13 22:17:29');
INSERT INTO `countries` (`id`, `name`, `created_at`, `updated_at`) VALUES ('70', 'Faroe Islands', '2017-08-14 18:26:26', '1976-08-27 11:03:54');
INSERT INTO `countries` (`id`, `name`, `created_at`, `updated_at`) VALUES ('71', 'Cayman Islands', '1972-08-06 03:44:09', '1981-01-20 19:42:08');
INSERT INTO `countries` (`id`, `name`, `created_at`, `updated_at`) VALUES ('72', 'Iraq', '1985-02-22 17:58:13', '2016-08-03 22:33:00');
INSERT INTO `countries` (`id`, `name`, `created_at`, `updated_at`) VALUES ('73', 'Serbia', '2000-05-30 03:37:12', '2004-11-29 02:51:09');
INSERT INTO `countries` (`id`, `name`, `created_at`, `updated_at`) VALUES ('74', 'Swaziland', '1997-03-31 01:28:22', '2004-07-07 01:13:14');
INSERT INTO `countries` (`id`, `name`, `created_at`, `updated_at`) VALUES ('75', 'New Caledonia', '1982-10-27 10:02:58', '2009-01-27 18:21:29');
INSERT INTO `countries` (`id`, `name`, `created_at`, `updated_at`) VALUES ('76', 'Zambia', '2003-06-04 21:15:18', '1991-12-26 08:25:22');
INSERT INTO `countries` (`id`, `name`, `created_at`, `updated_at`) VALUES ('77', 'Honduras', '1971-07-13 02:57:45', '1979-07-23 06:47:05');
INSERT INTO `countries` (`id`, `name`, `created_at`, `updated_at`) VALUES ('78', 'Grenada', '1988-10-10 22:33:25', '2010-12-30 16:33:12');
INSERT INTO `countries` (`id`, `name`, `created_at`, `updated_at`) VALUES ('79', 'United States Virgin Islands', '2018-12-20 05:15:37', '1970-07-09 02:46:41');
INSERT INTO `countries` (`id`, `name`, `created_at`, `updated_at`) VALUES ('80', 'Somalia', '2003-09-23 01:07:18', '2019-01-07 01:12:34');
INSERT INTO `countries` (`id`, `name`, `created_at`, `updated_at`) VALUES ('81', 'Equatorial Guinea', '1986-12-11 07:27:37', '2017-04-04 08:21:25');
INSERT INTO `countries` (`id`, `name`, `created_at`, `updated_at`) VALUES ('82', 'Antigua and Barbuda', '2014-09-01 03:06:44', '2008-12-26 21:08:01');
INSERT INTO `countries` (`id`, `name`, `created_at`, `updated_at`) VALUES ('83', 'Nauru', '1998-01-29 21:45:48', '2007-07-28 15:13:41');
INSERT INTO `countries` (`id`, `name`, `created_at`, `updated_at`) VALUES ('84', 'Nicaragua', '1981-08-21 19:57:32', '1981-07-25 23:57:27');
INSERT INTO `countries` (`id`, `name`, `created_at`, `updated_at`) VALUES ('85', 'Antarctica (the territory South of 60 deg S)', '1986-02-19 11:53:47', '1985-11-24 07:30:43');
INSERT INTO `countries` (`id`, `name`, `created_at`, `updated_at`) VALUES ('86', 'Palau', '2018-07-20 09:11:16', '2003-08-07 04:31:44');
INSERT INTO `countries` (`id`, `name`, `created_at`, `updated_at`) VALUES ('87', 'Holy See (Vatican City State)', '1975-08-19 21:29:06', '2001-11-15 20:04:26');
INSERT INTO `countries` (`id`, `name`, `created_at`, `updated_at`) VALUES ('88', 'El Salvador', '1970-02-13 07:15:52', '1979-01-25 22:32:04');
INSERT INTO `countries` (`id`, `name`, `created_at`, `updated_at`) VALUES ('89', 'Djibouti', '1988-06-19 21:57:15', '1990-10-13 04:09:46');
INSERT INTO `countries` (`id`, `name`, `created_at`, `updated_at`) VALUES ('90', 'United States Minor Outlying Islands', '1970-10-16 08:29:05', '1979-05-31 19:29:41');
INSERT INTO `countries` (`id`, `name`, `created_at`, `updated_at`) VALUES ('91', 'Wallis and Futuna', '2003-09-06 09:33:20', '1978-05-31 18:37:06');
INSERT INTO `countries` (`id`, `name`, `created_at`, `updated_at`) VALUES ('92', 'Slovenia', '2012-11-30 06:42:32', '2005-08-07 14:36:44');
INSERT INTO `countries` (`id`, `name`, `created_at`, `updated_at`) VALUES ('93', 'Denmark', '1982-08-02 13:03:59', '1997-10-28 23:19:22');
INSERT INTO `countries` (`id`, `name`, `created_at`, `updated_at`) VALUES ('94', 'France', '2016-11-04 21:37:40', '1995-12-08 14:47:49');
INSERT INTO `countries` (`id`, `name`, `created_at`, `updated_at`) VALUES ('95', 'Lao People\'s Democratic Republic', '2002-07-16 06:56:04', '2004-02-11 23:56:31');
INSERT INTO `countries` (`id`, `name`, `created_at`, `updated_at`) VALUES ('96', 'Sudan', '2005-11-04 21:12:41', '1988-11-06 07:35:17');
INSERT INTO `countries` (`id`, `name`, `created_at`, `updated_at`) VALUES ('97', 'Macao', '1982-06-23 10:46:09', '1975-01-27 06:37:00');
INSERT INTO `countries` (`id`, `name`, `created_at`, `updated_at`) VALUES ('98', 'Vietnam', '1974-01-25 08:18:56', '1974-12-05 20:03:02');
INSERT INTO `countries` (`id`, `name`, `created_at`, `updated_at`) VALUES ('99', 'Portugal', '2011-02-01 02:07:24', '1982-12-04 21:40:02');
INSERT INTO `countries` (`id`, `name`, `created_at`, `updated_at`) VALUES ('100', 'Reunion', '2001-12-23 23:05:02', '1979-09-21 02:27:31');

INSERT INTO `cities` (`id`, `country_id`, `name`, `created_at`, `updated_at`) VALUES ('1', '1', 'Port Jovanystad', '1987-12-31 00:00:00', '2005-07-28 00:00:00');
INSERT INTO `cities` (`id`, `country_id`, `name`, `created_at`, `updated_at`) VALUES ('2', '2', 'Gretchenhaven', '2016-10-18 00:00:00', '2012-12-30 00:00:00');
INSERT INTO `cities` (`id`, `country_id`, `name`, `created_at`, `updated_at`) VALUES ('3', '3', 'Predovicchester', '1981-06-03 00:00:00', '1977-04-11 00:00:00');
INSERT INTO `cities` (`id`, `country_id`, `name`, `created_at`, `updated_at`) VALUES ('4', '4', 'West Cristina', '1992-11-06 00:00:00', '1982-08-26 00:00:00');
INSERT INTO `cities` (`id`, `country_id`, `name`, `created_at`, `updated_at`) VALUES ('5', '5', 'Keatontown', '1981-06-24 00:00:00', '2002-11-07 00:00:00');
INSERT INTO `cities` (`id`, `country_id`, `name`, `created_at`, `updated_at`) VALUES ('6', '6', 'Lockmanside', '2001-11-12 00:00:00', '1980-12-05 00:00:00');
INSERT INTO `cities` (`id`, `country_id`, `name`, `created_at`, `updated_at`) VALUES ('7', '7', 'Stephanieton', '1991-01-02 00:00:00', '1977-05-14 00:00:00');
INSERT INTO `cities` (`id`, `country_id`, `name`, `created_at`, `updated_at`) VALUES ('8', '8', 'Bahringershire', '1979-06-10 00:00:00', '1980-09-07 00:00:00');
INSERT INTO `cities` (`id`, `country_id`, `name`, `created_at`, `updated_at`) VALUES ('9', '9', 'New Uriel', '1984-04-09 00:00:00', '2018-03-12 00:00:00');
INSERT INTO `cities` (`id`, `country_id`, `name`, `created_at`, `updated_at`) VALUES ('10', '10', 'Lake Isaiasville', '1974-11-24 00:00:00', '2019-03-24 00:00:00');
INSERT INTO `cities` (`id`, `country_id`, `name`, `created_at`, `updated_at`) VALUES ('11', '11', 'Kaleighbury', '1978-06-22 00:00:00', '2010-03-28 00:00:00');
INSERT INTO `cities` (`id`, `country_id`, `name`, `created_at`, `updated_at`) VALUES ('12', '12', 'Barrowsside', '1979-01-22 00:00:00', '1974-07-17 00:00:00');
INSERT INTO `cities` (`id`, `country_id`, `name`, `created_at`, `updated_at`) VALUES ('13', '13', 'Ethylfort', '2004-10-14 00:00:00', '2020-06-25 00:00:00');
INSERT INTO `cities` (`id`, `country_id`, `name`, `created_at`, `updated_at`) VALUES ('14', '14', 'East Bryana', '1980-11-06 00:00:00', '2004-06-26 00:00:00');
INSERT INTO `cities` (`id`, `country_id`, `name`, `created_at`, `updated_at`) VALUES ('15', '15', 'East Alvinaberg', '1977-03-14 00:00:00', '1982-04-27 00:00:00');
INSERT INTO `cities` (`id`, `country_id`, `name`, `created_at`, `updated_at`) VALUES ('16', '16', 'Jacobiview', '2001-10-06 00:00:00', '1983-07-31 00:00:00');
INSERT INTO `cities` (`id`, `country_id`, `name`, `created_at`, `updated_at`) VALUES ('17', '17', 'Kunzemouth', '1998-03-13 00:00:00', '2006-03-30 00:00:00');
INSERT INTO `cities` (`id`, `country_id`, `name`, `created_at`, `updated_at`) VALUES ('18', '18', 'East Evertshire', '2017-10-15 00:00:00', '2018-07-28 00:00:00');
INSERT INTO `cities` (`id`, `country_id`, `name`, `created_at`, `updated_at`) VALUES ('19', '19', 'New Hazle', '2006-08-10 00:00:00', '1991-12-06 00:00:00');
INSERT INTO `cities` (`id`, `country_id`, `name`, `created_at`, `updated_at`) VALUES ('20', '20', 'Jessikaburgh', '2001-08-28 00:00:00', '2013-02-25 00:00:00');
INSERT INTO `cities` (`id`, `country_id`, `name`, `created_at`, `updated_at`) VALUES ('21', '21', 'Allisonstad', '2017-01-01 00:00:00', '1994-05-15 00:00:00');
INSERT INTO `cities` (`id`, `country_id`, `name`, `created_at`, `updated_at`) VALUES ('22', '22', 'East Roxanne', '2009-05-25 00:00:00', '2004-02-21 00:00:00');
INSERT INTO `cities` (`id`, `country_id`, `name`, `created_at`, `updated_at`) VALUES ('23', '23', 'Wilhelmview', '1994-11-08 00:00:00', '2018-11-18 00:00:00');
INSERT INTO `cities` (`id`, `country_id`, `name`, `created_at`, `updated_at`) VALUES ('24', '24', 'Websterbury', '1970-08-11 00:00:00', '1998-08-18 00:00:00');
INSERT INTO `cities` (`id`, `country_id`, `name`, `created_at`, `updated_at`) VALUES ('25', '25', 'Moriahstad', '2015-04-20 00:00:00', '1975-01-24 00:00:00');
INSERT INTO `cities` (`id`, `country_id`, `name`, `created_at`, `updated_at`) VALUES ('26', '26', 'Jamaalhaven', '1994-10-06 00:00:00', '2007-09-25 00:00:00');
INSERT INTO `cities` (`id`, `country_id`, `name`, `created_at`, `updated_at`) VALUES ('27', '27', 'West Hughside', '2014-02-07 00:00:00', '1992-04-22 00:00:00');
INSERT INTO `cities` (`id`, `country_id`, `name`, `created_at`, `updated_at`) VALUES ('28', '28', 'Port Carter', '2012-11-17 00:00:00', '2006-07-23 00:00:00');
INSERT INTO `cities` (`id`, `country_id`, `name`, `created_at`, `updated_at`) VALUES ('29', '29', 'South Waylon', '2008-07-29 00:00:00', '2018-10-23 00:00:00');
INSERT INTO `cities` (`id`, `country_id`, `name`, `created_at`, `updated_at`) VALUES ('30', '30', 'Parisianshire', '1991-05-25 00:00:00', '1986-04-19 00:00:00');
INSERT INTO `cities` (`id`, `country_id`, `name`, `created_at`, `updated_at`) VALUES ('31', '31', 'South Eliezerberg', '1970-05-07 00:00:00', '2010-01-23 00:00:00');
INSERT INTO `cities` (`id`, `country_id`, `name`, `created_at`, `updated_at`) VALUES ('32', '32', 'West Owenfurt', '1982-05-02 00:00:00', '1983-10-15 00:00:00');
INSERT INTO `cities` (`id`, `country_id`, `name`, `created_at`, `updated_at`) VALUES ('33', '33', 'Lyricside', '1984-07-03 00:00:00', '1974-02-17 00:00:00');
INSERT INTO `cities` (`id`, `country_id`, `name`, `created_at`, `updated_at`) VALUES ('34', '34', 'Homenickbury', '2017-12-27 00:00:00', '2015-07-16 00:00:00');
INSERT INTO `cities` (`id`, `country_id`, `name`, `created_at`, `updated_at`) VALUES ('35', '35', 'New Liana', '2019-10-14 00:00:00', '2015-04-14 00:00:00');
INSERT INTO `cities` (`id`, `country_id`, `name`, `created_at`, `updated_at`) VALUES ('36', '36', 'Anyatown', '2012-12-29 00:00:00', '1995-11-01 00:00:00');
INSERT INTO `cities` (`id`, `country_id`, `name`, `created_at`, `updated_at`) VALUES ('37', '37', 'Candiceview', '1976-02-17 00:00:00', '2015-04-03 00:00:00');
INSERT INTO `cities` (`id`, `country_id`, `name`, `created_at`, `updated_at`) VALUES ('38', '38', 'Vivianfurt', '2012-08-28 00:00:00', '1991-10-23 00:00:00');
INSERT INTO `cities` (`id`, `country_id`, `name`, `created_at`, `updated_at`) VALUES ('39', '39', 'South Orpha', '1976-09-18 00:00:00', '2016-07-30 00:00:00');
INSERT INTO `cities` (`id`, `country_id`, `name`, `created_at`, `updated_at`) VALUES ('40', '40', 'Blockbury', '1986-06-20 00:00:00', '1988-06-17 00:00:00');
INSERT INTO `cities` (`id`, `country_id`, `name`, `created_at`, `updated_at`) VALUES ('41', '41', 'Berthaport', '1974-09-19 00:00:00', '2017-02-04 00:00:00');
INSERT INTO `cities` (`id`, `country_id`, `name`, `created_at`, `updated_at`) VALUES ('42', '42', 'Jastview', '2012-11-25 00:00:00', '2002-02-20 00:00:00');
INSERT INTO `cities` (`id`, `country_id`, `name`, `created_at`, `updated_at`) VALUES ('43', '43', 'New Americoshire', '2019-05-11 00:00:00', '1976-01-27 00:00:00');
INSERT INTO `cities` (`id`, `country_id`, `name`, `created_at`, `updated_at`) VALUES ('44', '44', 'Reillyberg', '2001-10-14 00:00:00', '2000-07-12 00:00:00');
INSERT INTO `cities` (`id`, `country_id`, `name`, `created_at`, `updated_at`) VALUES ('45', '45', 'Beertown', '2020-01-30 00:00:00', '1974-08-28 00:00:00');
INSERT INTO `cities` (`id`, `country_id`, `name`, `created_at`, `updated_at`) VALUES ('46', '46', 'Kirstinfort', '2008-08-23 00:00:00', '2009-05-11 00:00:00');
INSERT INTO `cities` (`id`, `country_id`, `name`, `created_at`, `updated_at`) VALUES ('47', '47', 'Rodriguezton', '1999-05-21 00:00:00', '1994-08-30 00:00:00');
INSERT INTO `cities` (`id`, `country_id`, `name`, `created_at`, `updated_at`) VALUES ('48', '48', 'Ashleefort', '2014-05-28 00:00:00', '1978-01-02 00:00:00');
INSERT INTO `cities` (`id`, `country_id`, `name`, `created_at`, `updated_at`) VALUES ('49', '49', 'Reynoldsberg', '1996-07-05 00:00:00', '2015-02-12 00:00:00');
INSERT INTO `cities` (`id`, `country_id`, `name`, `created_at`, `updated_at`) VALUES ('50', '50', 'Lake Nicoleport', '1980-11-16 00:00:00', '1971-06-30 00:00:00');
INSERT INTO `cities` (`id`, `country_id`, `name`, `created_at`, `updated_at`) VALUES ('51', '51', 'Starkside', '1972-05-13 00:00:00', '1997-03-22 00:00:00');
INSERT INTO `cities` (`id`, `country_id`, `name`, `created_at`, `updated_at`) VALUES ('52', '52', 'Cathychester', '1984-05-02 00:00:00', '2003-04-29 00:00:00');
INSERT INTO `cities` (`id`, `country_id`, `name`, `created_at`, `updated_at`) VALUES ('53', '53', 'South Betsy', '1971-05-19 00:00:00', '1998-04-29 00:00:00');
INSERT INTO `cities` (`id`, `country_id`, `name`, `created_at`, `updated_at`) VALUES ('54', '54', 'Lake Twila', '1980-08-14 00:00:00', '1978-07-20 00:00:00');
INSERT INTO `cities` (`id`, `country_id`, `name`, `created_at`, `updated_at`) VALUES ('55', '55', 'Schoenstad', '2001-01-23 00:00:00', '1994-06-25 00:00:00');
INSERT INTO `cities` (`id`, `country_id`, `name`, `created_at`, `updated_at`) VALUES ('56', '56', 'Port Arnulfoborough', '1978-11-06 00:00:00', '1984-10-12 00:00:00');
INSERT INTO `cities` (`id`, `country_id`, `name`, `created_at`, `updated_at`) VALUES ('57', '57', 'Lake Novellabury', '2018-07-08 00:00:00', '2007-12-21 00:00:00');
INSERT INTO `cities` (`id`, `country_id`, `name`, `created_at`, `updated_at`) VALUES ('58', '58', 'North Winnifred', '1988-11-28 00:00:00', '1979-05-29 00:00:00');
INSERT INTO `cities` (`id`, `country_id`, `name`, `created_at`, `updated_at`) VALUES ('59', '59', 'North Brooke', '1974-09-23 00:00:00', '1973-05-15 00:00:00');
INSERT INTO `cities` (`id`, `country_id`, `name`, `created_at`, `updated_at`) VALUES ('60', '60', 'East Katharina', '2007-04-08 00:00:00', '1974-09-09 00:00:00');
INSERT INTO `cities` (`id`, `country_id`, `name`, `created_at`, `updated_at`) VALUES ('61', '61', 'Courtneyside', '2003-01-02 00:00:00', '1975-10-17 00:00:00');
INSERT INTO `cities` (`id`, `country_id`, `name`, `created_at`, `updated_at`) VALUES ('62', '62', 'Marjolaineland', '1974-11-24 00:00:00', '2016-04-04 00:00:00');
INSERT INTO `cities` (`id`, `country_id`, `name`, `created_at`, `updated_at`) VALUES ('63', '63', 'Brigitteview', '1991-04-16 00:00:00', '1973-07-02 00:00:00');
INSERT INTO `cities` (`id`, `country_id`, `name`, `created_at`, `updated_at`) VALUES ('64', '64', 'Hegmannhaven', '1993-11-15 00:00:00', '2005-12-10 00:00:00');
INSERT INTO `cities` (`id`, `country_id`, `name`, `created_at`, `updated_at`) VALUES ('65', '65', 'Abigaleview', '2000-03-08 00:00:00', '1996-07-11 00:00:00');
INSERT INTO `cities` (`id`, `country_id`, `name`, `created_at`, `updated_at`) VALUES ('66', '66', 'Alverafort', '1982-11-17 00:00:00', '1987-05-18 00:00:00');
INSERT INTO `cities` (`id`, `country_id`, `name`, `created_at`, `updated_at`) VALUES ('67', '67', 'Julioshire', '1975-08-03 00:00:00', '2015-08-16 00:00:00');
INSERT INTO `cities` (`id`, `country_id`, `name`, `created_at`, `updated_at`) VALUES ('68', '68', 'East Ollieside', '1986-06-13 00:00:00', '2020-05-08 00:00:00');
INSERT INTO `cities` (`id`, `country_id`, `name`, `created_at`, `updated_at`) VALUES ('69', '69', 'West Georgiannatown', '1984-05-24 00:00:00', '1970-12-05 00:00:00');
INSERT INTO `cities` (`id`, `country_id`, `name`, `created_at`, `updated_at`) VALUES ('70', '70', 'Lake Osborne', '1976-03-29 00:00:00', '1975-06-29 00:00:00');
INSERT INTO `cities` (`id`, `country_id`, `name`, `created_at`, `updated_at`) VALUES ('71', '71', 'Milomouth', '1983-03-01 00:00:00', '1997-11-19 00:00:00');
INSERT INTO `cities` (`id`, `country_id`, `name`, `created_at`, `updated_at`) VALUES ('72', '72', 'Casperchester', '1975-11-11 00:00:00', '1973-03-20 00:00:00');
INSERT INTO `cities` (`id`, `country_id`, `name`, `created_at`, `updated_at`) VALUES ('73', '73', 'New Pink', '1982-01-03 00:00:00', '1988-05-19 00:00:00');
INSERT INTO `cities` (`id`, `country_id`, `name`, `created_at`, `updated_at`) VALUES ('74', '74', 'North Melissa', '2003-01-14 00:00:00', '1993-01-15 00:00:00');
INSERT INTO `cities` (`id`, `country_id`, `name`, `created_at`, `updated_at`) VALUES ('75', '75', 'Alfredview', '1978-05-27 00:00:00', '1985-08-30 00:00:00');
INSERT INTO `cities` (`id`, `country_id`, `name`, `created_at`, `updated_at`) VALUES ('76', '76', 'South Arnaldotown', '1977-04-02 00:00:00', '1982-07-25 00:00:00');
INSERT INTO `cities` (`id`, `country_id`, `name`, `created_at`, `updated_at`) VALUES ('77', '77', 'Altenwerthside', '2003-12-06 00:00:00', '1999-06-30 00:00:00');
INSERT INTO `cities` (`id`, `country_id`, `name`, `created_at`, `updated_at`) VALUES ('78', '78', 'Onieton', '2013-11-01 00:00:00', '1986-02-23 00:00:00');
INSERT INTO `cities` (`id`, `country_id`, `name`, `created_at`, `updated_at`) VALUES ('79', '79', 'Pollichton', '1985-03-28 00:00:00', '1993-04-21 00:00:00');
INSERT INTO `cities` (`id`, `country_id`, `name`, `created_at`, `updated_at`) VALUES ('80', '80', 'New Lawsonstad', '1976-08-26 00:00:00', '1998-03-28 00:00:00');
INSERT INTO `cities` (`id`, `country_id`, `name`, `created_at`, `updated_at`) VALUES ('81', '81', 'Brandtmouth', '1977-07-23 00:00:00', '1975-11-02 00:00:00');
INSERT INTO `cities` (`id`, `country_id`, `name`, `created_at`, `updated_at`) VALUES ('82', '82', 'O\'Reillyland', '2005-06-22 00:00:00', '1981-05-28 00:00:00');
INSERT INTO `cities` (`id`, `country_id`, `name`, `created_at`, `updated_at`) VALUES ('83', '83', 'Kassulkemouth', '2000-06-05 00:00:00', '2008-03-03 00:00:00');
INSERT INTO `cities` (`id`, `country_id`, `name`, `created_at`, `updated_at`) VALUES ('84', '84', 'Port Sally', '2006-06-07 00:00:00', '1997-08-11 00:00:00');
INSERT INTO `cities` (`id`, `country_id`, `name`, `created_at`, `updated_at`) VALUES ('85', '85', 'Efrainhaven', '1977-02-17 00:00:00', '2002-08-12 00:00:00');
INSERT INTO `cities` (`id`, `country_id`, `name`, `created_at`, `updated_at`) VALUES ('86', '86', 'New Zora', '1983-10-15 00:00:00', '2015-05-01 00:00:00');
INSERT INTO `cities` (`id`, `country_id`, `name`, `created_at`, `updated_at`) VALUES ('87', '87', 'Laneshire', '2014-03-20 00:00:00', '1993-06-17 00:00:00');
INSERT INTO `cities` (`id`, `country_id`, `name`, `created_at`, `updated_at`) VALUES ('88', '88', 'Port Florencioberg', '2018-02-24 00:00:00', '2017-01-13 00:00:00');
INSERT INTO `cities` (`id`, `country_id`, `name`, `created_at`, `updated_at`) VALUES ('89', '89', 'South Lorine', '1987-05-05 00:00:00', '1999-07-04 00:00:00');
INSERT INTO `cities` (`id`, `country_id`, `name`, `created_at`, `updated_at`) VALUES ('90', '90', 'East Reagan', '2017-05-10 00:00:00', '2005-03-14 00:00:00');
INSERT INTO `cities` (`id`, `country_id`, `name`, `created_at`, `updated_at`) VALUES ('91', '91', 'Kiannatown', '1973-06-10 00:00:00', '2015-04-10 00:00:00');
INSERT INTO `cities` (`id`, `country_id`, `name`, `created_at`, `updated_at`) VALUES ('92', '92', 'Haagbury', '2008-02-07 00:00:00', '1976-11-04 00:00:00');
INSERT INTO `cities` (`id`, `country_id`, `name`, `created_at`, `updated_at`) VALUES ('93', '93', 'Dietrichton', '1980-05-29 00:00:00', '1978-03-09 00:00:00');
INSERT INTO `cities` (`id`, `country_id`, `name`, `created_at`, `updated_at`) VALUES ('94', '94', 'South Brockmouth', '2003-08-11 00:00:00', '2011-06-12 00:00:00');
INSERT INTO `cities` (`id`, `country_id`, `name`, `created_at`, `updated_at`) VALUES ('95', '95', 'Lake Amosport', '2002-06-25 00:00:00', '2013-05-13 00:00:00');
INSERT INTO `cities` (`id`, `country_id`, `name`, `created_at`, `updated_at`) VALUES ('96', '96', 'East Laverne', '1983-03-21 00:00:00', '2009-09-23 00:00:00');
INSERT INTO `cities` (`id`, `country_id`, `name`, `created_at`, `updated_at`) VALUES ('97', '97', 'South Isadoreborough', '2006-08-27 00:00:00', '2001-04-23 00:00:00');
INSERT INTO `cities` (`id`, `country_id`, `name`, `created_at`, `updated_at`) VALUES ('98', '98', 'Osbornetown', '1990-06-20 00:00:00', '1975-01-22 00:00:00');
INSERT INTO `cities` (`id`, `country_id`, `name`, `created_at`, `updated_at`) VALUES ('99', '99', 'East Johannberg', '2010-08-14 00:00:00', '2018-11-10 00:00:00');
INSERT INTO `cities` (`id`, `country_id`, `name`, `created_at`, `updated_at`) VALUES ('100', '100', 'Sipesville', '1977-02-18 00:00:00', '2006-06-06 00:00:00');


INSERT INTO `emploees` (`id`, `first_name`, `last_name`, `email`, `phone`, `created_at`, `updated_at`) VALUES ('1', 'Violet', 'McDermott', 'dakota53@example.org', '(837)752-6192x923', '1983-05-20 15:27:48', '1978-04-27 15:05:33');
INSERT INTO `emploees` (`id`, `first_name`, `last_name`, `email`, `phone`, `created_at`, `updated_at`) VALUES ('2', 'Elfrieda', 'King', 'nitzsche.filiberto@example.com', '1-865-332-9053x15994', '2000-05-10 01:39:58', '1971-02-06 18:31:18');
INSERT INTO `emploees` (`id`, `first_name`, `last_name`, `email`, `phone`, `created_at`, `updated_at`) VALUES ('3', 'Lazaro', 'Boyle', 'pkertzmann@example.net', '1-577-960-9095', '1985-01-16 04:18:10', '2003-01-07 08:09:03');
INSERT INTO `emploees` (`id`, `first_name`, `last_name`, `email`, `phone`, `created_at`, `updated_at`) VALUES ('4', 'Kiarra', 'Prohaska', 'dalton.witting@example.org', '(242)331-0706', '1973-11-18 23:42:40', '1976-06-03 21:23:34');
INSERT INTO `emploees` (`id`, `first_name`, `last_name`, `email`, `phone`, `created_at`, `updated_at`) VALUES ('5', 'Trent', 'Swaniawski', 'o\'conner.benjamin@example.org', '(040)245-6957', '2009-08-07 00:28:34', '1980-11-24 14:47:33');
INSERT INTO `emploees` (`id`, `first_name`, `last_name`, `email`, `phone`, `created_at`, `updated_at`) VALUES ('6', 'Alda', 'Kunde', 'oquitzon@example.org', '458-594-8877x3899', '1995-07-27 07:21:20', '2016-02-14 10:51:45');
INSERT INTO `emploees` (`id`, `first_name`, `last_name`, `email`, `phone`, `created_at`, `updated_at`) VALUES ('7', 'Jaida', 'Will', 'bhackett@example.org', '(955)625-8415x45378', '1978-08-17 17:12:00', '1978-05-18 11:16:35');
INSERT INTO `emploees` (`id`, `first_name`, `last_name`, `email`, `phone`, `created_at`, `updated_at`) VALUES ('8', 'Raleigh', 'Harvey', 'aufderhar.deon@example.net', '073.783.2591', '2019-07-25 02:56:45', '1985-03-31 10:33:50');
INSERT INTO `emploees` (`id`, `first_name`, `last_name`, `email`, `phone`, `created_at`, `updated_at`) VALUES ('9', 'Elissa', 'Rowe', 'ova.blanda@example.org', '394-403-4014x2102', '1996-12-16 17:42:16', '2011-12-28 09:57:50');
INSERT INTO `emploees` (`id`, `first_name`, `last_name`, `email`, `phone`, `created_at`, `updated_at`) VALUES ('10', 'Frances', 'Leffler', 'moen.earl@example.com', '09666947630', '1981-05-09 15:25:22', '1996-08-05 06:52:34');
INSERT INTO `emploees` (`id`, `first_name`, `last_name`, `email`, `phone`, `created_at`, `updated_at`) VALUES ('11', 'Isom', 'Stiedemann', 'emmerich.verna@example.org', '+15(9)8089379594', '2000-03-19 06:01:16', '2010-03-15 02:19:29');
INSERT INTO `emploees` (`id`, `first_name`, `last_name`, `email`, `phone`, `created_at`, `updated_at`) VALUES ('12', 'Dejuan', 'Ullrich', 'tate56@example.org', '795.822.8265x24062', '1976-04-18 07:00:37', '2000-04-12 01:12:34');
INSERT INTO `emploees` (`id`, `first_name`, `last_name`, `email`, `phone`, `created_at`, `updated_at`) VALUES ('13', 'Beaulah', 'Roob', 'dave.kemmer@example.org', '503-503-9729x2935', '1993-10-28 06:46:11', '1995-12-31 21:28:55');
INSERT INTO `emploees` (`id`, `first_name`, `last_name`, `email`, `phone`, `created_at`, `updated_at`) VALUES ('14', 'Peyton', 'Nolan', 'vpaucek@example.org', '996-694-5548x512', '2003-12-02 05:26:16', '1990-09-30 09:46:19');
INSERT INTO `emploees` (`id`, `first_name`, `last_name`, `email`, `phone`, `created_at`, `updated_at`) VALUES ('15', 'Pamela', 'Larkin', 'gmayer@example.org', '(829)319-4136x80526', '2005-03-02 18:43:46', '2015-01-03 21:20:37');
INSERT INTO `emploees` (`id`, `first_name`, `last_name`, `email`, `phone`, `created_at`, `updated_at`) VALUES ('16', 'Jane', 'Thompson', 'vgottlieb@example.net', '297.245.0787', '1991-01-03 13:39:39', '2009-05-21 16:49:44');
INSERT INTO `emploees` (`id`, `first_name`, `last_name`, `email`, `phone`, `created_at`, `updated_at`) VALUES ('17', 'Skylar', 'Gottlieb', 'tromp.leone@example.org', '803-677-9562x69678', '1999-10-22 22:03:56', '1987-06-16 17:38:14');
INSERT INTO `emploees` (`id`, `first_name`, `last_name`, `email`, `phone`, `created_at`, `updated_at`) VALUES ('18', 'Verla', 'Gulgowski', 'bridget80@example.org', '1-793-658-0093', '1989-09-21 09:54:33', '1974-05-15 01:59:52');
INSERT INTO `emploees` (`id`, `first_name`, `last_name`, `email`, `phone`, `created_at`, `updated_at`) VALUES ('19', 'Ewald', 'Kulas', 'nader.roxane@example.net', '(543)264-7068', '2014-09-11 03:59:05', '1974-10-20 00:10:10');
INSERT INTO `emploees` (`id`, `first_name`, `last_name`, `email`, `phone`, `created_at`, `updated_at`) VALUES ('20', 'Mona', 'Considine', 'mollie63@example.org', '478.852.2740', '1992-12-14 03:39:01', '1994-07-24 23:26:49');
INSERT INTO `emploees` (`id`, `first_name`, `last_name`, `email`, `phone`, `created_at`, `updated_at`) VALUES ('21', 'Irwin', 'Langosh', 'freddy.kunze@example.org', '+12(5)7632635028', '1971-04-21 03:31:36', '2002-05-11 08:34:55');
INSERT INTO `emploees` (`id`, `first_name`, `last_name`, `email`, `phone`, `created_at`, `updated_at`) VALUES ('22', 'Dwight', 'Ebert', 'rstark@example.org', '1-139-017-6883', '2017-08-27 15:12:45', '1997-04-15 16:57:10');
INSERT INTO `emploees` (`id`, `first_name`, `last_name`, `email`, `phone`, `created_at`, `updated_at`) VALUES ('23', 'Kane', 'Mitchell', 'wehner.melyssa@example.net', '1-890-883-9834', '2016-04-10 03:08:31', '2008-05-10 16:48:24');
INSERT INTO `emploees` (`id`, `first_name`, `last_name`, `email`, `phone`, `created_at`, `updated_at`) VALUES ('24', 'Zachary', 'Kshlerin', 'mccullough.annette@example.com', '+31(3)2114588079', '1992-09-30 15:47:06', '2000-06-16 03:41:08');
INSERT INTO `emploees` (`id`, `first_name`, `last_name`, `email`, `phone`, `created_at`, `updated_at`) VALUES ('25', 'Cesar', 'Veum', 'patience.aufderhar@example.net', '309.925.5077x49135', '1991-11-16 13:24:02', '2014-04-19 11:43:14');
INSERT INTO `emploees` (`id`, `first_name`, `last_name`, `email`, `phone`, `created_at`, `updated_at`) VALUES ('26', 'Marcelo', 'Jenkins', 'khane@example.com', '424.511.9974', '1989-05-31 07:06:30', '1991-04-15 18:47:40');
INSERT INTO `emploees` (`id`, `first_name`, `last_name`, `email`, `phone`, `created_at`, `updated_at`) VALUES ('27', 'Eleazar', 'Blick', 'retha.hackett@example.org', '+62(2)3407330543', '2013-11-03 00:34:13', '2020-03-11 17:47:17');
INSERT INTO `emploees` (`id`, `first_name`, `last_name`, `email`, `phone`, `created_at`, `updated_at`) VALUES ('28', 'Verona', 'Abbott', 'tyree.berge@example.org', '890-333-8822x90961', '2013-10-16 04:42:41', '1982-07-19 13:22:17');
INSERT INTO `emploees` (`id`, `first_name`, `last_name`, `email`, `phone`, `created_at`, `updated_at`) VALUES ('29', 'Everett', 'Welch', 'emiliano.sanford@example.net', '(934)657-2380x4823', '1993-05-02 00:16:54', '2008-07-18 14:21:19');
INSERT INTO `emploees` (`id`, `first_name`, `last_name`, `email`, `phone`, `created_at`, `updated_at`) VALUES ('30', 'Rhiannon', 'Marquardt', 'michel.mayer@example.com', '625-108-0337x91580', '2007-11-29 14:23:53', '2003-11-24 21:42:00');
INSERT INTO `emploees` (`id`, `first_name`, `last_name`, `email`, `phone`, `created_at`, `updated_at`) VALUES ('31', 'Haylie', 'Kovacek', 'norwood66@example.org', '168-011-8122x886', '1988-03-28 19:32:28', '1976-08-22 18:48:42');
INSERT INTO `emploees` (`id`, `first_name`, `last_name`, `email`, `phone`, `created_at`, `updated_at`) VALUES ('32', 'Katrine', 'Kuhn', 'jorge57@example.net', '(768)787-0778', '1991-12-05 21:47:21', '1985-03-12 01:04:28');
INSERT INTO `emploees` (`id`, `first_name`, `last_name`, `email`, `phone`, `created_at`, `updated_at`) VALUES ('33', 'Carli', 'Stamm', 'koepp.maxine@example.com', '+00(5)0198884942', '2003-01-13 10:27:43', '1995-12-07 21:31:11');
INSERT INTO `emploees` (`id`, `first_name`, `last_name`, `email`, `phone`, `created_at`, `updated_at`) VALUES ('34', 'Cydney', 'Rodriguez', 'tklocko@example.net', '1-062-759-7367', '1991-04-03 13:41:12', '2008-03-10 01:00:07');
INSERT INTO `emploees` (`id`, `first_name`, `last_name`, `email`, `phone`, `created_at`, `updated_at`) VALUES ('35', 'Nicholas', 'Kovacek', 'uwaters@example.org', '(733)996-5400x878', '1975-06-05 22:05:14', '2001-05-20 06:56:21');
INSERT INTO `emploees` (`id`, `first_name`, `last_name`, `email`, `phone`, `created_at`, `updated_at`) VALUES ('36', 'Pamela', 'Langworth', 'abbie98@example.org', '990-421-4838x354', '1974-05-17 18:53:23', '2003-03-10 12:12:08');
INSERT INTO `emploees` (`id`, `first_name`, `last_name`, `email`, `phone`, `created_at`, `updated_at`) VALUES ('37', 'Clarissa', 'Heidenreich', 'alexa67@example.com', '(318)236-3335x3169', '1986-07-06 10:45:09', '1986-03-02 12:32:56');
INSERT INTO `emploees` (`id`, `first_name`, `last_name`, `email`, `phone`, `created_at`, `updated_at`) VALUES ('38', 'Emerald', 'Stracke', 'vandervort.esmeralda@example.net', '358-027-9328x132', '1980-10-20 21:34:10', '1991-05-31 10:34:31');
INSERT INTO `emploees` (`id`, `first_name`, `last_name`, `email`, `phone`, `created_at`, `updated_at`) VALUES ('39', 'Abel', 'Padberg', 'jack89@example.org', '1-827-006-6704x236', '2016-11-04 01:05:56', '2016-12-17 04:39:14');
INSERT INTO `emploees` (`id`, `first_name`, `last_name`, `email`, `phone`, `created_at`, `updated_at`) VALUES ('40', 'Shaniya', 'Ernser', 'maximo.green@example.org', '826-693-8694', '1996-06-08 06:07:47', '1995-02-14 09:03:19');
INSERT INTO `emploees` (`id`, `first_name`, `last_name`, `email`, `phone`, `created_at`, `updated_at`) VALUES ('41', 'Whitney', 'White', 'bberge@example.net', '624.010.1948x7223', '1985-01-02 15:20:20', '1997-07-31 00:55:10');
INSERT INTO `emploees` (`id`, `first_name`, `last_name`, `email`, `phone`, `created_at`, `updated_at`) VALUES ('42', 'Trinity', 'Stanton', 'fhowell@example.com', '362-258-6761x88205', '1998-10-11 23:17:01', '2007-10-09 16:57:03');
INSERT INTO `emploees` (`id`, `first_name`, `last_name`, `email`, `phone`, `created_at`, `updated_at`) VALUES ('43', 'Brook', 'Pfeffer', 'smith.alexane@example.com', '02412574758', '1991-09-27 01:16:16', '2001-05-01 13:27:55');
INSERT INTO `emploees` (`id`, `first_name`, `last_name`, `email`, `phone`, `created_at`, `updated_at`) VALUES ('44', 'Edythe', 'Pfeffer', 'green.ayla@example.com', '771.779.2828', '1994-06-17 23:04:47', '1979-03-18 02:53:44');
INSERT INTO `emploees` (`id`, `first_name`, `last_name`, `email`, `phone`, `created_at`, `updated_at`) VALUES ('45', 'Barry', 'Kemmer', 'jtreutel@example.net', '1-133-450-6997', '1973-05-04 01:09:37', '2013-11-01 14:07:26');
INSERT INTO `emploees` (`id`, `first_name`, `last_name`, `email`, `phone`, `created_at`, `updated_at`) VALUES ('46', 'Burley', 'Ankunding', 'gerard61@example.net', '629-535-2718x76352', '2020-04-07 21:49:15', '2012-09-30 13:59:57');
INSERT INTO `emploees` (`id`, `first_name`, `last_name`, `email`, `phone`, `created_at`, `updated_at`) VALUES ('47', 'Sophie', 'Larkin', 'katlyn04@example.com', '788-770-5115x56539', '1975-01-19 06:03:05', '1988-11-20 03:55:32');
INSERT INTO `emploees` (`id`, `first_name`, `last_name`, `email`, `phone`, `created_at`, `updated_at`) VALUES ('48', 'Jack', 'Wiza', 'ayden33@example.com', '466.041.2410x5200', '1976-11-22 10:39:34', '1994-11-06 02:16:20');
INSERT INTO `emploees` (`id`, `first_name`, `last_name`, `email`, `phone`, `created_at`, `updated_at`) VALUES ('49', 'Efren', 'King', 'crooks.donny@example.org', '+33(1)0195772539', '1978-07-17 08:42:49', '2018-06-27 00:50:36');
INSERT INTO `emploees` (`id`, `first_name`, `last_name`, `email`, `phone`, `created_at`, `updated_at`) VALUES ('50', 'Leo', 'Kshlerin', 'daniel.ezra@example.net', '227-462-4221x561', '1985-12-17 11:39:29', '2004-08-29 11:58:42');
INSERT INTO `emploees` (`id`, `first_name`, `last_name`, `email`, `phone`, `created_at`, `updated_at`) VALUES ('51', 'Alexandria', 'Cummings', 'hartmann.savanah@example.net', '1-443-393-5315x6660', '1996-08-16 06:10:50', '1997-05-22 03:14:42');
INSERT INTO `emploees` (`id`, `first_name`, `last_name`, `email`, `phone`, `created_at`, `updated_at`) VALUES ('52', 'Delilah', 'Gulgowski', 'kraig.mckenzie@example.org', '732.401.0146x72876', '2003-11-25 15:32:02', '1998-01-14 06:11:10');
INSERT INTO `emploees` (`id`, `first_name`, `last_name`, `email`, `phone`, `created_at`, `updated_at`) VALUES ('53', 'Katherine', 'Beatty', 'ernest19@example.com', '1-672-560-1408x620', '1995-06-23 17:23:43', '2010-07-22 11:25:33');
INSERT INTO `emploees` (`id`, `first_name`, `last_name`, `email`, `phone`, `created_at`, `updated_at`) VALUES ('54', 'Xzavier', 'McClure', 'mabernathy@example.com', '(164)398-8527x28868', '1981-12-30 00:56:15', '1970-03-16 05:49:53');
INSERT INTO `emploees` (`id`, `first_name`, `last_name`, `email`, `phone`, `created_at`, `updated_at`) VALUES ('55', 'Mozell', 'Wuckert', 'qlittle@example.com', '(987)038-8879', '2014-03-08 20:22:13', '2015-03-31 05:19:10');
INSERT INTO `emploees` (`id`, `first_name`, `last_name`, `email`, `phone`, `created_at`, `updated_at`) VALUES ('56', 'Wiley', 'Emard', 'elvis.fisher@example.net', '(682)207-4302', '1993-08-31 02:13:00', '2010-12-20 18:13:36');
INSERT INTO `emploees` (`id`, `first_name`, `last_name`, `email`, `phone`, `created_at`, `updated_at`) VALUES ('57', 'Eleanora', 'Haag', 'zschiller@example.net', '353.248.8917', '1977-11-14 12:25:47', '1978-01-09 09:44:41');
INSERT INTO `emploees` (`id`, `first_name`, `last_name`, `email`, `phone`, `created_at`, `updated_at`) VALUES ('58', 'Mitchel', 'Hansen', 'aking@example.org', '1-751-124-3245x1334', '1975-06-07 23:33:37', '2003-10-18 22:37:04');
INSERT INTO `emploees` (`id`, `first_name`, `last_name`, `email`, `phone`, `created_at`, `updated_at`) VALUES ('59', 'Carli', 'Hahn', 'purdy.jacques@example.org', '135.866.2052x12456', '1990-01-26 02:51:37', '1971-07-01 12:50:42');
INSERT INTO `emploees` (`id`, `first_name`, `last_name`, `email`, `phone`, `created_at`, `updated_at`) VALUES ('60', 'Howard', 'Monahan', 'fahey.renee@example.net', '1-174-441-0709x9751', '1999-12-18 11:54:06', '1991-04-22 05:02:44');
INSERT INTO `emploees` (`id`, `first_name`, `last_name`, `email`, `phone`, `created_at`, `updated_at`) VALUES ('61', 'Rosie', 'Schultz', 'efritsch@example.net', '1-259-220-4157x6931', '2007-08-18 16:44:42', '1987-08-16 03:56:35');
INSERT INTO `emploees` (`id`, `first_name`, `last_name`, `email`, `phone`, `created_at`, `updated_at`) VALUES ('62', 'Alison', 'Sporer', 'ray.lakin@example.net', '1-817-848-7615x8512', '2007-07-22 13:27:52', '1996-01-31 04:28:59');
INSERT INTO `emploees` (`id`, `first_name`, `last_name`, `email`, `phone`, `created_at`, `updated_at`) VALUES ('63', 'Alessandro', 'Hilpert', 'leta96@example.com', '292-839-4691', '1980-07-12 10:24:33', '1988-10-08 10:35:21');
INSERT INTO `emploees` (`id`, `first_name`, `last_name`, `email`, `phone`, `created_at`, `updated_at`) VALUES ('64', 'Quincy', 'Lueilwitz', 'leonie.barton@example.com', '1-765-525-6192x3743', '2017-09-24 04:53:41', '1993-10-23 23:53:57');
INSERT INTO `emploees` (`id`, `first_name`, `last_name`, `email`, `phone`, `created_at`, `updated_at`) VALUES ('65', 'Dina', 'Gleason', 'ukrajcik@example.com', '597.789.3513x2929', '1985-09-17 11:32:52', '2008-10-11 06:45:16');
INSERT INTO `emploees` (`id`, `first_name`, `last_name`, `email`, `phone`, `created_at`, `updated_at`) VALUES ('66', 'Melisa', 'Friesen', 'yasmine.hermiston@example.net', '050.027.4867x246', '1970-08-01 15:10:32', '2010-07-12 23:36:45');
INSERT INTO `emploees` (`id`, `first_name`, `last_name`, `email`, `phone`, `created_at`, `updated_at`) VALUES ('67', 'Aracely', 'Gottlieb', 'ygrady@example.net', '(205)358-8949x3608', '2014-02-19 23:26:07', '1973-11-17 00:21:15');
INSERT INTO `emploees` (`id`, `first_name`, `last_name`, `email`, `phone`, `created_at`, `updated_at`) VALUES ('68', 'Percival', 'Bashirian', 'pouros.graciela@example.com', '1-357-607-1680x68838', '2015-06-25 04:02:51', '1972-07-20 02:27:25');
INSERT INTO `emploees` (`id`, `first_name`, `last_name`, `email`, `phone`, `created_at`, `updated_at`) VALUES ('69', 'Keven', 'Brekke', 'dzulauf@example.net', '020.564.0964', '2005-10-21 21:12:30', '1976-09-02 01:57:02');
INSERT INTO `emploees` (`id`, `first_name`, `last_name`, `email`, `phone`, `created_at`, `updated_at`) VALUES ('70', 'Adrain', 'Schulist', 'sking@example.net', '994.390.3733x905', '1996-12-25 20:36:15', '2002-12-17 13:51:24');
INSERT INTO `emploees` (`id`, `first_name`, `last_name`, `email`, `phone`, `created_at`, `updated_at`) VALUES ('71', 'Cornelius', 'Hansen', 'jordon.glover@example.net', '(325)279-1406', '2005-11-23 15:53:21', '2001-01-22 02:22:42');
INSERT INTO `emploees` (`id`, `first_name`, `last_name`, `email`, `phone`, `created_at`, `updated_at`) VALUES ('72', 'Alessia', 'Terry', 'christop00@example.com', '699-174-0761x0547', '1982-12-01 04:45:17', '1979-10-12 00:37:31');
INSERT INTO `emploees` (`id`, `first_name`, `last_name`, `email`, `phone`, `created_at`, `updated_at`) VALUES ('73', 'Pierre', 'Grant', 'katrina.o\'kon@example.net', '1-038-973-2596x90911', '1972-01-17 19:35:08', '1990-04-11 04:25:02');
INSERT INTO `emploees` (`id`, `first_name`, `last_name`, `email`, `phone`, `created_at`, `updated_at`) VALUES ('74', 'Maryse', 'Satterfield', 'abigail16@example.org', '746-317-6353x472', '1978-09-28 12:41:41', '1981-11-30 16:04:25');
INSERT INTO `emploees` (`id`, `first_name`, `last_name`, `email`, `phone`, `created_at`, `updated_at`) VALUES ('75', 'Shane', 'Torp', 'jdicki@example.net', '(614)034-8376x814', '1996-04-21 22:29:28', '2009-09-09 22:56:10');
INSERT INTO `emploees` (`id`, `first_name`, `last_name`, `email`, `phone`, `created_at`, `updated_at`) VALUES ('76', 'Thaddeus', 'McKenzie', 'jesse89@example.net', '1-710-281-8947x0598', '2000-10-07 07:03:39', '1994-07-25 08:29:11');
INSERT INTO `emploees` (`id`, `first_name`, `last_name`, `email`, `phone`, `created_at`, `updated_at`) VALUES ('77', 'Hermina', 'Lemke', 'joaquin67@example.net', '844-973-9624', '2011-06-21 13:30:58', '1971-02-22 07:19:54');
INSERT INTO `emploees` (`id`, `first_name`, `last_name`, `email`, `phone`, `created_at`, `updated_at`) VALUES ('78', 'Sterling', 'Hayes', 'mitchell.bernita@example.com', '723.416.6287x74523', '1984-12-02 04:24:59', '2005-09-08 04:39:55');
INSERT INTO `emploees` (`id`, `first_name`, `last_name`, `email`, `phone`, `created_at`, `updated_at`) VALUES ('79', 'Donavon', 'Dicki', 'mratke@example.net', '551.216.2962x5841', '1974-06-11 18:51:53', '2020-08-31 20:35:58');
INSERT INTO `emploees` (`id`, `first_name`, `last_name`, `email`, `phone`, `created_at`, `updated_at`) VALUES ('80', 'Jayde', 'Bailey', 'jaskolski.garth@example.net', '115.888.1482x48535', '1990-08-28 12:03:52', '2008-07-09 02:49:36');
INSERT INTO `emploees` (`id`, `first_name`, `last_name`, `email`, `phone`, `created_at`, `updated_at`) VALUES ('81', 'Tyree', 'Parisian', 'jaren.brown@example.com', '300-865-6430', '2008-12-13 13:27:55', '1982-06-16 06:55:23');
INSERT INTO `emploees` (`id`, `first_name`, `last_name`, `email`, `phone`, `created_at`, `updated_at`) VALUES ('82', 'Buster', 'Kohler', 'ijohnston@example.org', '(112)320-1354', '2001-10-08 15:59:16', '1979-08-09 12:23:03');
INSERT INTO `emploees` (`id`, `first_name`, `last_name`, `email`, `phone`, `created_at`, `updated_at`) VALUES ('83', 'Kiarra', 'Collier', 'hayes.juliana@example.org', '919-679-0859', '1997-01-29 23:18:21', '1976-11-09 06:47:43');
INSERT INTO `emploees` (`id`, `first_name`, `last_name`, `email`, `phone`, `created_at`, `updated_at`) VALUES ('84', 'Ethan', 'Hyatt', 'lockman.simone@example.net', '(896)954-2888', '1980-01-20 07:17:37', '2017-11-09 18:27:32');
INSERT INTO `emploees` (`id`, `first_name`, `last_name`, `email`, `phone`, `created_at`, `updated_at`) VALUES ('85', 'Ashton', 'Flatley', 'sbednar@example.org', '+12(1)6356756079', '2007-08-06 16:07:36', '1991-02-21 17:07:40');
INSERT INTO `emploees` (`id`, `first_name`, `last_name`, `email`, `phone`, `created_at`, `updated_at`) VALUES ('86', 'Alek', 'Botsford', 'lorenz.fritsch@example.net', '(479)129-8504x549', '2001-05-05 05:08:38', '1988-10-08 19:36:31');
INSERT INTO `emploees` (`id`, `first_name`, `last_name`, `email`, `phone`, `created_at`, `updated_at`) VALUES ('87', 'Rosalee', 'Bartoletti', 'john55@example.org', '(723)659-3158', '2002-05-28 13:08:33', '1994-09-14 22:27:53');
INSERT INTO `emploees` (`id`, `first_name`, `last_name`, `email`, `phone`, `created_at`, `updated_at`) VALUES ('88', 'Clara', 'Baumbach', 'catherine.hilpert@example.com', '716.443.4466x2367', '1971-08-11 05:33:28', '2020-08-02 13:56:25');
INSERT INTO `emploees` (`id`, `first_name`, `last_name`, `email`, `phone`, `created_at`, `updated_at`) VALUES ('89', 'Herminia', 'Little', 'ckuhn@example.org', '(511)143-5452x4757', '2007-05-29 22:02:23', '1992-03-05 10:02:37');
INSERT INTO `emploees` (`id`, `first_name`, `last_name`, `email`, `phone`, `created_at`, `updated_at`) VALUES ('90', 'Wayne', 'Mayert', 'mario63@example.com', '255.040.3927', '2006-04-01 03:31:17', '1981-10-13 20:36:14');
INSERT INTO `emploees` (`id`, `first_name`, `last_name`, `email`, `phone`, `created_at`, `updated_at`) VALUES ('91', 'Jarrell', 'Hand', 'abshire.effie@example.com', '1-293-570-6061x424', '1977-03-05 15:04:46', '2001-07-22 14:53:40');
INSERT INTO `emploees` (`id`, `first_name`, `last_name`, `email`, `phone`, `created_at`, `updated_at`) VALUES ('92', 'Breana', 'Kohler', 'rutherford.osborne@example.org', '1-818-928-0059', '2017-08-20 17:10:55', '2004-10-10 09:36:23');
INSERT INTO `emploees` (`id`, `first_name`, `last_name`, `email`, `phone`, `created_at`, `updated_at`) VALUES ('93', 'Nathan', 'Gleason', 'easter53@example.com', '137-459-8516x021', '2006-03-09 02:54:05', '1976-09-13 12:59:05');
INSERT INTO `emploees` (`id`, `first_name`, `last_name`, `email`, `phone`, `created_at`, `updated_at`) VALUES ('94', 'Alexander', 'Konopelski', 'dallin.oberbrunner@example.net', '358.099.7555', '1990-03-04 07:16:50', '1998-11-02 01:03:18');
INSERT INTO `emploees` (`id`, `first_name`, `last_name`, `email`, `phone`, `created_at`, `updated_at`) VALUES ('95', 'Javier', 'Bode', 'conroy.tony@example.com', '461-164-0956x7523', '1986-11-05 22:34:28', '1986-07-16 02:04:34');
INSERT INTO `emploees` (`id`, `first_name`, `last_name`, `email`, `phone`, `created_at`, `updated_at`) VALUES ('96', 'Mohammad', 'Crooks', 'brigitte70@example.com', '(137)132-8421x14481', '1996-06-28 01:57:46', '1993-02-19 15:49:19');
INSERT INTO `emploees` (`id`, `first_name`, `last_name`, `email`, `phone`, `created_at`, `updated_at`) VALUES ('97', 'Vicky', 'Gibson', 'uboehm@example.com', '208-468-2936x6458', '2001-07-06 10:34:55', '2014-06-18 23:27:36');
INSERT INTO `emploees` (`id`, `first_name`, `last_name`, `email`, `phone`, `created_at`, `updated_at`) VALUES ('98', 'Ignacio', 'O\'Kon', 'earl88@example.com', '858.157.2658x5779', '2018-07-20 11:42:28', '1971-05-08 10:02:06');
INSERT INTO `emploees` (`id`, `first_name`, `last_name`, `email`, `phone`, `created_at`, `updated_at`) VALUES ('99', 'Mertie', 'Romaguera', 'hipolito.ryan@example.org', '543.727.0525x68395', '1988-01-10 06:44:47', '1979-10-12 23:46:55');
INSERT INTO `emploees` (`id`, `first_name`, `last_name`, `email`, `phone`, `created_at`, `updated_at`) VALUES ('100', 'Levi', 'Mitchell', 'stone31@example.com', '1-364-212-0833', '1994-11-05 15:15:33', '1972-12-03 21:14:14');


INSERT INTO `emploees_messages` (`id`, `from_emploee_id`, `to_emploee_id`, `body`, `created_at`, `updated_at`) VALUES ('1', '1', '1', 'Fugiat ad et natus unde nulla. Delectus natus ut odit sint. Nesciunt qui totam atque fugiat autem qui. Adipisci blanditiis quisquam delectus pariatur aspernatur occaecati qui quia.', '1973-07-14 05:06:50', '1994-11-03 04:08:00');
INSERT INTO `emploees_messages` (`id`, `from_emploee_id`, `to_emploee_id`, `body`, `created_at`, `updated_at`) VALUES ('2', '2', '2', 'Voluptas excepturi et dicta maxime doloribus inventore ut laborum. Qui maxime atque ea. Sunt at doloremque harum enim. Quidem saepe consequuntur minima nostrum laboriosam non omnis.', '2013-05-28 10:56:15', '1998-05-18 06:07:02');
INSERT INTO `emploees_messages` (`id`, `from_emploee_id`, `to_emploee_id`, `body`, `created_at`, `updated_at`) VALUES ('3', '3', '3', 'Error reiciendis magni iste eius. Dignissimos qui non et reprehenderit ipsa consequatur libero. Sint tenetur saepe in aut dicta iste. Velit eos est repellat fuga.', '1986-07-10 05:48:26', '1970-06-18 03:23:30');
INSERT INTO `emploees_messages` (`id`, `from_emploee_id`, `to_emploee_id`, `body`, `created_at`, `updated_at`) VALUES ('4', '4', '4', 'Deleniti officiis occaecati quia corporis libero atque quae. Aperiam aut quia atque vel natus. A ducimus omnis nobis saepe eaque.', '1990-11-06 06:19:41', '1977-05-24 07:08:52');
INSERT INTO `emploees_messages` (`id`, `from_emploee_id`, `to_emploee_id`, `body`, `created_at`, `updated_at`) VALUES ('5', '5', '5', 'Repellat qui est sunt. Provident aliquid asperiores hic qui exercitationem. Ut possimus voluptas ut aut at porro tenetur.', '2000-03-09 04:19:57', '1996-02-14 19:14:27');
INSERT INTO `emploees_messages` (`id`, `from_emploee_id`, `to_emploee_id`, `body`, `created_at`, `updated_at`) VALUES ('6', '6', '6', 'Expedita dignissimos totam dicta velit odio reiciendis nihil ut. Ut possimus est maiores qui. Ad est dolore nobis.', '1975-06-17 09:26:56', '1971-05-06 13:52:45');
INSERT INTO `emploees_messages` (`id`, `from_emploee_id`, `to_emploee_id`, `body`, `created_at`, `updated_at`) VALUES ('7', '7', '7', 'Voluptate excepturi ipsum ea. Non sunt quaerat nihil aspernatur error. Dicta molestiae qui eveniet ratione illo nulla.', '2006-05-24 17:39:28', '2009-02-21 15:20:59');
INSERT INTO `emploees_messages` (`id`, `from_emploee_id`, `to_emploee_id`, `body`, `created_at`, `updated_at`) VALUES ('8', '8', '8', 'Incidunt qui dolorem voluptas quia. Qui consequuntur recusandae alias. Enim cum aut qui est aliquid doloremque. Enim distinctio nemo quaerat quos. Aut ullam ad quia cum.', '1971-07-24 17:07:24', '1975-04-26 08:26:43');
INSERT INTO `emploees_messages` (`id`, `from_emploee_id`, `to_emploee_id`, `body`, `created_at`, `updated_at`) VALUES ('9', '9', '9', 'Est omnis veritatis voluptatem culpa dolore. Distinctio voluptatem sunt repellat consectetur. Aliquam doloremque odio ut fugiat nisi molestiae. Incidunt excepturi perferendis soluta consectetur laboriosam omnis. Quis qui minus ut iure dolorum assumenda voluptatem.', '1973-07-16 05:15:48', '2004-04-16 01:54:04');
INSERT INTO `emploees_messages` (`id`, `from_emploee_id`, `to_emploee_id`, `body`, `created_at`, `updated_at`) VALUES ('10', '10', '10', 'Sit illo ex suscipit ea soluta et. Distinctio accusamus soluta totam quidem repellendus eum quasi ducimus. Et praesentium ipsum et et non amet molestiae. Est rerum sit cumque repudiandae.', '1970-09-12 16:22:47', '2007-06-16 21:30:51');
INSERT INTO `emploees_messages` (`id`, `from_emploee_id`, `to_emploee_id`, `body`, `created_at`, `updated_at`) VALUES ('11', '11', '11', 'Minima possimus labore sapiente delectus ut iste ut. Et occaecati quis aperiam non quaerat neque. Et deserunt cupiditate iure modi ut ea quaerat. Repellendus ad ut aut vero iste voluptas reiciendis.', '2005-06-25 14:10:34', '2005-10-20 06:32:14');
INSERT INTO `emploees_messages` (`id`, `from_emploee_id`, `to_emploee_id`, `body`, `created_at`, `updated_at`) VALUES ('12', '12', '12', 'Consequatur et illo accusamus quam nulla. Suscipit sed velit nobis in repudiandae corrupti qui. Dignissimos quibusdam fuga et veniam et. Quia dolor aut amet molestiae.', '1990-10-12 19:07:48', '1991-07-09 05:58:52');
INSERT INTO `emploees_messages` (`id`, `from_emploee_id`, `to_emploee_id`, `body`, `created_at`, `updated_at`) VALUES ('13', '13', '13', 'Dicta repellendus sit aut saepe ex placeat. Rem libero adipisci fuga soluta et veritatis consequatur. Aspernatur voluptatem nulla officiis ut possimus doloribus.', '1983-08-16 06:38:14', '1992-04-13 08:41:18');
INSERT INTO `emploees_messages` (`id`, `from_emploee_id`, `to_emploee_id`, `body`, `created_at`, `updated_at`) VALUES ('14', '14', '14', 'Ut non nobis vel nulla deleniti voluptatibus. Rerum nam laborum esse ipsa accusamus. Facilis dignissimos voluptatum fuga velit. Maxime ad similique in ut sit sit aliquid.', '2004-07-09 08:20:48', '2007-12-17 23:07:54');
INSERT INTO `emploees_messages` (`id`, `from_emploee_id`, `to_emploee_id`, `body`, `created_at`, `updated_at`) VALUES ('15', '15', '15', 'Quibusdam cupiditate libero quis sunt. Dolor recusandae blanditiis vero qui. Qui debitis ut vel laudantium sequi numquam cum vitae. Dolores voluptatem beatae ut distinctio et.', '2000-03-14 17:39:04', '1990-07-19 08:36:42');
INSERT INTO `emploees_messages` (`id`, `from_emploee_id`, `to_emploee_id`, `body`, `created_at`, `updated_at`) VALUES ('16', '16', '16', 'Alias velit quam aliquid perspiciatis. Fugit ducimus consectetur est non nisi aut. Quis nesciunt quia quia beatae consequatur odio quia esse. Atque ipsa repudiandae dolor earum eos harum.', '1992-01-12 12:19:54', '2009-09-04 23:16:05');
INSERT INTO `emploees_messages` (`id`, `from_emploee_id`, `to_emploee_id`, `body`, `created_at`, `updated_at`) VALUES ('17', '17', '17', 'Adipisci unde numquam sunt in quasi ad. Dolores minus eos delectus voluptate aut placeat dolor. Assumenda voluptatem impedit magnam iure nisi ratione ut.', '1994-09-08 15:03:39', '1986-08-02 15:44:12');
INSERT INTO `emploees_messages` (`id`, `from_emploee_id`, `to_emploee_id`, `body`, `created_at`, `updated_at`) VALUES ('18', '18', '18', 'Et omnis repellendus non nihil illo. Molestiae est eveniet voluptatum veniam nihil dolores itaque. Repudiandae aut est et et est alias voluptas. Sunt et dolor autem autem mollitia quibusdam et.', '1982-02-01 15:06:40', '1986-10-20 22:42:11');
INSERT INTO `emploees_messages` (`id`, `from_emploee_id`, `to_emploee_id`, `body`, `created_at`, `updated_at`) VALUES ('19', '19', '19', 'Dolores laborum illum ipsam explicabo. Ut voluptates minima iste. In sit asperiores neque eos omnis aut. Omnis ex non fugiat deserunt et.', '1985-06-15 20:19:42', '2007-07-02 08:12:19');
INSERT INTO `emploees_messages` (`id`, `from_emploee_id`, `to_emploee_id`, `body`, `created_at`, `updated_at`) VALUES ('20', '20', '20', 'Occaecati ea beatae totam distinctio labore cumque reiciendis. Harum et ut earum recusandae et laboriosam. Illum non culpa accusantium saepe sunt. Voluptatem est voluptatem aperiam ea vitae eum.', '1996-10-10 12:17:46', '2014-06-29 17:48:39');
INSERT INTO `emploees_messages` (`id`, `from_emploee_id`, `to_emploee_id`, `body`, `created_at`, `updated_at`) VALUES ('21', '21', '21', 'Animi ipsa doloribus veritatis consequatur cumque delectus est vero. Placeat aut ex qui commodi dolor.', '2006-01-23 03:02:25', '1991-03-23 13:05:16');
INSERT INTO `emploees_messages` (`id`, `from_emploee_id`, `to_emploee_id`, `body`, `created_at`, `updated_at`) VALUES ('22', '22', '22', 'Consequuntur molestiae et amet eveniet nihil asperiores. Tenetur sit maiores et maiores autem a optio. Temporibus ut quas vel aperiam reprehenderit. In odio molestiae ullam dicta sit magni dolore.', '1971-03-29 20:18:10', '1984-03-14 04:25:54');
INSERT INTO `emploees_messages` (`id`, `from_emploee_id`, `to_emploee_id`, `body`, `created_at`, `updated_at`) VALUES ('23', '23', '23', 'Tenetur dolor mollitia tenetur. Voluptatem mollitia iure excepturi ut officiis sed rerum. Doloremque quaerat eum a perferendis.', '2013-05-24 20:06:50', '2003-01-13 19:45:53');
INSERT INTO `emploees_messages` (`id`, `from_emploee_id`, `to_emploee_id`, `body`, `created_at`, `updated_at`) VALUES ('24', '24', '24', 'Quasi atque sunt et. Quis beatae aut molestiae dignissimos.', '1992-10-04 05:07:25', '2003-05-09 13:44:39');
INSERT INTO `emploees_messages` (`id`, `from_emploee_id`, `to_emploee_id`, `body`, `created_at`, `updated_at`) VALUES ('25', '25', '25', 'Labore vitae iste non expedita est sit. Reprehenderit quia dolorem saepe sunt. Asperiores dignissimos laboriosam et ex repellendus nesciunt illo. Excepturi exercitationem tenetur voluptatum dignissimos harum.', '1982-11-23 06:30:01', '1973-03-06 23:35:53');
INSERT INTO `emploees_messages` (`id`, `from_emploee_id`, `to_emploee_id`, `body`, `created_at`, `updated_at`) VALUES ('26', '26', '26', 'Doloremque quo aspernatur tempore provident qui enim quasi. Sint quod facilis repudiandae unde nihil eveniet commodi. Et molestias temporibus velit adipisci temporibus. Sint dolore voluptatum non beatae consequatur est qui. Et voluptas dignissimos error et sint.', '1984-04-29 11:32:25', '2020-07-22 13:12:12');
INSERT INTO `emploees_messages` (`id`, `from_emploee_id`, `to_emploee_id`, `body`, `created_at`, `updated_at`) VALUES ('27', '27', '27', 'Quas quis debitis rem est eveniet excepturi dolore eveniet. Nobis nobis velit voluptas quis. Debitis numquam expedita beatae consequatur dicta rerum animi. Molestiae quidem inventore non dolore quo numquam.', '1984-05-04 12:30:37', '1975-08-29 22:04:39');
INSERT INTO `emploees_messages` (`id`, `from_emploee_id`, `to_emploee_id`, `body`, `created_at`, `updated_at`) VALUES ('28', '28', '28', 'Expedita adipisci dolorum in doloribus. Minima et minus natus sint autem neque. Perferendis voluptatem officiis voluptatibus doloremque ut aut molestias. Ut et odio voluptatem qui quos. Omnis et quaerat in provident veritatis eos.', '1984-08-31 09:56:12', '1970-07-11 05:26:27');
INSERT INTO `emploees_messages` (`id`, `from_emploee_id`, `to_emploee_id`, `body`, `created_at`, `updated_at`) VALUES ('29', '29', '29', 'Consequuntur nihil dolor cupiditate temporibus odio animi expedita. Assumenda ducimus deserunt quod totam quaerat magnam eum. Officiis possimus pariatur aut voluptas. Ab odit culpa porro vel.', '1973-06-22 17:41:28', '1970-08-15 11:53:04');
INSERT INTO `emploees_messages` (`id`, `from_emploee_id`, `to_emploee_id`, `body`, `created_at`, `updated_at`) VALUES ('30', '30', '30', 'Enim est qui cupiditate ipsa consequatur sequi dolore. Repudiandae rem esse et voluptatum vero. Libero dolorem necessitatibus et a numquam sint. Et facilis tempora aut deleniti enim. Voluptatem quia quia at sint.', '2001-04-06 20:33:50', '1991-02-08 18:23:49');
INSERT INTO `emploees_messages` (`id`, `from_emploee_id`, `to_emploee_id`, `body`, `created_at`, `updated_at`) VALUES ('31', '31', '31', 'Est nostrum et consequuntur quidem dicta. Atque modi delectus et fugiat. Dolorum veritatis et dolor minima tempora sed nihil.', '2014-11-29 17:05:33', '1985-02-08 03:01:54');
INSERT INTO `emploees_messages` (`id`, `from_emploee_id`, `to_emploee_id`, `body`, `created_at`, `updated_at`) VALUES ('32', '32', '32', 'Cum aperiam atque fugiat est quam dicta culpa. Illum voluptatibus dolorum fugiat ut amet dolorum quia doloribus. Dignissimos enim laborum nesciunt sit reiciendis. Maiores exercitationem voluptatem quis aliquid magnam.', '2018-10-07 08:16:06', '2000-10-01 05:56:04');
INSERT INTO `emploees_messages` (`id`, `from_emploee_id`, `to_emploee_id`, `body`, `created_at`, `updated_at`) VALUES ('33', '33', '33', 'Nihil doloremque rerum nihil repellat assumenda iste in quibusdam. Voluptatem eveniet repellendus repellat quod id eveniet. Ipsam a aut dicta accusamus quia corrupti officiis. Dolorem laboriosam velit hic aut sit et voluptatem.', '2001-08-02 09:09:39', '1999-04-16 22:56:49');
INSERT INTO `emploees_messages` (`id`, `from_emploee_id`, `to_emploee_id`, `body`, `created_at`, `updated_at`) VALUES ('34', '34', '34', 'Veritatis at tenetur suscipit excepturi doloribus sint. Vel quis sit ut voluptatem provident. Consectetur in repellat neque doloremque asperiores id. Quo sit exercitationem aut sit laboriosam. Amet ratione eligendi nisi harum placeat dolor sed.', '2006-03-16 04:13:36', '1983-04-17 11:02:13');
INSERT INTO `emploees_messages` (`id`, `from_emploee_id`, `to_emploee_id`, `body`, `created_at`, `updated_at`) VALUES ('35', '35', '35', 'Facilis fugit et doloribus quam facere repellendus est corporis. Cum quia illum recusandae voluptatum dolor. Voluptatum modi itaque nam reiciendis ullam sunt esse. Ea earum aut laborum corrupti saepe unde. Libero autem qui dicta et quo omnis.', '1984-01-31 18:58:47', '1970-09-13 05:31:58');
INSERT INTO `emploees_messages` (`id`, `from_emploee_id`, `to_emploee_id`, `body`, `created_at`, `updated_at`) VALUES ('36', '36', '36', 'Tenetur sed est nisi rerum est ipsa commodi. Qui corrupti mollitia ipsum beatae. Optio ullam eum dolores quibusdam quas ipsam.', '1984-09-06 19:15:34', '1972-03-22 12:20:56');
INSERT INTO `emploees_messages` (`id`, `from_emploee_id`, `to_emploee_id`, `body`, `created_at`, `updated_at`) VALUES ('37', '37', '37', 'Aperiam quaerat nihil et id eum. Reiciendis tenetur mollitia non. Laborum nostrum odit non voluptatum.', '1971-12-13 16:58:02', '2008-07-07 22:30:40');
INSERT INTO `emploees_messages` (`id`, `from_emploee_id`, `to_emploee_id`, `body`, `created_at`, `updated_at`) VALUES ('38', '38', '38', 'Porro quasi in earum. Inventore facere harum autem nihil ipsum qui aspernatur. Sed animi et perferendis quia facilis. Eius fugit ipsum consequatur ex.', '1990-12-01 18:38:25', '2001-06-25 16:07:17');
INSERT INTO `emploees_messages` (`id`, `from_emploee_id`, `to_emploee_id`, `body`, `created_at`, `updated_at`) VALUES ('39', '39', '39', 'Et delectus aliquid dolore in sunt voluptatem blanditiis velit. Dolor nihil quod quaerat alias sint necessitatibus. Quas illo ratione in commodi consequuntur enim recusandae. Ratione pariatur est non facere odio ad.', '1978-11-23 16:38:25', '2009-03-29 19:32:00');
INSERT INTO `emploees_messages` (`id`, `from_emploee_id`, `to_emploee_id`, `body`, `created_at`, `updated_at`) VALUES ('40', '40', '40', 'Omnis quidem aut exercitationem dolorem ducimus qui. Nisi voluptas et qui consequatur et et. Perspiciatis quasi hic eligendi voluptatem quia dolores ratione.', '1980-10-01 09:48:23', '1991-04-11 08:17:33');
INSERT INTO `emploees_messages` (`id`, `from_emploee_id`, `to_emploee_id`, `body`, `created_at`, `updated_at`) VALUES ('41', '41', '41', 'Tempora quae atque voluptatem numquam voluptas id est. Provident natus quae est laudantium.', '1974-05-01 19:58:54', '2005-10-20 15:01:19');
INSERT INTO `emploees_messages` (`id`, `from_emploee_id`, `to_emploee_id`, `body`, `created_at`, `updated_at`) VALUES ('42', '42', '42', 'Quia magni doloribus id sit consectetur. Est sit inventore provident velit. Omnis inventore fugiat exercitationem quisquam quisquam ducimus quia. Perspiciatis repellendus iste quia asperiores iste architecto.', '2019-05-11 22:03:04', '2012-04-25 19:05:03');
INSERT INTO `emploees_messages` (`id`, `from_emploee_id`, `to_emploee_id`, `body`, `created_at`, `updated_at`) VALUES ('43', '43', '43', 'Unde repudiandae sunt quia. Vitae autem commodi quisquam. Harum nam quae nulla ipsa qui.', '1995-02-19 18:41:26', '2004-05-14 19:17:16');
INSERT INTO `emploees_messages` (`id`, `from_emploee_id`, `to_emploee_id`, `body`, `created_at`, `updated_at`) VALUES ('44', '44', '44', 'Natus cumque perspiciatis fugiat iste reprehenderit autem exercitationem. Itaque velit non dolores libero placeat et. Eos omnis ullam amet tenetur dolor.', '2000-10-28 17:48:10', '2001-07-20 12:26:17');
INSERT INTO `emploees_messages` (`id`, `from_emploee_id`, `to_emploee_id`, `body`, `created_at`, `updated_at`) VALUES ('45', '45', '45', 'Voluptatem aut quae deserunt modi quia voluptatum labore. Tempore qui rem consequatur nostrum enim. Sunt quaerat omnis nihil numquam cum ut.', '1973-04-27 11:13:59', '1994-10-05 19:20:44');
INSERT INTO `emploees_messages` (`id`, `from_emploee_id`, `to_emploee_id`, `body`, `created_at`, `updated_at`) VALUES ('46', '46', '46', 'Architecto earum eaque excepturi ut sunt et et. Doloremque maiores alias labore enim. Doloremque magnam recusandae dolor ut dicta.', '2016-09-16 19:12:30', '1989-10-30 16:58:21');
INSERT INTO `emploees_messages` (`id`, `from_emploee_id`, `to_emploee_id`, `body`, `created_at`, `updated_at`) VALUES ('47', '47', '47', 'Autem similique repellat explicabo temporibus pariatur. Repellat distinctio animi soluta dignissimos eligendi. Commodi omnis sed accusamus adipisci.', '1995-10-12 14:19:40', '1970-03-24 06:58:29');
INSERT INTO `emploees_messages` (`id`, `from_emploee_id`, `to_emploee_id`, `body`, `created_at`, `updated_at`) VALUES ('48', '48', '48', 'Itaque voluptatem magnam voluptatem facere. Quo voluptates doloribus iure maxime architecto nihil ducimus enim. Adipisci autem nulla quas at assumenda voluptatem.', '1975-06-28 01:49:14', '1983-02-14 10:34:52');
INSERT INTO `emploees_messages` (`id`, `from_emploee_id`, `to_emploee_id`, `body`, `created_at`, `updated_at`) VALUES ('49', '49', '49', 'Ea corrupti fuga enim est consequuntur doloremque. Rerum eveniet eius et non. Dolorem voluptatem voluptatem eos quod dolor iure.', '2006-10-23 07:36:53', '2013-07-01 07:45:23');
INSERT INTO `emploees_messages` (`id`, `from_emploee_id`, `to_emploee_id`, `body`, `created_at`, `updated_at`) VALUES ('50', '50', '50', 'Sint sint tempora recusandae. Molestias aperiam aut itaque assumenda. Rerum sequi soluta corrupti perspiciatis accusamus. Numquam iste voluptatibus omnis ut. Temporibus expedita ex mollitia fugiat.', '2000-03-27 06:11:05', '2012-11-05 04:15:22');
INSERT INTO `emploees_messages` (`id`, `from_emploee_id`, `to_emploee_id`, `body`, `created_at`, `updated_at`) VALUES ('51', '51', '51', 'Culpa maxime et sequi. Similique quia dolores asperiores explicabo. Repudiandae fuga minima ex ut non. Rem illum iste quas porro qui et.', '1971-09-02 13:36:03', '2017-07-20 23:23:24');
INSERT INTO `emploees_messages` (`id`, `from_emploee_id`, `to_emploee_id`, `body`, `created_at`, `updated_at`) VALUES ('52', '52', '52', 'Quia officiis non dolor ea aperiam molestiae. Id cumque dolorum ratione quidem ad. Sed blanditiis repellendus eaque labore quo est iure. Ex reiciendis iste dolores quia harum perspiciatis.', '2013-09-26 08:46:22', '1977-04-26 21:04:50');
INSERT INTO `emploees_messages` (`id`, `from_emploee_id`, `to_emploee_id`, `body`, `created_at`, `updated_at`) VALUES ('53', '53', '53', 'Doloribus enim aspernatur odio et enim. Et tempore sit non rerum. Et sed eaque occaecati tenetur qui qui et. Velit ea cumque voluptates est quo placeat et voluptatum. Hic et dolores omnis temporibus eum dolorum cupiditate recusandae.', '2002-02-05 21:50:04', '2017-11-19 07:20:02');
INSERT INTO `emploees_messages` (`id`, `from_emploee_id`, `to_emploee_id`, `body`, `created_at`, `updated_at`) VALUES ('54', '54', '54', 'Quis animi et repudiandae modi. Aut aut error aut eos ut. Repellendus error voluptatibus qui dicta. Deleniti aut qui vero facere soluta blanditiis.', '1973-03-29 17:59:28', '1989-12-22 13:07:32');
INSERT INTO `emploees_messages` (`id`, `from_emploee_id`, `to_emploee_id`, `body`, `created_at`, `updated_at`) VALUES ('55', '55', '55', 'Omnis aliquid aperiam expedita placeat et molestias rem. Qui et repudiandae doloribus aspernatur et nisi iste. Quae vitae quo id laboriosam asperiores.', '1983-10-29 00:29:45', '2014-06-12 00:56:38');
INSERT INTO `emploees_messages` (`id`, `from_emploee_id`, `to_emploee_id`, `body`, `created_at`, `updated_at`) VALUES ('56', '56', '56', 'Illum ab soluta facere laboriosam minima. Sed sit id eos repudiandae atque non omnis.', '1990-07-10 16:27:24', '2018-07-03 02:03:04');
INSERT INTO `emploees_messages` (`id`, `from_emploee_id`, `to_emploee_id`, `body`, `created_at`, `updated_at`) VALUES ('57', '57', '57', 'Magni ratione deserunt dignissimos fugit quia. Aperiam dolores nam doloremque cum. Consectetur eveniet incidunt numquam temporibus saepe. Autem ipsum qui corporis sed aut rerum nemo.', '2017-12-07 23:30:08', '1981-06-08 20:57:16');
INSERT INTO `emploees_messages` (`id`, `from_emploee_id`, `to_emploee_id`, `body`, `created_at`, `updated_at`) VALUES ('58', '58', '58', 'Aut impedit et consequatur ut cupiditate. Optio adipisci provident aut et. Quia impedit est consequatur sit et distinctio. Quas commodi maiores aliquid ut sint velit tenetur.', '1996-08-23 06:44:31', '1996-01-22 03:33:06');
INSERT INTO `emploees_messages` (`id`, `from_emploee_id`, `to_emploee_id`, `body`, `created_at`, `updated_at`) VALUES ('59', '59', '59', 'Soluta expedita amet accusamus unde asperiores non. Mollitia qui aut voluptatem sunt. Corporis et earum laborum. Veritatis et dolore aut et nostrum est.', '1978-10-20 23:58:31', '1997-06-21 14:45:39');
INSERT INTO `emploees_messages` (`id`, `from_emploee_id`, `to_emploee_id`, `body`, `created_at`, `updated_at`) VALUES ('60', '60', '60', 'In dolorum alias omnis natus nostrum dolorem ipsa. Aliquid magnam delectus repudiandae consequatur fuga quibusdam molestiae fuga. Doloribus suscipit adipisci optio molestias eum modi illum.', '1988-08-09 20:54:19', '1975-03-15 12:03:00');
INSERT INTO `emploees_messages` (`id`, `from_emploee_id`, `to_emploee_id`, `body`, `created_at`, `updated_at`) VALUES ('61', '61', '61', 'Dolore praesentium porro sint dolorem. Qui aut perferendis numquam aperiam repellat. Adipisci dolorem dolore ratione facilis ad quaerat repellendus est. Doloremque ad sequi et.', '1989-11-25 02:19:20', '2018-08-31 13:58:17');
INSERT INTO `emploees_messages` (`id`, `from_emploee_id`, `to_emploee_id`, `body`, `created_at`, `updated_at`) VALUES ('62', '62', '62', 'Vero nemo necessitatibus cum quaerat consectetur. Sed aut ab quis ipsum ea omnis et. Veniam cupiditate odio omnis enim suscipit est quaerat et. Qui aut in nam.', '1999-11-09 09:49:01', '1981-08-27 19:42:58');
INSERT INTO `emploees_messages` (`id`, `from_emploee_id`, `to_emploee_id`, `body`, `created_at`, `updated_at`) VALUES ('63', '63', '63', 'Et totam nesciunt officiis et fugiat beatae. Vel at est architecto aut ut amet veritatis.', '2013-07-30 20:37:51', '1974-04-07 05:08:43');
INSERT INTO `emploees_messages` (`id`, `from_emploee_id`, `to_emploee_id`, `body`, `created_at`, `updated_at`) VALUES ('64', '64', '64', 'Temporibus voluptas qui nemo voluptates et aut. Voluptas officia voluptatem aperiam provident reiciendis qui vitae non.', '2006-10-16 15:51:45', '2006-03-27 07:18:10');
INSERT INTO `emploees_messages` (`id`, `from_emploee_id`, `to_emploee_id`, `body`, `created_at`, `updated_at`) VALUES ('65', '65', '65', 'Odio maiores tempora voluptatem est. Ut totam porro aut praesentium sit ab. Sed nostrum et saepe sit. Dignissimos sunt ea qui similique quaerat.', '2020-01-07 22:48:18', '1974-04-04 14:19:42');
INSERT INTO `emploees_messages` (`id`, `from_emploee_id`, `to_emploee_id`, `body`, `created_at`, `updated_at`) VALUES ('66', '66', '66', 'Fugiat sit fugiat ad deleniti alias eos. Hic qui mollitia quia ea. Sint veritatis qui illum omnis consequuntur. Voluptatem explicabo ab aut at autem aspernatur. Repellat incidunt reiciendis corporis nam hic corporis est.', '1992-02-24 02:14:03', '1989-06-19 00:50:47');
INSERT INTO `emploees_messages` (`id`, `from_emploee_id`, `to_emploee_id`, `body`, `created_at`, `updated_at`) VALUES ('67', '67', '67', 'Dolores tempore fugiat sit omnis recusandae atque et. Ipsa dolor repudiandae magnam omnis omnis consequuntur. Atque qui voluptas et eos vitae ut. Nostrum deleniti dolorum rerum velit quas odio enim.', '1980-03-10 19:36:37', '2018-10-19 13:23:55');
INSERT INTO `emploees_messages` (`id`, `from_emploee_id`, `to_emploee_id`, `body`, `created_at`, `updated_at`) VALUES ('68', '68', '68', 'Aut eaque eum ullam autem voluptatem. Maxime consequatur eos sunt nostrum omnis quis ex. Repudiandae aut praesentium porro vel voluptates dolores nesciunt.', '2000-05-02 02:57:28', '2014-05-18 18:02:30');
INSERT INTO `emploees_messages` (`id`, `from_emploee_id`, `to_emploee_id`, `body`, `created_at`, `updated_at`) VALUES ('69', '69', '69', 'Non quod fuga assumenda consequatur ex illum ea. Nulla ullam quaerat dolorem id et. Dolor est perferendis aut unde fugiat et. Tempora suscipit voluptatem rerum inventore.', '1977-11-17 11:56:24', '1977-04-26 11:44:42');
INSERT INTO `emploees_messages` (`id`, `from_emploee_id`, `to_emploee_id`, `body`, `created_at`, `updated_at`) VALUES ('70', '70', '70', 'Qui a ea fugit veniam. Quia quidem facere delectus est non sed quia molestiae. Ut corporis voluptatem nobis facere architecto eligendi facilis sit. Dolorem enim odio eos sit et esse.', '2013-08-05 05:31:16', '1978-09-04 03:50:34');
INSERT INTO `emploees_messages` (`id`, `from_emploee_id`, `to_emploee_id`, `body`, `created_at`, `updated_at`) VALUES ('71', '71', '71', 'Nisi nulla exercitationem voluptas aspernatur qui explicabo. Laboriosam alias consectetur dolorum illo iure nesciunt explicabo. Est doloremque id provident optio.', '2006-04-30 10:46:22', '2011-08-06 19:52:04');
INSERT INTO `emploees_messages` (`id`, `from_emploee_id`, `to_emploee_id`, `body`, `created_at`, `updated_at`) VALUES ('72', '72', '72', 'Corrupti id earum similique ea quis eius vero. Exercitationem quo odit assumenda saepe ex. Qui dicta et non itaque. Et ut minima id autem.', '2014-07-23 03:17:06', '1987-07-06 14:53:32');
INSERT INTO `emploees_messages` (`id`, `from_emploee_id`, `to_emploee_id`, `body`, `created_at`, `updated_at`) VALUES ('73', '73', '73', 'Quam hic sint minima similique magni. Nihil vero occaecati asperiores eum modi. Doloremque pariatur qui omnis non vitae est. Assumenda pariatur voluptatibus incidunt consequatur ullam.', '1994-04-24 13:04:49', '2002-09-02 02:49:35');
INSERT INTO `emploees_messages` (`id`, `from_emploee_id`, `to_emploee_id`, `body`, `created_at`, `updated_at`) VALUES ('74', '74', '74', 'Aspernatur et maiores animi est doloremque. Dolorum nobis enim voluptatem quam tempora. Voluptate quasi corporis omnis iusto minus delectus. Dignissimos provident saepe eos similique magnam.', '2009-09-05 00:19:14', '1970-03-01 13:44:09');
INSERT INTO `emploees_messages` (`id`, `from_emploee_id`, `to_emploee_id`, `body`, `created_at`, `updated_at`) VALUES ('75', '75', '75', 'Iure provident sint et in et quia. Praesentium ab qui itaque fuga dolorem. Doloremque ipsum harum consequatur optio. Rem quia amet soluta dignissimos velit maxime sapiente tempora.', '1992-11-17 01:07:42', '2010-11-26 22:49:30');
INSERT INTO `emploees_messages` (`id`, `from_emploee_id`, `to_emploee_id`, `body`, `created_at`, `updated_at`) VALUES ('76', '76', '76', 'Facilis dolorum eius consequatur deleniti quia. Recusandae eos quo repellat laborum assumenda dolorem quibusdam delectus. Facere quia id sint blanditiis. Aliquid facilis dolorum ut aut ipsum illo.', '2008-02-13 15:51:35', '2015-10-03 05:37:21');
INSERT INTO `emploees_messages` (`id`, `from_emploee_id`, `to_emploee_id`, `body`, `created_at`, `updated_at`) VALUES ('77', '77', '77', 'Nulla voluptatem laboriosam sit architecto itaque. Itaque quos consequatur ut. Numquam vitae quam dolores id illo dignissimos sunt porro. Ad ab et cupiditate omnis molestias soluta.', '1992-09-07 11:05:22', '1974-12-04 16:54:02');
INSERT INTO `emploees_messages` (`id`, `from_emploee_id`, `to_emploee_id`, `body`, `created_at`, `updated_at`) VALUES ('78', '78', '78', 'Deserunt nam qui et sequi ut facilis. Illum aut assumenda vel tempora neque amet facere nobis. Sunt consectetur iusto aut. Quia explicabo et laudantium ut enim omnis quidem.', '2011-07-10 21:20:58', '1998-08-30 10:15:40');
INSERT INTO `emploees_messages` (`id`, `from_emploee_id`, `to_emploee_id`, `body`, `created_at`, `updated_at`) VALUES ('79', '79', '79', 'Hic odio ipsam assumenda. Et quam saepe et quaerat tempora et. Beatae est hic ratione dolor sint aut quasi ducimus. Consequatur illo sunt neque.', '1997-04-16 15:44:06', '2005-05-11 01:44:44');
INSERT INTO `emploees_messages` (`id`, `from_emploee_id`, `to_emploee_id`, `body`, `created_at`, `updated_at`) VALUES ('80', '80', '80', 'Nihil veritatis id dicta optio. Harum rem ut perferendis necessitatibus. Sint perferendis et vel voluptas sapiente ipsa nulla.', '1978-07-27 23:09:52', '2015-10-04 14:13:03');
INSERT INTO `emploees_messages` (`id`, `from_emploee_id`, `to_emploee_id`, `body`, `created_at`, `updated_at`) VALUES ('81', '81', '81', 'Rerum odit illo dignissimos. Quas consequatur sed non amet corporis. Quos a quia voluptatem.', '2001-04-19 14:50:02', '1985-02-07 20:02:00');
INSERT INTO `emploees_messages` (`id`, `from_emploee_id`, `to_emploee_id`, `body`, `created_at`, `updated_at`) VALUES ('82', '82', '82', 'Eveniet ut maxime ipsum aut. Sit nesciunt sequi omnis magni dolores ipsam voluptatibus.', '1973-03-24 12:03:59', '2013-04-19 02:40:41');
INSERT INTO `emploees_messages` (`id`, `from_emploee_id`, `to_emploee_id`, `body`, `created_at`, `updated_at`) VALUES ('83', '83', '83', 'Laboriosam nam eius voluptatum corrupti. Aperiam incidunt rerum magni et. Id quo voluptate facilis vitae velit asperiores facere. Maiores assumenda numquam nemo voluptates exercitationem totam delectus.', '1970-11-15 03:22:28', '1984-05-27 12:02:58');
INSERT INTO `emploees_messages` (`id`, `from_emploee_id`, `to_emploee_id`, `body`, `created_at`, `updated_at`) VALUES ('84', '84', '84', 'Ullam excepturi voluptatem sed quod error laudantium dolorum. Velit eum pariatur quas eos. Pariatur modi impedit non commodi praesentium. Voluptatibus quas iure ut vero autem quidem. Nihil itaque nostrum aliquid quasi.', '1982-02-12 03:18:31', '1983-01-21 08:19:51');
INSERT INTO `emploees_messages` (`id`, `from_emploee_id`, `to_emploee_id`, `body`, `created_at`, `updated_at`) VALUES ('85', '85', '85', 'Ut suscipit est deserunt doloremque quia quo sunt. Quis aut temporibus et quis autem qui hic. Est nesciunt enim pariatur neque.', '1980-03-31 04:04:48', '2018-11-18 18:00:27');
INSERT INTO `emploees_messages` (`id`, `from_emploee_id`, `to_emploee_id`, `body`, `created_at`, `updated_at`) VALUES ('86', '86', '86', 'Voluptatem molestias necessitatibus fuga ipsa sequi doloribus debitis. Possimus qui neque sed aliquam harum aut. Adipisci atque soluta iure architecto quas est.', '1982-09-03 04:49:15', '2015-08-07 04:17:27');
INSERT INTO `emploees_messages` (`id`, `from_emploee_id`, `to_emploee_id`, `body`, `created_at`, `updated_at`) VALUES ('87', '87', '87', 'Facilis ea consequatur a assumenda velit. Nulla asperiores asperiores praesentium a omnis. Omnis incidunt esse ipsum autem placeat.', '1978-01-25 20:04:17', '2013-06-17 22:22:51');
INSERT INTO `emploees_messages` (`id`, `from_emploee_id`, `to_emploee_id`, `body`, `created_at`, `updated_at`) VALUES ('88', '88', '88', 'Libero soluta quidem dignissimos blanditiis. Sint labore explicabo dolore impedit cupiditate. Sed voluptates dolorem consequatur corrupti tempora ex aspernatur.', '1992-01-16 21:23:16', '2018-07-19 17:45:26');
INSERT INTO `emploees_messages` (`id`, `from_emploee_id`, `to_emploee_id`, `body`, `created_at`, `updated_at`) VALUES ('89', '89', '89', 'Possimus alias beatae dolor et. Voluptatibus ad dolorum inventore maiores repudiandae. Amet reprehenderit deserunt dolore blanditiis.', '1987-01-08 11:33:35', '1972-12-01 12:53:33');
INSERT INTO `emploees_messages` (`id`, `from_emploee_id`, `to_emploee_id`, `body`, `created_at`, `updated_at`) VALUES ('90', '90', '90', 'Magni itaque ut voluptatum nobis voluptas laboriosam autem. Voluptas aut eum nostrum quia odit voluptas. Ullam expedita magnam omnis omnis dignissimos. Unde harum omnis molestias explicabo ipsam earum.', '2010-03-20 03:48:34', '2006-04-05 15:35:26');
INSERT INTO `emploees_messages` (`id`, `from_emploee_id`, `to_emploee_id`, `body`, `created_at`, `updated_at`) VALUES ('91', '91', '91', 'Sequi repudiandae illo ratione debitis porro aperiam maxime. Pariatur veritatis officia laborum minima omnis blanditiis. Aperiam veritatis deserunt blanditiis voluptas dolorem quas. Voluptate enim sed consectetur nulla ipsa. Reiciendis enim sed et soluta quo.', '2016-08-13 15:03:06', '1994-01-22 06:57:26');
INSERT INTO `emploees_messages` (`id`, `from_emploee_id`, `to_emploee_id`, `body`, `created_at`, `updated_at`) VALUES ('92', '92', '92', 'Optio debitis quaerat excepturi exercitationem dolor sed ea distinctio. Error omnis adipisci tenetur incidunt ex et quis. Voluptates quis incidunt iusto est odio sapiente.', '1992-06-19 12:17:39', '2018-07-06 22:03:31');
INSERT INTO `emploees_messages` (`id`, `from_emploee_id`, `to_emploee_id`, `body`, `created_at`, `updated_at`) VALUES ('93', '93', '93', 'Veritatis officiis iure exercitationem. Sunt ut rerum impedit. Corporis molestiae commodi at magnam pariatur et. Culpa reprehenderit dolores et in fuga.', '1980-11-08 12:29:18', '1975-07-28 01:41:31');
INSERT INTO `emploees_messages` (`id`, `from_emploee_id`, `to_emploee_id`, `body`, `created_at`, `updated_at`) VALUES ('94', '94', '94', 'Eligendi ut mollitia fuga. Sunt voluptatem consequatur voluptate autem officia. Eos et nisi dolor beatae impedit nisi est.', '2003-05-23 03:07:47', '2005-08-16 13:15:25');
INSERT INTO `emploees_messages` (`id`, `from_emploee_id`, `to_emploee_id`, `body`, `created_at`, `updated_at`) VALUES ('95', '95', '95', 'Quibusdam ratione quaerat laborum voluptates hic. Sequi rerum eius est vel tempore. Eos saepe in sint error nihil aut deserunt molestias. Voluptatibus qui porro aut repellat voluptatem.', '1977-12-07 23:28:01', '1997-10-16 15:22:03');
INSERT INTO `emploees_messages` (`id`, `from_emploee_id`, `to_emploee_id`, `body`, `created_at`, `updated_at`) VALUES ('96', '96', '96', 'Et nihil aperiam ut ut doloremque voluptas. Delectus nulla quam ut libero voluptatem harum. Occaecati velit qui doloremque maiores natus asperiores aut expedita. Similique quaerat mollitia iste.', '1982-03-26 15:39:40', '1971-02-17 23:57:07');
INSERT INTO `emploees_messages` (`id`, `from_emploee_id`, `to_emploee_id`, `body`, `created_at`, `updated_at`) VALUES ('97', '97', '97', 'Voluptatem necessitatibus eum est ratione animi expedita velit. Fuga in autem est facere soluta. Repellendus fugiat sit dolore eligendi et debitis. Expedita qui aliquam omnis quibusdam est.', '1998-06-01 11:32:32', '2005-06-30 13:00:24');
INSERT INTO `emploees_messages` (`id`, `from_emploee_id`, `to_emploee_id`, `body`, `created_at`, `updated_at`) VALUES ('98', '98', '98', 'Voluptatem sed ut repellat aperiam et necessitatibus commodi. Nihil dignissimos et quod aliquam. Laboriosam doloribus est deleniti. Asperiores nostrum perspiciatis ad maxime.', '1970-03-19 16:14:21', '1994-11-18 02:20:07');
INSERT INTO `emploees_messages` (`id`, `from_emploee_id`, `to_emploee_id`, `body`, `created_at`, `updated_at`) VALUES ('99', '99', '99', 'Nostrum sed officia neque. Architecto itaque ut omnis aut unde dolorem aliquam. Voluptatem est quidem odit deserunt architecto.', '2000-01-19 19:26:53', '2015-11-26 15:52:03');
INSERT INTO `emploees_messages` (`id`, `from_emploee_id`, `to_emploee_id`, `body`, `created_at`, `updated_at`) VALUES ('100', '100', '100', 'Nemo quia perspiciatis temporibus ipsum laborum neque esse. Vitae delectus consequuntur quia repellat est nulla blanditiis. Aut eum accusamus quidem quidem quo iusto rerum.', '2015-07-23 04:38:24', '2003-06-15 08:50:48');


INSERT INTO `emploees_profile` (`id`, `gender`, `birthday`, `city_id`, `created_at`, `updated_at`) VALUES ('1', 'm', '1993-08-14', '1', '1989-02-26 19:41:08', '2012-09-24 19:08:25');
INSERT INTO `emploees_profile` (`id`, `gender`, `birthday`, `city_id`, `created_at`, `updated_at`) VALUES ('2', 'm', '2003-09-11', '2', '1978-11-12 01:19:50', '2018-10-27 19:41:24');
INSERT INTO `emploees_profile` (`id`, `gender`, `birthday`, `city_id`, `created_at`, `updated_at`) VALUES ('3', 'm', '1985-02-13', '3', '1986-05-07 19:21:37', '1988-06-04 19:38:33');
INSERT INTO `emploees_profile` (`id`, `gender`, `birthday`, `city_id`, `created_at`, `updated_at`) VALUES ('4', 'f', '2000-09-06', '4', '1999-05-12 17:56:28', '1996-10-15 20:44:25');
INSERT INTO `emploees_profile` (`id`, `gender`, `birthday`, `city_id`, `created_at`, `updated_at`) VALUES ('5', 'm', '1973-01-06', '5', '1995-05-07 03:23:20', '1996-11-09 10:22:03');
INSERT INTO `emploees_profile` (`id`, `gender`, `birthday`, `city_id`, `created_at`, `updated_at`) VALUES ('6', 'm', '2012-08-05', '6', '2012-10-20 19:39:19', '2019-05-19 14:20:51');
INSERT INTO `emploees_profile` (`id`, `gender`, `birthday`, `city_id`, `created_at`, `updated_at`) VALUES ('7', 'f', '1973-07-14', '7', '1974-07-17 16:20:42', '2018-01-06 04:15:16');
INSERT INTO `emploees_profile` (`id`, `gender`, `birthday`, `city_id`, `created_at`, `updated_at`) VALUES ('8', 'f', '1987-05-14', '8', '2019-08-06 19:30:57', '1991-11-25 01:28:45');
INSERT INTO `emploees_profile` (`id`, `gender`, `birthday`, `city_id`, `created_at`, `updated_at`) VALUES ('9', 'f', '1993-08-26', '9', '1971-03-06 15:30:12', '2011-07-19 14:34:40');
INSERT INTO `emploees_profile` (`id`, `gender`, `birthday`, `city_id`, `created_at`, `updated_at`) VALUES ('10', 'f', '1995-01-24', '10', '2016-11-10 07:16:00', '2002-11-09 03:32:01');
INSERT INTO `emploees_profile` (`id`, `gender`, `birthday`, `city_id`, `created_at`, `updated_at`) VALUES ('11', 'f', '2007-08-22', '11', '2017-04-09 01:25:29', '2002-03-23 04:45:13');
INSERT INTO `emploees_profile` (`id`, `gender`, `birthday`, `city_id`, `created_at`, `updated_at`) VALUES ('12', 'f', '1991-03-08', '12', '2006-04-06 21:48:45', '1995-03-26 14:50:43');
INSERT INTO `emploees_profile` (`id`, `gender`, `birthday`, `city_id`, `created_at`, `updated_at`) VALUES ('13', 'f', '1998-12-27', '13', '1992-01-30 07:37:38', '1985-08-09 19:52:04');
INSERT INTO `emploees_profile` (`id`, `gender`, `birthday`, `city_id`, `created_at`, `updated_at`) VALUES ('14', 'f', '2014-09-06', '14', '2013-04-02 13:32:51', '1980-05-16 03:10:44');
INSERT INTO `emploees_profile` (`id`, `gender`, `birthday`, `city_id`, `created_at`, `updated_at`) VALUES ('15', 'm', '1993-01-30', '15', '2012-05-21 19:18:52', '1975-01-17 08:11:44');
INSERT INTO `emploees_profile` (`id`, `gender`, `birthday`, `city_id`, `created_at`, `updated_at`) VALUES ('16', 'f', '1981-08-12', '16', '2010-03-27 17:10:32', '2017-04-25 21:00:41');
INSERT INTO `emploees_profile` (`id`, `gender`, `birthday`, `city_id`, `created_at`, `updated_at`) VALUES ('17', 'm', '2008-07-12', '17', '1986-10-03 18:55:51', '1983-11-28 17:30:38');
INSERT INTO `emploees_profile` (`id`, `gender`, `birthday`, `city_id`, `created_at`, `updated_at`) VALUES ('18', 'f', '2012-08-17', '18', '1996-09-05 11:29:43', '1989-10-12 23:30:35');
INSERT INTO `emploees_profile` (`id`, `gender`, `birthday`, `city_id`, `created_at`, `updated_at`) VALUES ('19', 'm', '1999-06-08', '19', '1997-02-11 17:04:14', '1988-05-10 11:47:52');
INSERT INTO `emploees_profile` (`id`, `gender`, `birthday`, `city_id`, `created_at`, `updated_at`) VALUES ('20', 'm', '2019-03-17', '20', '1981-03-02 11:51:33', '2001-04-14 06:46:22');
INSERT INTO `emploees_profile` (`id`, `gender`, `birthday`, `city_id`, `created_at`, `updated_at`) VALUES ('21', 'm', '1996-11-30', '21', '1992-01-30 20:44:35', '1984-11-26 00:07:23');
INSERT INTO `emploees_profile` (`id`, `gender`, `birthday`, `city_id`, `created_at`, `updated_at`) VALUES ('22', 'f', '1985-06-14', '22', '2009-07-06 18:55:22', '1972-01-08 20:27:03');
INSERT INTO `emploees_profile` (`id`, `gender`, `birthday`, `city_id`, `created_at`, `updated_at`) VALUES ('23', 'm', '2014-09-29', '23', '2008-04-03 05:05:32', '2010-11-26 21:44:26');
INSERT INTO `emploees_profile` (`id`, `gender`, `birthday`, `city_id`, `created_at`, `updated_at`) VALUES ('24', 'f', '2011-05-31', '24', '2017-02-18 05:33:03', '1983-12-08 18:46:52');
INSERT INTO `emploees_profile` (`id`, `gender`, `birthday`, `city_id`, `created_at`, `updated_at`) VALUES ('25', 'm', '1989-04-17', '25', '1988-10-22 13:59:07', '1982-08-27 03:56:16');
INSERT INTO `emploees_profile` (`id`, `gender`, `birthday`, `city_id`, `created_at`, `updated_at`) VALUES ('26', 'm', '1994-02-02', '26', '2017-08-01 07:28:29', '1980-10-21 13:45:18');
INSERT INTO `emploees_profile` (`id`, `gender`, `birthday`, `city_id`, `created_at`, `updated_at`) VALUES ('27', 'f', '1981-03-29', '27', '1970-11-03 19:45:27', '2006-01-12 13:56:56');
INSERT INTO `emploees_profile` (`id`, `gender`, `birthday`, `city_id`, `created_at`, `updated_at`) VALUES ('28', 'f', '1982-09-04', '28', '2020-08-14 02:04:46', '1987-09-29 03:19:27');
INSERT INTO `emploees_profile` (`id`, `gender`, `birthday`, `city_id`, `created_at`, `updated_at`) VALUES ('29', 'f', '1981-12-08', '29', '1976-03-20 17:39:56', '1997-07-08 03:22:53');
INSERT INTO `emploees_profile` (`id`, `gender`, `birthday`, `city_id`, `created_at`, `updated_at`) VALUES ('30', 'f', '1971-01-15', '30', '1985-09-10 14:08:57', '1990-12-01 19:36:57');
INSERT INTO `emploees_profile` (`id`, `gender`, `birthday`, `city_id`, `created_at`, `updated_at`) VALUES ('31', 'f', '2015-01-22', '31', '1994-08-23 00:49:31', '1987-01-06 07:39:30');
INSERT INTO `emploees_profile` (`id`, `gender`, `birthday`, `city_id`, `created_at`, `updated_at`) VALUES ('32', 'f', '2020-10-16', '32', '1977-03-25 11:34:23', '1982-10-27 19:14:52');
INSERT INTO `emploees_profile` (`id`, `gender`, `birthday`, `city_id`, `created_at`, `updated_at`) VALUES ('33', 'f', '1985-07-25', '33', '1977-06-09 07:42:27', '2008-05-21 12:14:12');
INSERT INTO `emploees_profile` (`id`, `gender`, `birthday`, `city_id`, `created_at`, `updated_at`) VALUES ('34', 'm', '1982-06-08', '34', '2008-07-27 09:15:44', '1979-11-11 08:34:10');
INSERT INTO `emploees_profile` (`id`, `gender`, `birthday`, `city_id`, `created_at`, `updated_at`) VALUES ('35', 'm', '1994-06-04', '35', '1976-05-08 22:26:41', '2007-12-10 06:11:27');
INSERT INTO `emploees_profile` (`id`, `gender`, `birthday`, `city_id`, `created_at`, `updated_at`) VALUES ('36', 'm', '1981-10-17', '36', '1977-09-13 08:47:53', '1981-12-04 11:38:58');
INSERT INTO `emploees_profile` (`id`, `gender`, `birthday`, `city_id`, `created_at`, `updated_at`) VALUES ('37', 'f', '2015-12-30', '37', '2008-01-27 06:52:16', '2000-01-25 00:07:16');
INSERT INTO `emploees_profile` (`id`, `gender`, `birthday`, `city_id`, `created_at`, `updated_at`) VALUES ('38', 'm', '1974-03-16', '38', '2005-10-19 20:47:47', '1992-05-10 01:33:00');
INSERT INTO `emploees_profile` (`id`, `gender`, `birthday`, `city_id`, `created_at`, `updated_at`) VALUES ('39', 'm', '2017-11-18', '39', '1996-11-03 07:01:47', '1978-12-24 09:49:16');
INSERT INTO `emploees_profile` (`id`, `gender`, `birthday`, `city_id`, `created_at`, `updated_at`) VALUES ('40', 'm', '2008-08-05', '40', '1995-11-06 09:48:32', '2009-12-05 09:27:51');
INSERT INTO `emploees_profile` (`id`, `gender`, `birthday`, `city_id`, `created_at`, `updated_at`) VALUES ('41', 'f', '1998-03-09', '41', '1987-09-08 23:52:44', '2005-05-31 10:25:39');
INSERT INTO `emploees_profile` (`id`, `gender`, `birthday`, `city_id`, `created_at`, `updated_at`) VALUES ('42', 'f', '2013-02-19', '42', '1990-10-04 20:29:06', '1974-10-17 01:37:32');
INSERT INTO `emploees_profile` (`id`, `gender`, `birthday`, `city_id`, `created_at`, `updated_at`) VALUES ('43', 'f', '2010-10-27', '43', '2015-09-17 17:05:26', '1983-07-21 04:11:47');
INSERT INTO `emploees_profile` (`id`, `gender`, `birthday`, `city_id`, `created_at`, `updated_at`) VALUES ('44', 'f', '2007-07-13', '44', '1992-12-21 21:54:34', '1971-07-27 21:02:06');
INSERT INTO `emploees_profile` (`id`, `gender`, `birthday`, `city_id`, `created_at`, `updated_at`) VALUES ('45', 'f', '1974-11-17', '45', '2009-01-30 07:50:54', '2000-03-02 11:02:14');
INSERT INTO `emploees_profile` (`id`, `gender`, `birthday`, `city_id`, `created_at`, `updated_at`) VALUES ('46', 'm', '2014-06-19', '46', '1984-09-05 17:04:21', '1970-02-01 01:09:51');
INSERT INTO `emploees_profile` (`id`, `gender`, `birthday`, `city_id`, `created_at`, `updated_at`) VALUES ('47', 'm', '1983-02-05', '47', '1986-09-22 06:32:13', '1990-03-25 19:42:23');
INSERT INTO `emploees_profile` (`id`, `gender`, `birthday`, `city_id`, `created_at`, `updated_at`) VALUES ('48', 'f', '1981-07-30', '48', '1988-07-28 14:04:43', '2008-06-29 01:07:43');
INSERT INTO `emploees_profile` (`id`, `gender`, `birthday`, `city_id`, `created_at`, `updated_at`) VALUES ('49', 'm', '1989-04-05', '49', '1995-06-17 20:04:30', '2006-01-14 00:13:27');
INSERT INTO `emploees_profile` (`id`, `gender`, `birthday`, `city_id`, `created_at`, `updated_at`) VALUES ('50', 'f', '2009-02-09', '50', '1994-03-09 18:14:46', '1970-11-27 13:28:35');
INSERT INTO `emploees_profile` (`id`, `gender`, `birthday`, `city_id`, `created_at`, `updated_at`) VALUES ('51', 'f', '2015-09-16', '51', '1985-03-18 21:06:31', '2005-02-19 06:27:15');
INSERT INTO `emploees_profile` (`id`, `gender`, `birthday`, `city_id`, `created_at`, `updated_at`) VALUES ('52', 'f', '2003-11-12', '52', '2018-01-13 17:55:08', '1989-02-27 06:05:34');
INSERT INTO `emploees_profile` (`id`, `gender`, `birthday`, `city_id`, `created_at`, `updated_at`) VALUES ('53', 'm', '2005-01-08', '53', '2017-03-06 00:58:08', '2014-08-25 08:12:36');
INSERT INTO `emploees_profile` (`id`, `gender`, `birthday`, `city_id`, `created_at`, `updated_at`) VALUES ('54', 'f', '1995-02-09', '54', '2002-05-29 22:34:15', '2010-04-01 15:44:48');
INSERT INTO `emploees_profile` (`id`, `gender`, `birthday`, `city_id`, `created_at`, `updated_at`) VALUES ('55', 'f', '1982-07-31', '55', '1996-12-05 09:23:54', '1975-07-06 03:44:45');
INSERT INTO `emploees_profile` (`id`, `gender`, `birthday`, `city_id`, `created_at`, `updated_at`) VALUES ('56', 'f', '1977-10-06', '56', '1975-12-18 06:36:30', '2012-12-06 12:36:11');
INSERT INTO `emploees_profile` (`id`, `gender`, `birthday`, `city_id`, `created_at`, `updated_at`) VALUES ('57', 'm', '2011-07-03', '57', '1978-04-01 14:37:57', '2014-02-27 19:10:07');
INSERT INTO `emploees_profile` (`id`, `gender`, `birthday`, `city_id`, `created_at`, `updated_at`) VALUES ('58', 'm', '1977-12-08', '58', '1991-06-08 12:32:29', '1981-07-28 17:23:38');
INSERT INTO `emploees_profile` (`id`, `gender`, `birthday`, `city_id`, `created_at`, `updated_at`) VALUES ('59', 'm', '1996-12-31', '59', '2014-06-14 22:57:24', '1994-08-12 15:18:04');
INSERT INTO `emploees_profile` (`id`, `gender`, `birthday`, `city_id`, `created_at`, `updated_at`) VALUES ('60', 'f', '2018-10-01', '60', '1977-10-24 10:37:56', '1976-07-22 09:52:37');
INSERT INTO `emploees_profile` (`id`, `gender`, `birthday`, `city_id`, `created_at`, `updated_at`) VALUES ('61', 'm', '1973-05-18', '61', '2003-06-24 15:02:03', '1982-01-05 19:45:53');
INSERT INTO `emploees_profile` (`id`, `gender`, `birthday`, `city_id`, `created_at`, `updated_at`) VALUES ('62', 'm', '2015-11-27', '62', '2019-11-28 05:37:14', '2011-11-29 19:20:43');
INSERT INTO `emploees_profile` (`id`, `gender`, `birthday`, `city_id`, `created_at`, `updated_at`) VALUES ('63', 'm', '1978-01-01', '63', '1994-03-04 19:18:44', '1975-03-11 14:35:30');
INSERT INTO `emploees_profile` (`id`, `gender`, `birthday`, `city_id`, `created_at`, `updated_at`) VALUES ('64', 'f', '1986-11-04', '64', '2007-01-05 14:43:42', '2009-04-06 12:33:10');
INSERT INTO `emploees_profile` (`id`, `gender`, `birthday`, `city_id`, `created_at`, `updated_at`) VALUES ('65', 'f', '2004-07-31', '65', '1998-08-23 17:06:55', '1988-02-28 02:37:23');
INSERT INTO `emploees_profile` (`id`, `gender`, `birthday`, `city_id`, `created_at`, `updated_at`) VALUES ('66', 'm', '1996-03-16', '66', '1982-12-09 19:20:15', '2002-03-21 06:26:17');
INSERT INTO `emploees_profile` (`id`, `gender`, `birthday`, `city_id`, `created_at`, `updated_at`) VALUES ('67', 'f', '1992-01-25', '67', '1971-06-17 07:48:18', '2019-08-04 09:05:25');
INSERT INTO `emploees_profile` (`id`, `gender`, `birthday`, `city_id`, `created_at`, `updated_at`) VALUES ('68', 'm', '1979-11-03', '68', '2015-03-21 12:40:57', '1974-12-13 01:33:28');
INSERT INTO `emploees_profile` (`id`, `gender`, `birthday`, `city_id`, `created_at`, `updated_at`) VALUES ('69', 'f', '1991-11-08', '69', '1971-08-17 08:09:41', '1980-02-20 22:17:53');
INSERT INTO `emploees_profile` (`id`, `gender`, `birthday`, `city_id`, `created_at`, `updated_at`) VALUES ('70', 'f', '1994-05-05', '70', '1989-06-08 13:11:37', '1998-04-17 19:27:12');
INSERT INTO `emploees_profile` (`id`, `gender`, `birthday`, `city_id`, `created_at`, `updated_at`) VALUES ('71', 'f', '1971-08-13', '71', '2011-03-25 02:46:23', '1973-07-21 13:30:17');
INSERT INTO `emploees_profile` (`id`, `gender`, `birthday`, `city_id`, `created_at`, `updated_at`) VALUES ('72', 'm', '2005-04-06', '72', '1990-05-03 00:37:48', '2010-01-22 18:00:59');
INSERT INTO `emploees_profile` (`id`, `gender`, `birthday`, `city_id`, `created_at`, `updated_at`) VALUES ('73', 'f', '2020-05-16', '73', '1996-01-20 20:28:07', '1974-05-25 00:24:21');
INSERT INTO `emploees_profile` (`id`, `gender`, `birthday`, `city_id`, `created_at`, `updated_at`) VALUES ('74', 'm', '1995-03-06', '74', '1991-12-15 09:46:49', '1978-07-28 10:05:57');
INSERT INTO `emploees_profile` (`id`, `gender`, `birthday`, `city_id`, `created_at`, `updated_at`) VALUES ('75', 'f', '2013-04-23', '75', '1999-10-02 05:32:34', '1977-08-06 05:30:39');
INSERT INTO `emploees_profile` (`id`, `gender`, `birthday`, `city_id`, `created_at`, `updated_at`) VALUES ('76', 'm', '1975-06-24', '76', '1993-07-24 18:48:19', '2019-01-06 02:16:52');
INSERT INTO `emploees_profile` (`id`, `gender`, `birthday`, `city_id`, `created_at`, `updated_at`) VALUES ('77', 'f', '1999-04-08', '77', '2020-10-14 14:39:08', '2020-11-16 21:13:21');
INSERT INTO `emploees_profile` (`id`, `gender`, `birthday`, `city_id`, `created_at`, `updated_at`) VALUES ('78', 'f', '1999-11-03', '78', '2000-12-27 01:04:42', '1990-11-30 12:14:00');
INSERT INTO `emploees_profile` (`id`, `gender`, `birthday`, `city_id`, `created_at`, `updated_at`) VALUES ('79', 'm', '2010-05-17', '79', '1975-07-12 14:20:43', '2009-04-13 22:01:27');
INSERT INTO `emploees_profile` (`id`, `gender`, `birthday`, `city_id`, `created_at`, `updated_at`) VALUES ('80', 'f', '1982-04-25', '80', '1985-08-21 13:07:03', '2015-06-09 04:04:09');
INSERT INTO `emploees_profile` (`id`, `gender`, `birthday`, `city_id`, `created_at`, `updated_at`) VALUES ('81', 'm', '2019-12-22', '81', '2019-04-06 05:52:57', '1992-07-10 16:06:37');
INSERT INTO `emploees_profile` (`id`, `gender`, `birthday`, `city_id`, `created_at`, `updated_at`) VALUES ('82', 'm', '2014-03-15', '82', '1992-05-11 01:05:32', '2018-01-07 22:45:47');
INSERT INTO `emploees_profile` (`id`, `gender`, `birthday`, `city_id`, `created_at`, `updated_at`) VALUES ('83', 'm', '1984-01-04', '83', '2004-08-13 12:43:50', '1994-07-15 05:24:17');
INSERT INTO `emploees_profile` (`id`, `gender`, `birthday`, `city_id`, `created_at`, `updated_at`) VALUES ('84', 'm', '1986-06-21', '84', '1988-02-17 09:29:50', '2008-06-02 23:13:34');
INSERT INTO `emploees_profile` (`id`, `gender`, `birthday`, `city_id`, `created_at`, `updated_at`) VALUES ('85', 'f', '1984-02-12', '85', '2012-12-31 11:21:56', '2010-04-19 06:49:25');
INSERT INTO `emploees_profile` (`id`, `gender`, `birthday`, `city_id`, `created_at`, `updated_at`) VALUES ('86', 'f', '1984-06-07', '86', '2007-10-18 21:25:19', '1981-09-26 02:38:23');
INSERT INTO `emploees_profile` (`id`, `gender`, `birthday`, `city_id`, `created_at`, `updated_at`) VALUES ('87', 'f', '1983-03-26', '87', '1988-01-24 11:48:25', '1998-10-29 21:25:53');
INSERT INTO `emploees_profile` (`id`, `gender`, `birthday`, `city_id`, `created_at`, `updated_at`) VALUES ('88', 'f', '1986-02-21', '88', '2016-05-12 21:07:01', '2004-06-16 12:37:21');
INSERT INTO `emploees_profile` (`id`, `gender`, `birthday`, `city_id`, `created_at`, `updated_at`) VALUES ('89', 'm', '1991-05-21', '89', '1979-06-07 04:49:13', '1993-04-09 17:15:38');
INSERT INTO `emploees_profile` (`id`, `gender`, `birthday`, `city_id`, `created_at`, `updated_at`) VALUES ('90', 'f', '2013-01-24', '90', '1985-01-05 03:55:46', '1976-12-17 19:54:15');
INSERT INTO `emploees_profile` (`id`, `gender`, `birthday`, `city_id`, `created_at`, `updated_at`) VALUES ('91', 'm', '2015-01-13', '91', '1998-07-21 06:59:02', '1998-08-18 00:54:27');
INSERT INTO `emploees_profile` (`id`, `gender`, `birthday`, `city_id`, `created_at`, `updated_at`) VALUES ('92', 'f', '1971-12-19', '92', '1972-11-03 05:24:59', '1973-06-12 12:49:13');
INSERT INTO `emploees_profile` (`id`, `gender`, `birthday`, `city_id`, `created_at`, `updated_at`) VALUES ('93', 'f', '2003-05-23', '93', '1993-06-22 02:55:39', '1971-06-05 08:25:29');
INSERT INTO `emploees_profile` (`id`, `gender`, `birthday`, `city_id`, `created_at`, `updated_at`) VALUES ('94', 'm', '1970-05-22', '94', '1985-07-29 13:36:32', '2003-03-11 22:44:22');
INSERT INTO `emploees_profile` (`id`, `gender`, `birthday`, `city_id`, `created_at`, `updated_at`) VALUES ('95', 'm', '1983-06-12', '95', '2002-09-22 18:22:31', '2014-02-15 16:06:48');
INSERT INTO `emploees_profile` (`id`, `gender`, `birthday`, `city_id`, `created_at`, `updated_at`) VALUES ('96', 'f', '2019-08-07', '96', '1997-10-28 04:57:16', '2000-12-07 10:46:40');
INSERT INTO `emploees_profile` (`id`, `gender`, `birthday`, `city_id`, `created_at`, `updated_at`) VALUES ('97', 'f', '1989-12-25', '97', '2004-07-29 20:36:05', '1981-12-09 18:02:17');
INSERT INTO `emploees_profile` (`id`, `gender`, `birthday`, `city_id`, `created_at`, `updated_at`) VALUES ('98', 'm', '1970-04-04', '98', '2010-03-03 20:16:16', '2016-03-31 02:41:56');
INSERT INTO `emploees_profile` (`id`, `gender`, `birthday`, `city_id`, `created_at`, `updated_at`) VALUES ('99', 'f', '1970-02-13', '99', '1984-10-01 12:31:21', '2000-01-20 17:35:18');
INSERT INTO `emploees_profile` (`id`, `gender`, `birthday`, `city_id`, `created_at`, `updated_at`) VALUES ('100', 'm', '2017-10-18', '100', '1999-11-07 18:40:09', '1999-02-16 17:05:09');


INSERT INTO `experiences` (`id`, `emploee_id`, `org_name`, `title`, `description`, `from_at`, `to_at`, `created_at`, `updated_at`) VALUES ('1', '1', 'Hickle LLC', 'Id doloribus vel praesentium consequatur.', 'Sit exercitationem cupiditate veniam et suscipit vel ullam. Exercitationem velit a voluptates eos aperiam. Est sit vel repudiandae porro. Facilis quaerat aut maxime tempore aut.', '2002-04-07', '1970-04-11', '1975-03-05 00:01:49', '2001-03-18 16:11:09');
INSERT INTO `experiences` (`id`, `emploee_id`, `org_name`, `title`, `description`, `from_at`, `to_at`, `created_at`, `updated_at`) VALUES ('2', '2', 'Spencer, Aufderhar and Murray', 'Voluptate vero sit veritatis ut corrupti.', 'Est quo dolorum corporis est. Eum voluptas ut eveniet sint et perspiciatis aliquam. Distinctio repudiandae qui quia aut. Repudiandae quia voluptate natus est.', '2015-09-19', '1983-04-06', '1993-07-13 07:59:16', '1982-06-02 12:08:49');
INSERT INTO `experiences` (`id`, `emploee_id`, `org_name`, `title`, `description`, `from_at`, `to_at`, `created_at`, `updated_at`) VALUES ('3', '3', 'Stokes Inc', 'Rem est non corporis.', 'Ut qui autem labore sit. Laboriosam sint totam vero tempore qui dolores facere deleniti. Voluptates non rerum quia optio sit id quibusdam fuga. Perspiciatis illum amet quas.', '2013-05-18', '1980-08-01', '2001-09-11 01:53:40', '1997-06-07 22:56:56');
INSERT INTO `experiences` (`id`, `emploee_id`, `org_name`, `title`, `description`, `from_at`, `to_at`, `created_at`, `updated_at`) VALUES ('4', '4', 'Ondricka, Lowe and Muller', 'Modi mollitia sed non cumque maxime quaerat.', 'Delectus quisquam recusandae nihil eum. Inventore placeat similique quae architecto dolor. Ut suscipit perspiciatis cumque vero reprehenderit voluptate.', '1976-01-30', '2019-11-27', '1981-10-16 18:09:24', '1989-07-07 22:45:52');
INSERT INTO `experiences` (`id`, `emploee_id`, `org_name`, `title`, `description`, `from_at`, `to_at`, `created_at`, `updated_at`) VALUES ('5', '5', 'Kautzer, O\'Keefe and Kertzmann', 'Temporibus ipsam aperiam aut fuga voluptatem.', 'Officia voluptates quia et earum exercitationem in voluptates delectus. Fugiat est est beatae. Aut qui voluptatem delectus aut voluptas. Quo ad et in saepe. Facere aut autem aut et voluptatem.', '2002-07-13', '1982-01-22', '2018-09-05 09:31:51', '2005-02-01 21:22:12');
INSERT INTO `experiences` (`id`, `emploee_id`, `org_name`, `title`, `description`, `from_at`, `to_at`, `created_at`, `updated_at`) VALUES ('6', '6', 'Halvorson-Davis', 'Officia expedita et praesentium velit voluptas.', 'Enim quae rem dolorem in. Tempore veritatis ut quia et repellat sit. Provident voluptas delectus occaecati quam quo. Magni tempore quis ut et. Consequatur illum hic magni et rerum voluptas.', '1973-07-10', '2005-03-21', '1980-08-15 21:26:55', '2014-08-12 17:22:13');
INSERT INTO `experiences` (`id`, `emploee_id`, `org_name`, `title`, `description`, `from_at`, `to_at`, `created_at`, `updated_at`) VALUES ('7', '7', 'Kling-Wehner', 'Odio minima molestiae molestias aut est earum.', 'Illum ipsa voluptatibus ex occaecati. Sint debitis nostrum ut consequatur et. Dolores quae rerum recusandae ut et ut magnam.', '1972-03-12', '1982-09-01', '1986-09-30 18:47:56', '1997-10-12 18:04:57');
INSERT INTO `experiences` (`id`, `emploee_id`, `org_name`, `title`, `description`, `from_at`, `to_at`, `created_at`, `updated_at`) VALUES ('8', '8', 'Moen Inc', 'Rerum minus ea corporis.', 'Cumque et illo sunt aliquid error quis. Quia consequatur illo ad et possimus reiciendis eaque incidunt. Est ad accusamus vitae est aut vel. Nihil iusto numquam aut consectetur tenetur sed reiciendis.', '1972-08-28', '2012-09-14', '2017-06-20 05:08:38', '1978-01-05 05:21:04');
INSERT INTO `experiences` (`id`, `emploee_id`, `org_name`, `title`, `description`, `from_at`, `to_at`, `created_at`, `updated_at`) VALUES ('9', '9', 'Fahey PLC', 'Sapiente pariatur totam nesciunt rerum.', 'Dolorem aliquid aut quaerat rerum iste eum atque. Possimus ipsam a enim animi autem illo at. Est ipsum dicta quia enim.', '2019-12-10', '1995-12-23', '1970-10-07 07:24:57', '2004-09-28 01:45:12');
INSERT INTO `experiences` (`id`, `emploee_id`, `org_name`, `title`, `description`, `from_at`, `to_at`, `created_at`, `updated_at`) VALUES ('10', '10', 'Simonis-Kunde', 'Est iusto aperiam consequatur dolorem et vel adipisci.', 'Consequatur praesentium quis ipsum facere voluptas occaecati nulla. Qui molestiae assumenda ipsam eveniet. Illum rerum saepe molestias totam molestiae culpa ex. Repellendus laborum et quo veniam.', '1973-03-20', '2015-12-14', '2020-05-12 11:19:33', '1985-03-24 01:43:46');
INSERT INTO `experiences` (`id`, `emploee_id`, `org_name`, `title`, `description`, `from_at`, `to_at`, `created_at`, `updated_at`) VALUES ('11', '11', 'Botsford-Morar', 'Eaque quia sapiente quia quasi ipsa numquam.', 'Culpa ratione aut libero adipisci reiciendis et. Ipsam omnis sint quaerat quae nemo architecto. Aliquid illo nesciunt nemo.', '1988-08-22', '1989-06-12', '1982-05-31 02:15:10', '2019-01-13 13:37:27');
INSERT INTO `experiences` (`id`, `emploee_id`, `org_name`, `title`, `description`, `from_at`, `to_at`, `created_at`, `updated_at`) VALUES ('12', '12', 'Orn-Osinski', 'Quo esse voluptas autem incidunt ut dolor molestiae.', 'Deleniti omnis est nulla. Amet facere nihil voluptate ut maxime reiciendis. Et dolore ipsam quo blanditiis beatae quas. Omnis quis et autem consectetur officia.', '1996-04-26', '1996-12-13', '1987-11-08 11:47:55', '1972-08-03 01:55:36');
INSERT INTO `experiences` (`id`, `emploee_id`, `org_name`, `title`, `description`, `from_at`, `to_at`, `created_at`, `updated_at`) VALUES ('13', '13', 'Hackett, Braun and Spencer', 'Consequatur placeat ipsa quibusdam est nesciunt.', 'Tempore culpa est dolores molestiae est delectus. Eveniet alias qui impedit earum.', '1993-11-26', '1991-10-11', '2014-10-23 21:15:18', '2008-11-01 07:03:38');
INSERT INTO `experiences` (`id`, `emploee_id`, `org_name`, `title`, `description`, `from_at`, `to_at`, `created_at`, `updated_at`) VALUES ('14', '14', 'Prosacco LLC', 'Ipsum praesentium inventore iste dolorem omnis voluptatem pariatur voluptatem.', 'Est sed autem voluptatem esse in. Cumque ut vitae suscipit voluptates vero. Quia aut accusantium alias.', '1995-10-13', '1977-12-11', '1996-12-16 14:16:12', '1990-05-03 02:59:01');
INSERT INTO `experiences` (`id`, `emploee_id`, `org_name`, `title`, `description`, `from_at`, `to_at`, `created_at`, `updated_at`) VALUES ('15', '15', 'Morar LLC', 'Ipsum consequatur natus est itaque delectus quisquam natus nam.', 'Cum atque et eligendi saepe fugiat fugit autem. Et dolorem saepe et iste iste qui.', '1971-08-07', '1987-12-17', '2012-03-09 07:44:41', '2004-06-28 16:22:40');
INSERT INTO `experiences` (`id`, `emploee_id`, `org_name`, `title`, `description`, `from_at`, `to_at`, `created_at`, `updated_at`) VALUES ('16', '16', 'Kutch-Frami', 'Quia facere repellat dolores laudantium officiis.', 'Maxime consequuntur fuga eius assumenda. Aut nulla sunt pariatur cum autem quaerat sequi. Expedita voluptatum ut quo architecto sed.', '2002-03-16', '1982-09-09', '2019-03-12 11:06:26', '1990-01-12 00:40:35');
INSERT INTO `experiences` (`id`, `emploee_id`, `org_name`, `title`, `description`, `from_at`, `to_at`, `created_at`, `updated_at`) VALUES ('17', '17', 'Ernser, Kilback and Hagenes', 'Et inventore ut minima dicta.', 'Ducimus fugit soluta corporis a consequatur facilis. Recusandae et nam est. Id aut et repellendus voluptatem non.', '2020-02-01', '1980-04-09', '2006-06-18 04:30:07', '1985-11-26 11:42:38');
INSERT INTO `experiences` (`id`, `emploee_id`, `org_name`, `title`, `description`, `from_at`, `to_at`, `created_at`, `updated_at`) VALUES ('18', '18', 'Nitzsche Group', 'Pariatur itaque eum autem dignissimos dolores quis sint doloremque.', 'Animi dolorum possimus et vero. Dignissimos quam corporis odit ut. Ea qui autem cumque quis voluptas.', '1982-08-26', '1996-03-04', '2011-01-08 07:40:11', '1982-10-03 18:30:30');
INSERT INTO `experiences` (`id`, `emploee_id`, `org_name`, `title`, `description`, `from_at`, `to_at`, `created_at`, `updated_at`) VALUES ('19', '19', 'Hansen-Strosin', 'Cumque ut necessitatibus facilis incidunt omnis dolores architecto.', 'Aut fuga ut aut voluptates asperiores dolorum. In illum adipisci debitis animi aliquid. Ut necessitatibus velit quisquam error asperiores voluptas dignissimos. Eos eligendi modi ut modi.', '2012-06-23', '1973-07-13', '2011-10-12 19:47:42', '1991-04-10 21:25:25');
INSERT INTO `experiences` (`id`, `emploee_id`, `org_name`, `title`, `description`, `from_at`, `to_at`, `created_at`, `updated_at`) VALUES ('20', '20', 'Reichel Group', 'Vel voluptas atque inventore iste ut velit.', 'Repellat autem dolor eum rerum. Delectus neque natus perferendis asperiores sunt est quibusdam. Maxime quo iste sunt vel beatae.', '1992-02-01', '2005-01-29', '2012-06-09 03:06:35', '2001-01-07 03:02:14');
INSERT INTO `experiences` (`id`, `emploee_id`, `org_name`, `title`, `description`, `from_at`, `to_at`, `created_at`, `updated_at`) VALUES ('21', '21', 'Kessler PLC', 'Optio et consequuntur et ab rerum.', 'Consequuntur non voluptatem sit ut soluta vitae. Ratione occaecati blanditiis perspiciatis nemo aut voluptatem ipsam. Omnis non neque enim amet iste quisquam laudantium.', '1970-04-26', '1976-07-16', '2012-03-31 04:32:33', '1981-07-26 07:46:33');
INSERT INTO `experiences` (`id`, `emploee_id`, `org_name`, `title`, `description`, `from_at`, `to_at`, `created_at`, `updated_at`) VALUES ('22', '22', 'Mertz, Jakubowski and Smitham', 'Aliquid omnis deleniti nesciunt.', 'Non animi itaque harum possimus vel. Odit vel dolor dignissimos qui. Magnam eveniet voluptas doloribus sint et.', '2016-08-30', '2020-08-08', '1981-02-14 08:21:15', '2012-07-25 13:30:59');
INSERT INTO `experiences` (`id`, `emploee_id`, `org_name`, `title`, `description`, `from_at`, `to_at`, `created_at`, `updated_at`) VALUES ('23', '23', 'Botsford and Sons', 'Quibusdam nisi iste aut est.', 'Ratione vero placeat cupiditate tempore. Ut quis quo explicabo at. Omnis voluptatem molestiae iure nisi omnis eum.', '2010-07-01', '2018-11-21', '2018-05-26 22:35:02', '2002-06-16 15:16:44');
INSERT INTO `experiences` (`id`, `emploee_id`, `org_name`, `title`, `description`, `from_at`, `to_at`, `created_at`, `updated_at`) VALUES ('24', '24', 'Boyer, Kulas and Rohan', 'Sit sequi omnis est assumenda tenetur commodi fugit.', 'Dolores impedit voluptatem atque vero necessitatibus. Nobis est impedit impedit corrupti. Sit eos ut sit eos quasi veniam quisquam. Voluptatibus magni ratione aut iusto aspernatur alias eligendi laboriosam.', '1995-10-24', '1974-01-31', '1990-08-03 16:57:00', '2006-07-03 14:26:33');
INSERT INTO `experiences` (`id`, `emploee_id`, `org_name`, `title`, `description`, `from_at`, `to_at`, `created_at`, `updated_at`) VALUES ('25', '25', 'Weber, Schumm and Abshire', 'Est dicta reiciendis ab.', 'Distinctio dolor vero impedit unde et ut beatae. Quia nostrum consectetur debitis vero dolore. Et cupiditate voluptas at architecto aut ut omnis architecto.', '2008-08-17', '1985-05-08', '1977-12-17 09:55:32', '1976-12-14 22:45:57');
INSERT INTO `experiences` (`id`, `emploee_id`, `org_name`, `title`, `description`, `from_at`, `to_at`, `created_at`, `updated_at`) VALUES ('26', '26', 'Rippin, Abshire and McClure', 'Quibusdam quos amet at quas repellendus.', 'Saepe tempore quam sunt aut dolores voluptatem et nesciunt. Et distinctio aut aliquam tempora asperiores animi facere. Doloribus rerum ut eligendi est adipisci.', '1998-03-18', '1998-03-30', '1997-02-08 23:45:08', '1984-07-30 23:55:52');
INSERT INTO `experiences` (`id`, `emploee_id`, `org_name`, `title`, `description`, `from_at`, `to_at`, `created_at`, `updated_at`) VALUES ('27', '27', 'Beatty, Lehner and Olson', 'Fugiat magni soluta ut tempore iure eos.', 'Consequatur eveniet optio delectus omnis. Ea iste in assumenda molestias aperiam sapiente laudantium. Odit voluptatem in quidem nihil voluptatem.', '2005-09-02', '2005-05-30', '2014-01-24 10:54:39', '1970-11-10 16:55:04');
INSERT INTO `experiences` (`id`, `emploee_id`, `org_name`, `title`, `description`, `from_at`, `to_at`, `created_at`, `updated_at`) VALUES ('28', '28', 'Dickens Group', 'Officia eum tempora et possimus.', 'Voluptas praesentium illum id ipsum vel inventore. Eum ut recusandae nostrum incidunt sed. Error accusamus magnam quam nihil quis dolore nobis rerum.', '1995-01-20', '1973-05-29', '1988-08-29 21:40:57', '1971-01-17 08:17:45');
INSERT INTO `experiences` (`id`, `emploee_id`, `org_name`, `title`, `description`, `from_at`, `to_at`, `created_at`, `updated_at`) VALUES ('29', '29', 'Bailey-Kuphal', 'Nulla error minima est est officia qui.', 'Eveniet culpa est earum nesciunt. Neque maxime sit fuga ut et consequatur. Pariatur atque quam ratione et fuga repellendus.', '1989-05-23', '1979-12-22', '2009-07-21 07:07:07', '1985-06-16 07:01:08');
INSERT INTO `experiences` (`id`, `emploee_id`, `org_name`, `title`, `description`, `from_at`, `to_at`, `created_at`, `updated_at`) VALUES ('30', '30', 'Sipes Group', 'Libero aliquam doloribus inventore eum maxime.', 'Libero totam aliquid corrupti sed aut molestiae neque. Eum eius veniam facilis sit temporibus. Autem dolorem praesentium pariatur ducimus. Quia eaque quod cupiditate. Rerum et dolore non quia et.', '1980-07-12', '1980-01-25', '1986-02-17 17:16:37', '1977-08-23 06:09:51');
INSERT INTO `experiences` (`id`, `emploee_id`, `org_name`, `title`, `description`, `from_at`, `to_at`, `created_at`, `updated_at`) VALUES ('31', '31', 'Kiehn Group', 'Eum eum a minima iste architecto praesentium nesciunt.', 'Inventore itaque soluta omnis sapiente numquam aspernatur et sed. Dicta architecto recusandae inventore. Repellendus voluptatem cumque aliquid. Sunt et earum voluptatem at laborum dolores repudiandae.', '1981-03-28', '2002-08-21', '1989-08-07 15:18:25', '1995-12-29 11:58:43');
INSERT INTO `experiences` (`id`, `emploee_id`, `org_name`, `title`, `description`, `from_at`, `to_at`, `created_at`, `updated_at`) VALUES ('32', '32', 'Cole LLC', 'Illo ullam aut officiis.', 'Sequi consequuntur dolores autem explicabo magni illum ducimus. Consequatur assumenda consequatur deserunt consequatur minima. Atque illum pariatur porro laborum ducimus optio sequi. Sed in corrupti dolorum.', '1979-09-09', '1984-01-26', '1981-06-17 15:50:33', '2017-02-02 12:01:38');
INSERT INTO `experiences` (`id`, `emploee_id`, `org_name`, `title`, `description`, `from_at`, `to_at`, `created_at`, `updated_at`) VALUES ('33', '33', 'Hickle and Sons', 'Natus quia rerum distinctio sit quia sunt.', 'Atque dignissimos nesciunt nesciunt consequatur ullam. Corrupti porro vitae quo magnam voluptates iusto ipsam. Accusamus qui occaecati nihil animi non perferendis.', '1970-09-01', '2014-01-28', '1970-09-03 19:07:57', '1978-05-27 08:59:09');
INSERT INTO `experiences` (`id`, `emploee_id`, `org_name`, `title`, `description`, `from_at`, `to_at`, `created_at`, `updated_at`) VALUES ('34', '34', 'Lubowitz, Hickle and Pouros', 'Qui natus qui aut vel consequuntur odit esse.', 'Ut reprehenderit nobis nemo pariatur porro iure. Omnis fuga pariatur harum voluptatem commodi aspernatur. Enim recusandae porro temporibus sit sint omnis.', '2001-03-31', '1975-10-16', '2008-01-13 22:49:16', '1988-12-09 02:22:36');
INSERT INTO `experiences` (`id`, `emploee_id`, `org_name`, `title`, `description`, `from_at`, `to_at`, `created_at`, `updated_at`) VALUES ('35', '35', 'Schultz Group', 'Nulla ut voluptatem deserunt provident accusamus.', 'Magnam corporis quae et odit tempore voluptatem rerum. Molestiae nihil eum error aut et. Id voluptatibus qui et vel. Architecto officiis et consequuntur quidem aspernatur.', '1980-03-30', '2005-05-28', '1987-02-13 13:39:30', '2018-03-30 00:36:18');
INSERT INTO `experiences` (`id`, `emploee_id`, `org_name`, `title`, `description`, `from_at`, `to_at`, `created_at`, `updated_at`) VALUES ('36', '36', 'Prohaska, Harvey and Considine', 'Quo reiciendis dolores et.', 'Aliquam nemo neque commodi similique. Rerum dolorem voluptatem tempore quae culpa et numquam. Doloremque omnis inventore et quia. Perferendis omnis assumenda ut quo rerum atque. Beatae fuga dolores modi ut numquam aut.', '1976-01-22', '1976-04-05', '2001-07-11 19:52:06', '2013-11-01 15:37:04');
INSERT INTO `experiences` (`id`, `emploee_id`, `org_name`, `title`, `description`, `from_at`, `to_at`, `created_at`, `updated_at`) VALUES ('37', '37', 'Davis LLC', 'Ad magnam dignissimos ut sunt.', 'Enim ducimus voluptatem deserunt consectetur rerum deserunt. Corporis veniam eveniet quam perspiciatis et temporibus qui.', '1980-01-15', '2000-10-31', '1996-02-10 08:26:23', '1979-07-10 00:53:33');
INSERT INTO `experiences` (`id`, `emploee_id`, `org_name`, `title`, `description`, `from_at`, `to_at`, `created_at`, `updated_at`) VALUES ('38', '38', 'Klocko, Baumbach and Parisian', 'Nihil eligendi nam ab nam nihil minus vel.', 'Est qui dolores harum et dolores. Voluptatem consequatur nihil magni repellat voluptate quidem. Nostrum laborum veritatis deserunt deserunt itaque tempora esse quam. Qui dolores facere labore et earum qui.', '1988-09-21', '2013-08-08', '2014-12-24 09:30:59', '2001-07-25 17:15:07');
INSERT INTO `experiences` (`id`, `emploee_id`, `org_name`, `title`, `description`, `from_at`, `to_at`, `created_at`, `updated_at`) VALUES ('39', '39', 'Willms, Nitzsche and Nitzsche', 'Qui tenetur nam doloribus fugiat enim itaque impedit.', 'Blanditiis et voluptatem qui et officiis ipsam. Non impedit dolores sunt nam non tempora aut suscipit. Et ut quis deleniti dolorem animi explicabo. Quod sunt eaque rerum quo porro qui accusantium explicabo.', '1973-07-03', '1989-07-12', '1999-06-22 05:18:10', '2014-10-11 18:31:16');
INSERT INTO `experiences` (`id`, `emploee_id`, `org_name`, `title`, `description`, `from_at`, `to_at`, `created_at`, `updated_at`) VALUES ('40', '40', 'Stokes LLC', 'Ipsa et aut magnam quae tempora.', 'Ex recusandae expedita ut hic ipsam dolor doloremque. Ipsam mollitia consequatur et nisi dolor vero voluptates. Nesciunt voluptates dolores et assumenda quia molestias. Alias eius vero vel sint.', '1999-09-03', '1999-01-30', '2014-03-19 22:54:19', '1990-12-01 05:38:20');
INSERT INTO `experiences` (`id`, `emploee_id`, `org_name`, `title`, `description`, `from_at`, `to_at`, `created_at`, `updated_at`) VALUES ('41', '41', 'Cronin Inc', 'Quia dignissimos illo provident iste consequatur voluptatem nihil cupiditate.', 'Labore iure animi cum ab rem inventore esse. Autem nulla laborum veniam aut totam.', '2010-02-13', '2017-12-31', '1976-06-11 11:04:21', '2001-01-02 15:42:59');
INSERT INTO `experiences` (`id`, `emploee_id`, `org_name`, `title`, `description`, `from_at`, `to_at`, `created_at`, `updated_at`) VALUES ('42', '42', 'Metz LLC', 'Temporibus non et sint est non et ut.', 'Et repellendus omnis sunt et vitae architecto et. Veritatis exercitationem dolor sit distinctio iste. Nobis sit autem et nam qui sunt. Quidem rerum sed nostrum aperiam beatae maxime voluptatibus.', '2001-08-27', '2009-02-13', '2018-03-15 05:30:23', '2016-02-11 11:49:40');
INSERT INTO `experiences` (`id`, `emploee_id`, `org_name`, `title`, `description`, `from_at`, `to_at`, `created_at`, `updated_at`) VALUES ('43', '43', 'Hegmann Ltd', 'At tenetur qui eveniet quo libero optio.', 'Vero velit saepe saepe dolorem repellendus. Quia dolores tempora voluptatem provident rem eligendi quia laudantium. Consequatur saepe et quisquam est. Aut ut saepe ut. Non non nobis veritatis in atque.', '2009-03-28', '2014-03-02', '2019-08-25 03:19:16', '2008-10-24 22:04:06');
INSERT INTO `experiences` (`id`, `emploee_id`, `org_name`, `title`, `description`, `from_at`, `to_at`, `created_at`, `updated_at`) VALUES ('44', '44', 'Bailey, O\'Keefe and Mitchell', 'Voluptate sunt et aut.', 'Et eaque culpa ut sit sed. Velit dolorem enim earum sed qui ducimus consequatur aut. Architecto hic voluptate dolor aut labore dolore aperiam. Autem voluptas sunt quidem officia.', '1975-06-06', '2003-04-01', '1987-08-29 16:12:58', '2004-03-16 23:21:23');
INSERT INTO `experiences` (`id`, `emploee_id`, `org_name`, `title`, `description`, `from_at`, `to_at`, `created_at`, `updated_at`) VALUES ('45', '45', 'Dicki-Stroman', 'Aut soluta laborum ut omnis inventore velit.', 'Facilis voluptas quo itaque repellendus. Blanditiis nulla nemo mollitia illum ea possimus. Omnis ut dolorem accusantium qui.', '1995-09-24', '2002-02-09', '1981-03-23 09:28:46', '2018-05-13 06:25:21');
INSERT INTO `experiences` (`id`, `emploee_id`, `org_name`, `title`, `description`, `from_at`, `to_at`, `created_at`, `updated_at`) VALUES ('46', '46', 'Kulas Group', 'Id nihil omnis possimus est pariatur et optio ut.', 'Tempora dolor velit sit repellat. Adipisci explicabo molestias qui. In quasi error aut autem sed omnis quibusdam blanditiis. Itaque exercitationem vero consequatur impedit dolorem sit voluptates quasi.', '1982-01-27', '2015-11-27', '1991-10-25 18:31:41', '1986-11-06 00:16:45');
INSERT INTO `experiences` (`id`, `emploee_id`, `org_name`, `title`, `description`, `from_at`, `to_at`, `created_at`, `updated_at`) VALUES ('47', '47', 'Graham, Romaguera and Zulauf', 'Tenetur et earum maxime occaecati.', 'Molestias eum alias dolorem iusto dolorum. Voluptatem molestias quod temporibus hic occaecati voluptatem. Veritatis nisi quis eius sit. Ut nostrum labore nemo saepe sunt molestias. Cupiditate ut voluptates et impedit accusamus et et.', '1996-05-17', '1995-10-25', '2003-03-06 21:28:04', '1988-01-21 12:45:59');
INSERT INTO `experiences` (`id`, `emploee_id`, `org_name`, `title`, `description`, `from_at`, `to_at`, `created_at`, `updated_at`) VALUES ('48', '48', 'Bruen-Hane', 'Repellat pariatur illo sit cupiditate architecto temporibus earum voluptas.', 'Sit cum odit reiciendis et qui. Esse qui est consectetur.', '2006-06-07', '1995-06-23', '1982-06-12 12:12:44', '2010-04-24 08:21:03');
INSERT INTO `experiences` (`id`, `emploee_id`, `org_name`, `title`, `description`, `from_at`, `to_at`, `created_at`, `updated_at`) VALUES ('49', '49', 'Herman-Cronin', 'Nemo molestias dolores autem necessitatibus voluptas minima ullam optio.', 'Autem veritatis eum pariatur ut in. Suscipit enim ut et qui tempora. Veniam et omnis omnis est minima quia. Vel temporibus sed ab quia aut doloribus nisi possimus.', '1977-03-16', '2003-11-28', '1986-11-27 10:01:51', '2003-12-08 03:33:16');
INSERT INTO `experiences` (`id`, `emploee_id`, `org_name`, `title`, `description`, `from_at`, `to_at`, `created_at`, `updated_at`) VALUES ('50', '50', 'Monahan-Streich', 'Voluptatibus eos doloribus ut at sit vel sit tempore.', 'Est provident iure ab eum inventore placeat. Accusamus modi sed nihil sapiente assumenda molestiae ea quia. Architecto dolor ut esse recusandae qui quos. Velit odit consectetur molestias omnis quo sunt.', '2015-02-07', '1998-08-10', '1998-06-12 13:48:18', '2020-06-14 13:40:53');
INSERT INTO `experiences` (`id`, `emploee_id`, `org_name`, `title`, `description`, `from_at`, `to_at`, `created_at`, `updated_at`) VALUES ('51', '51', 'Cormier-Brown', 'Cupiditate ut velit aut qui ducimus velit.', 'Sed facere mollitia porro blanditiis sapiente rerum. Corrupti quas totam deserunt hic ea. Aut rem ut et tempora quo vel delectus.', '2001-01-02', '1977-04-02', '2000-11-15 23:16:14', '1973-09-06 17:26:20');
INSERT INTO `experiences` (`id`, `emploee_id`, `org_name`, `title`, `description`, `from_at`, `to_at`, `created_at`, `updated_at`) VALUES ('52', '52', 'Kling, Pfannerstill and Brekke', 'Nemo adipisci consequatur quam autem qui molestiae.', 'Quam quo sed sint quae saepe. Quibusdam iusto autem voluptatibus earum omnis nisi sit. Vero odio minima aliquam doloribus rerum ipsa. Rerum ut ratione tenetur cum.', '1975-08-05', '1971-06-20', '2020-07-05 22:53:55', '1980-01-25 13:39:36');
INSERT INTO `experiences` (`id`, `emploee_id`, `org_name`, `title`, `description`, `from_at`, `to_at`, `created_at`, `updated_at`) VALUES ('53', '53', 'Kertzmann-Senger', 'Ex non aut ducimus vel qui delectus nisi.', 'Voluptatibus quis maxime deserunt nobis. Quos culpa fugiat nam suscipit unde qui qui. Dolores omnis quasi assumenda ut natus et quia. Omnis error ut nemo ut id. Atque ullam id maiores eius harum delectus perspiciatis fugiat.', '2013-04-26', '1980-11-20', '1970-09-07 10:43:14', '2018-07-14 07:53:35');
INSERT INTO `experiences` (`id`, `emploee_id`, `org_name`, `title`, `description`, `from_at`, `to_at`, `created_at`, `updated_at`) VALUES ('54', '54', 'Ledner-Barton', 'Pariatur enim ipsam accusamus nulla recusandae inventore quidem.', 'Qui quisquam vero omnis omnis repellendus. Aut modi non itaque dolorum necessitatibus. Omnis quas animi at aut quis sequi laboriosam sunt.', '1980-07-18', '2007-06-09', '2002-06-08 18:38:04', '1994-06-03 07:19:01');
INSERT INTO `experiences` (`id`, `emploee_id`, `org_name`, `title`, `description`, `from_at`, `to_at`, `created_at`, `updated_at`) VALUES ('55', '55', 'Abernathy Inc', 'Velit tempora aut aut laboriosam quia ut pariatur.', 'Aut dolor officia est nihil sed laudantium eveniet. Sit maxime quos aut qui vitae. Ut et ut ut dolores. Officia aliquam esse eum et eos.', '1986-04-28', '1982-11-03', '2009-11-16 08:41:57', '2020-06-07 16:04:10');
INSERT INTO `experiences` (`id`, `emploee_id`, `org_name`, `title`, `description`, `from_at`, `to_at`, `created_at`, `updated_at`) VALUES ('56', '56', 'Haag, Zulauf and Ferry', 'Exercitationem maxime velit officia et eligendi quos similique.', 'Blanditiis cupiditate nemo fuga rem. Nemo facere doloribus dicta tempore explicabo voluptatem. Quam et porro voluptas atque placeat accusantium repellat.', '1970-06-27', '1970-01-20', '2004-08-19 19:55:39', '1997-07-07 20:26:15');
INSERT INTO `experiences` (`id`, `emploee_id`, `org_name`, `title`, `description`, `from_at`, `to_at`, `created_at`, `updated_at`) VALUES ('57', '57', 'Emard-Armstrong', 'Occaecati odit voluptate numquam magnam sint assumenda.', 'Labore beatae architecto et doloremque sunt. Voluptatem dolore inventore assumenda.', '1983-04-06', '2016-01-02', '1972-02-02 20:56:36', '1995-01-11 01:03:13');
INSERT INTO `experiences` (`id`, `emploee_id`, `org_name`, `title`, `description`, `from_at`, `to_at`, `created_at`, `updated_at`) VALUES ('58', '58', 'Kuvalis-Botsford', 'Et possimus explicabo quia minus vitae.', 'Quidem consequatur tenetur tempora cupiditate in sapiente animi. Quae tempore iusto qui culpa magni fugiat.', '1979-01-02', '1974-04-11', '1997-02-23 00:18:05', '1994-05-06 09:25:56');
INSERT INTO `experiences` (`id`, `emploee_id`, `org_name`, `title`, `description`, `from_at`, `to_at`, `created_at`, `updated_at`) VALUES ('59', '59', 'Graham, Gottlieb and Swaniawski', 'Quis impedit id et.', 'Omnis suscipit et ea officiis voluptatem sed aperiam. Alias sed iste consequuntur nam. Officiis sed alias nostrum temporibus qui molestias et sint.', '1980-04-19', '2016-07-15', '1970-07-24 05:14:11', '2008-05-18 22:14:51');
INSERT INTO `experiences` (`id`, `emploee_id`, `org_name`, `title`, `description`, `from_at`, `to_at`, `created_at`, `updated_at`) VALUES ('60', '60', 'Dibbert LLC', 'Iusto neque consectetur accusantium quod.', 'Aut esse beatae itaque nisi voluptas quia quam. Hic et ullam pariatur aut et. Ratione ea officiis a sed.', '2007-06-14', '1989-01-15', '1977-03-04 21:14:36', '2012-02-11 10:35:33');
INSERT INTO `experiences` (`id`, `emploee_id`, `org_name`, `title`, `description`, `from_at`, `to_at`, `created_at`, `updated_at`) VALUES ('61', '61', 'Monahan PLC', 'Odit quas eveniet unde illo ullam incidunt.', 'Sunt omnis totam dolor. Ea accusamus odit omnis aut quidem. Incidunt eligendi voluptate ipsum autem. Est omnis et beatae eum dolorem.', '2003-07-15', '1982-07-22', '1976-07-27 10:31:42', '2015-07-30 00:28:20');
INSERT INTO `experiences` (`id`, `emploee_id`, `org_name`, `title`, `description`, `from_at`, `to_at`, `created_at`, `updated_at`) VALUES ('62', '62', 'Haag Group', 'Eos tenetur veniam labore dolor sed pariatur.', 'Aperiam et tempore qui error mollitia rerum. Velit quisquam est aliquam sapiente. Consectetur harum totam nostrum rerum nihil numquam dolorem. Fugit voluptatem doloremque soluta enim.', '1986-04-20', '1970-11-05', '1987-01-31 01:11:40', '1983-02-17 08:37:03');
INSERT INTO `experiences` (`id`, `emploee_id`, `org_name`, `title`, `description`, `from_at`, `to_at`, `created_at`, `updated_at`) VALUES ('63', '63', 'Walker-Luettgen', 'Modi magni voluptas ipsum quia.', 'Cumque dolorum iusto aspernatur exercitationem harum molestias iste. Ut ut nesciunt vero recusandae eos molestiae. Ex aut adipisci culpa in molestiae ipsum atque molestiae.', '2019-03-12', '2019-08-31', '1985-10-13 16:37:36', '1989-07-13 13:37:37');
INSERT INTO `experiences` (`id`, `emploee_id`, `org_name`, `title`, `description`, `from_at`, `to_at`, `created_at`, `updated_at`) VALUES ('64', '64', 'Osinski, Effertz and Rutherford', 'Occaecati animi velit doloribus et voluptas esse.', 'Aut voluptate nobis qui quia. Ea iure velit et omnis sint ut dolor. Amet et maxime laboriosam cum. Velit occaecati quia hic molestiae et qui quo.', '1980-05-01', '1986-01-22', '1972-03-26 17:46:41', '2009-11-29 12:57:52');
INSERT INTO `experiences` (`id`, `emploee_id`, `org_name`, `title`, `description`, `from_at`, `to_at`, `created_at`, `updated_at`) VALUES ('65', '65', 'Kuhn, Streich and Schimmel', 'Est sint iste tempora velit nostrum autem.', 'Consequatur beatae voluptas a aut totam labore est. Eos quas necessitatibus non. Est consequatur modi atque dolor voluptatibus.', '2006-01-16', '2002-04-24', '2008-03-05 08:54:12', '2003-09-27 06:22:48');
INSERT INTO `experiences` (`id`, `emploee_id`, `org_name`, `title`, `description`, `from_at`, `to_at`, `created_at`, `updated_at`) VALUES ('66', '66', 'Upton, O\'Hara and Stracke', 'Sunt dolorem eligendi molestiae voluptatem vitae.', 'Magnam et itaque qui in fugit. Rerum rem recusandae qui ut sunt blanditiis a veniam. Voluptatum nesciunt recusandae quis facilis.', '1992-06-21', '2015-07-09', '1978-11-03 06:37:13', '1986-09-22 10:37:32');
INSERT INTO `experiences` (`id`, `emploee_id`, `org_name`, `title`, `description`, `from_at`, `to_at`, `created_at`, `updated_at`) VALUES ('67', '67', 'Beatty, Kuvalis and Turcotte', 'Dolor nihil qui maiores eligendi dolor.', 'Vel qui ullam magnam natus soluta. Et ipsum dicta sunt et. Laudantium error iste possimus quaerat rerum et quis ipsa. Reiciendis voluptas cumque explicabo modi dolore qui quos.', '2000-05-01', '1990-06-04', '1985-10-01 20:54:34', '2020-08-16 00:44:01');
INSERT INTO `experiences` (`id`, `emploee_id`, `org_name`, `title`, `description`, `from_at`, `to_at`, `created_at`, `updated_at`) VALUES ('68', '68', 'Casper-Collier', 'Ab debitis porro aut.', 'Aperiam sunt magnam mollitia ut facilis nesciunt magni. Autem quae libero debitis nobis. Quis neque et consequatur. Vero doloremque distinctio dolores reiciendis voluptatem.', '2000-06-02', '1986-05-07', '2015-11-26 22:56:25', '2006-03-21 18:04:07');
INSERT INTO `experiences` (`id`, `emploee_id`, `org_name`, `title`, `description`, `from_at`, `to_at`, `created_at`, `updated_at`) VALUES ('69', '69', 'Kshlerin, Konopelski and Orn', 'Voluptatem natus et magnam similique eaque voluptatem aut.', 'Sunt minima quasi ut aliquam in est id. Rem non commodi sint id expedita quis. Ipsa nemo nemo aut non sed a voluptatem ut.', '1976-05-05', '1988-05-13', '1973-03-17 02:17:57', '2004-05-31 21:39:56');
INSERT INTO `experiences` (`id`, `emploee_id`, `org_name`, `title`, `description`, `from_at`, `to_at`, `created_at`, `updated_at`) VALUES ('70', '70', 'Carter Group', 'Harum quos aut error.', 'Corrupti quis quisquam eos eveniet quasi temporibus. Ut et voluptatem ut nobis et nostrum. Voluptas eum at ipsum sint omnis. Id eligendi quisquam voluptatum nam adipisci consequatur perspiciatis aut.', '1970-01-20', '1985-08-05', '2003-08-09 08:39:28', '2019-01-17 00:22:20');
INSERT INTO `experiences` (`id`, `emploee_id`, `org_name`, `title`, `description`, `from_at`, `to_at`, `created_at`, `updated_at`) VALUES ('71', '71', 'Abshire Group', 'Pariatur et tempore dolorem veniam modi amet.', 'Doloribus eum animi ea impedit. Voluptas laboriosam illo aspernatur laborum quia iste. Dolores quam sunt libero sit deleniti sit enim.', '2004-01-11', '2005-02-05', '1986-12-08 03:09:57', '1989-11-26 07:05:43');
INSERT INTO `experiences` (`id`, `emploee_id`, `org_name`, `title`, `description`, `from_at`, `to_at`, `created_at`, `updated_at`) VALUES ('72', '72', 'Gusikowski-Nienow', 'Quisquam aut vitae ipsum officiis.', 'Quia rerum suscipit quo dolores illo qui autem laborum. Pariatur temporibus aut et vel consequuntur. Earum qui quis molestias enim quasi veritatis a. Aut aspernatur sit iure mollitia.', '2008-09-25', '2016-02-19', '1981-10-18 07:10:59', '1989-01-20 12:30:03');
INSERT INTO `experiences` (`id`, `emploee_id`, `org_name`, `title`, `description`, `from_at`, `to_at`, `created_at`, `updated_at`) VALUES ('73', '73', 'Morar, Feest and Bayer', 'Et id qui dignissimos.', 'Nemo omnis perspiciatis atque doloremque. Soluta omnis natus perspiciatis corporis tempora. Ut accusamus iusto et.', '2019-11-29', '2009-04-01', '1979-02-11 17:36:14', '2015-08-21 12:02:55');
INSERT INTO `experiences` (`id`, `emploee_id`, `org_name`, `title`, `description`, `from_at`, `to_at`, `created_at`, `updated_at`) VALUES ('74', '74', 'Reichel Group', 'Amet ut et velit et voluptatibus.', 'Quos expedita laborum nulla ex. Sit voluptas hic esse illo provident. Voluptatibus pariatur quibusdam repellendus temporibus. Fugit consequatur est quisquam ut libero.', '2008-07-20', '1970-03-14', '1976-05-10 05:58:26', '2013-08-20 03:20:05');
INSERT INTO `experiences` (`id`, `emploee_id`, `org_name`, `title`, `description`, `from_at`, `to_at`, `created_at`, `updated_at`) VALUES ('75', '75', 'Quitzon, Cassin and Powlowski', 'Aliquid quos ut maxime recusandae enim.', 'Mollitia culpa sequi labore necessitatibus id quis ut sint. Reiciendis magni sint sit sed inventore aspernatur animi. Sint voluptatem porro voluptas placeat et reiciendis consequatur mollitia. Totam ea sunt error.', '1987-01-25', '1997-12-06', '2001-10-01 04:12:30', '1972-12-14 10:48:23');
INSERT INTO `experiences` (`id`, `emploee_id`, `org_name`, `title`, `description`, `from_at`, `to_at`, `created_at`, `updated_at`) VALUES ('76', '76', 'Blick Inc', 'Praesentium qui eius voluptatem aliquam harum.', 'Voluptatem quasi molestiae molestiae. Adipisci maxime delectus perspiciatis et reprehenderit. Consequatur et culpa eos optio rerum.', '2007-04-13', '1998-06-03', '1978-07-03 20:05:30', '1978-06-30 20:00:07');
INSERT INTO `experiences` (`id`, `emploee_id`, `org_name`, `title`, `description`, `from_at`, `to_at`, `created_at`, `updated_at`) VALUES ('77', '77', 'Pacocha PLC', 'Corporis voluptatem consequatur nobis repellat hic quam qui.', 'Rem et mollitia voluptatibus reiciendis inventore. Qui velit et praesentium ut vel quis. Placeat cum sit optio aut aut eum.', '1975-10-15', '1986-11-12', '1999-10-17 13:33:21', '1978-06-29 17:27:30');
INSERT INTO `experiences` (`id`, `emploee_id`, `org_name`, `title`, `description`, `from_at`, `to_at`, `created_at`, `updated_at`) VALUES ('78', '78', 'Kling-Abernathy', 'Quis dicta aut tempore tempora amet repellendus nemo.', 'Optio ea voluptates ut qui. Ipsa et suscipit magnam distinctio maiores totam qui culpa. Voluptas hic alias voluptas aut quia. Praesentium labore nulla omnis aspernatur placeat.', '1978-10-11', '1978-09-04', '2003-11-16 22:33:44', '2016-07-04 05:29:34');
INSERT INTO `experiences` (`id`, `emploee_id`, `org_name`, `title`, `description`, `from_at`, `to_at`, `created_at`, `updated_at`) VALUES ('79', '79', 'Rice, Keebler and Terry', 'Aut laborum animi et laboriosam est ullam est.', 'Quo ea suscipit hic nulla. Eos id vel maxime ut et quia omnis voluptates. Quia hic et odit velit omnis odit. Eum ratione consequatur aliquid quos aspernatur.', '1986-02-24', '1981-03-10', '1994-03-02 02:21:06', '2019-02-25 14:46:54');
INSERT INTO `experiences` (`id`, `emploee_id`, `org_name`, `title`, `description`, `from_at`, `to_at`, `created_at`, `updated_at`) VALUES ('80', '80', 'Hoeger, Fadel and Mann', 'Velit magni unde in ad nulla.', 'Nobis et esse et et debitis quaerat. Quia est blanditiis quod eveniet aut est soluta. Aut delectus et reiciendis. Itaque magnam atque accusantium qui explicabo pariatur nobis.', '2010-11-07', '2014-06-21', '2007-03-29 07:36:40', '2016-04-18 18:22:45');
INSERT INTO `experiences` (`id`, `emploee_id`, `org_name`, `title`, `description`, `from_at`, `to_at`, `created_at`, `updated_at`) VALUES ('81', '81', 'Huel Group', 'Autem expedita sunt recusandae molestiae beatae.', 'Aut dolorem eveniet accusantium vel illum. Velit ab est laudantium nihil ex natus ipsum repellendus. Dolorem itaque aut sunt placeat ullam quis molestiae.', '2007-11-09', '1997-03-03', '1993-11-27 06:09:22', '1979-03-08 22:37:37');
INSERT INTO `experiences` (`id`, `emploee_id`, `org_name`, `title`, `description`, `from_at`, `to_at`, `created_at`, `updated_at`) VALUES ('82', '82', 'Kessler, Thiel and Sipes', 'A saepe a tempora porro.', 'Labore velit laudantium autem ipsam sapiente quo. Molestias sint deserunt et dolorem nemo deleniti. Deserunt quis velit aliquam quod. Est sunt dolore eius ut omnis ipsam.', '1997-07-24', '1988-05-05', '2000-07-06 17:04:37', '2016-02-23 17:25:08');
INSERT INTO `experiences` (`id`, `emploee_id`, `org_name`, `title`, `description`, `from_at`, `to_at`, `created_at`, `updated_at`) VALUES ('83', '83', 'Lockman-Schiller', 'Omnis tempora nam optio est voluptatibus expedita eligendi consectetur.', 'Mollitia cumque impedit impedit non nesciunt est. Fugit minus aut omnis optio animi qui in. Sit eaque deserunt occaecati facilis sit. Pariatur adipisci tempora quas consequatur dolorem et consequuntur.', '1971-05-29', '2003-06-18', '2006-04-05 12:02:44', '1994-08-22 09:08:42');
INSERT INTO `experiences` (`id`, `emploee_id`, `org_name`, `title`, `description`, `from_at`, `to_at`, `created_at`, `updated_at`) VALUES ('84', '84', 'McLaughlin-Buckridge', 'Aut ipsam atque possimus a voluptatem quisquam illum.', 'Nesciunt error provident quaerat sit eaque non. Nobis soluta quas sint eum sapiente. Asperiores labore laborum quia cumque inventore. Sed odit animi rerum quo.', '1983-08-31', '1986-08-26', '2014-10-04 20:14:07', '1977-05-27 08:54:06');
INSERT INTO `experiences` (`id`, `emploee_id`, `org_name`, `title`, `description`, `from_at`, `to_at`, `created_at`, `updated_at`) VALUES ('85', '85', 'Kling and Sons', 'Qui voluptas repellendus quibusdam voluptate quia ad sed.', 'Hic quod et debitis. Vel et officia maxime velit reprehenderit provident. Nulla officia quis eum quae tempora eius soluta nesciunt. Ratione aut libero perferendis animi eligendi hic doloribus.', '2005-07-08', '2006-04-17', '1993-02-26 16:28:40', '2016-03-26 02:54:51');
INSERT INTO `experiences` (`id`, `emploee_id`, `org_name`, `title`, `description`, `from_at`, `to_at`, `created_at`, `updated_at`) VALUES ('86', '86', 'Stamm-Ziemann', 'Fugit accusamus autem voluptatum.', 'Et quidem nemo laudantium maxime. Et debitis aperiam repellat est. Voluptatibus consectetur et molestias aut. Omnis maiores voluptatem corporis id veniam repellat dolores. Id animi similique culpa dignissimos amet voluptates possimus.', '1984-08-14', '1981-05-23', '1984-08-20 07:58:15', '1994-04-16 07:08:07');
INSERT INTO `experiences` (`id`, `emploee_id`, `org_name`, `title`, `description`, `from_at`, `to_at`, `created_at`, `updated_at`) VALUES ('87', '87', 'Kautzer-Wuckert', 'Perferendis perferendis dignissimos veniam velit aut consequatur.', 'Sit consequatur saepe eligendi possimus repellat molestiae. Et dignissimos consequatur ut ipsam reprehenderit et voluptate. Corrupti alias nam sunt nihil. Voluptate reprehenderit eos sequi exercitationem facilis.', '1985-09-02', '1980-11-07', '1997-08-08 19:28:03', '2000-02-14 13:50:53');
INSERT INTO `experiences` (`id`, `emploee_id`, `org_name`, `title`, `description`, `from_at`, `to_at`, `created_at`, `updated_at`) VALUES ('88', '88', 'Toy and Sons', 'Rerum in error nesciunt inventore similique suscipit.', 'Dolorem deserunt esse est ut. Neque modi sit qui iste harum. Sed dignissimos reiciendis qui nostrum dolor.', '2016-02-26', '1998-10-14', '1972-12-30 18:47:40', '1994-10-22 12:11:40');
INSERT INTO `experiences` (`id`, `emploee_id`, `org_name`, `title`, `description`, `from_at`, `to_at`, `created_at`, `updated_at`) VALUES ('89', '89', 'Schimmel Ltd', 'Repudiandae accusantium omnis consequatur non neque cumque.', 'Ipsam ipsa voluptatem nisi aut quo natus. Perferendis beatae vitae ut. Ipsam voluptatem ut laboriosam.', '1997-01-13', '2009-03-28', '2000-12-20 19:00:23', '1992-12-28 20:17:18');
INSERT INTO `experiences` (`id`, `emploee_id`, `org_name`, `title`, `description`, `from_at`, `to_at`, `created_at`, `updated_at`) VALUES ('90', '90', 'Lang-Ruecker', 'Illum consequuntur aperiam est iste recusandae autem dolor.', 'Vel quaerat dolorum officiis eaque aut earum libero. Et fuga consequatur qui eveniet. Qui accusamus est voluptas voluptatem modi doloribus quis. Autem deserunt cum non deleniti sed quo velit.', '1996-09-02', '1987-04-21', '1970-12-27 04:43:13', '1982-04-09 13:10:30');
INSERT INTO `experiences` (`id`, `emploee_id`, `org_name`, `title`, `description`, `from_at`, `to_at`, `created_at`, `updated_at`) VALUES ('91', '91', 'Johnston PLC', 'Nesciunt vel dolor dolorem culpa voluptatem id ducimus.', 'Minima et consequatur ratione sed assumenda laudantium. Ducimus voluptatem quaerat consequuntur et nobis sit.', '1986-05-18', '1988-05-13', '1982-10-13 12:00:04', '1974-11-17 20:29:20');
INSERT INTO `experiences` (`id`, `emploee_id`, `org_name`, `title`, `description`, `from_at`, `to_at`, `created_at`, `updated_at`) VALUES ('92', '92', 'Bosco, Thiel and Pagac', 'Deserunt sit ut cum omnis error.', 'Est porro rem recusandae et sint maiores qui. Accusamus illo quam maxime. Blanditiis est aut nulla voluptas nihil non laborum sint. Autem quis et fugit fugiat quae.', '2005-04-18', '2004-09-06', '1977-08-02 00:21:10', '1989-07-11 05:52:51');
INSERT INTO `experiences` (`id`, `emploee_id`, `org_name`, `title`, `description`, `from_at`, `to_at`, `created_at`, `updated_at`) VALUES ('93', '93', 'Will LLC', 'Corporis accusamus temporibus sint et.', 'Labore unde laborum sit expedita doloremque. Eum qui aut est excepturi. Harum aperiam atque nam in veniam tempore facilis. Molestiae eius necessitatibus rerum commodi voluptatem. Sint ratione et autem quidem esse magni nesciunt.', '1994-11-05', '1999-11-15', '1999-09-06 04:50:37', '2010-05-31 14:13:45');
INSERT INTO `experiences` (`id`, `emploee_id`, `org_name`, `title`, `description`, `from_at`, `to_at`, `created_at`, `updated_at`) VALUES ('94', '94', 'Zemlak, Ritchie and Koss', 'Quam perferendis quibusdam adipisci ipsum aperiam nesciunt iusto quidem.', 'Velit culpa repudiandae nisi molestias. Consectetur voluptas suscipit omnis autem. Fugit quos minus fugit ut at aut.', '2014-08-11', '2002-06-09', '1979-10-29 23:26:14', '1997-09-04 09:29:50');
INSERT INTO `experiences` (`id`, `emploee_id`, `org_name`, `title`, `description`, `from_at`, `to_at`, `created_at`, `updated_at`) VALUES ('95', '95', 'Greenfelder-Ledner', 'Tempora quia adipisci consectetur suscipit.', 'Sit consectetur eius blanditiis. Aut provident et tenetur cumque. Dolores atque officiis rerum debitis. Corrupti consequatur et suscipit non sit voluptatem.', '1981-07-10', '2009-07-18', '1977-07-28 01:16:41', '1997-10-28 22:17:51');
INSERT INTO `experiences` (`id`, `emploee_id`, `org_name`, `title`, `description`, `from_at`, `to_at`, `created_at`, `updated_at`) VALUES ('96', '96', 'Witting Group', 'Quo dolor non veritatis perferendis soluta vitae dolor.', 'Est quibusdam assumenda molestiae est nostrum occaecati. Possimus est sed vero eos odit velit. Aut vero non voluptatem sint enim enim perferendis. Occaecati est asperiores eum consequatur maiores.', '2020-08-17', '1991-08-23', '2012-09-13 22:50:27', '2005-07-28 10:45:36');
INSERT INTO `experiences` (`id`, `emploee_id`, `org_name`, `title`, `description`, `from_at`, `to_at`, `created_at`, `updated_at`) VALUES ('97', '97', 'Kerluke Ltd', 'Cumque repellat reiciendis distinctio.', 'Aut dolore molestias molestiae. Amet pariatur dolorem velit similique voluptatum sint iste vel. Pariatur et quis consequuntur sit. Et quibusdam et et similique quidem nemo sint.', '1993-01-29', '1997-10-02', '1998-10-21 12:28:39', '2016-07-17 18:17:32');
INSERT INTO `experiences` (`id`, `emploee_id`, `org_name`, `title`, `description`, `from_at`, `to_at`, `created_at`, `updated_at`) VALUES ('98', '98', 'Frami, Kessler and Altenwerth', 'Esse temporibus voluptas nostrum iure repellendus.', 'Earum molestiae laborum sequi reprehenderit omnis aut est neque. Laboriosam vero sequi cumque recusandae eos.', '1993-06-22', '1989-09-27', '2010-05-02 16:27:14', '2001-11-23 01:02:41');
INSERT INTO `experiences` (`id`, `emploee_id`, `org_name`, `title`, `description`, `from_at`, `to_at`, `created_at`, `updated_at`) VALUES ('99', '99', 'Sipes-Cremin', 'Ab dolor vero sed reiciendis illum aliquid.', 'Illum ea quae qui numquam voluptas deleniti ipsum. Eligendi eius sed non saepe qui quam. Non aut enim totam nulla et. A aliquam nisi ex earum.', '2013-03-10', '2015-02-11', '1970-11-10 15:21:28', '1977-02-07 07:37:04');
INSERT INTO `experiences` (`id`, `emploee_id`, `org_name`, `title`, `description`, `from_at`, `to_at`, `created_at`, `updated_at`) VALUES ('100', '100', 'Dicki LLC', 'Ut sint alias quo qui ducimus vitae.', 'Quo sed architecto exercitationem repellat. Iure ut dignissimos aut quia animi sint.', '2014-09-30', '2004-01-15', '1971-03-24 12:54:52', '1997-12-02 04:58:39');

INSERT INTO `organizations` (`id`, `name`, `descriptions`, `city_id`, `adress`, `email`, `phone`, `created_at`, `updated_at`) VALUES ('1', 'Pacocha, Marvin and O\'Kon', 'Placeat amet soluta quas nobis. Reprehenderit officiis ab voluptates nulla. Natus praesentium et rem voluptatem distinctio esse id est.', '1', '597 Hagenes Cliff Suite 809', 'hyman16@example.org', '(905)124-1529x6652', '2009-05-13 07:48:04', '1983-10-24 22:42:42');
INSERT INTO `organizations` (`id`, `name`, `descriptions`, `city_id`, `adress`, `email`, `phone`, `created_at`, `updated_at`) VALUES ('2', 'Brown, Kassulke and Kris', 'Aspernatur sint neque ex pariatur repellendus velit. Nihil eum facilis qui vel nesciunt. Reiciendis expedita odio aut ut repellat debitis.', '2', '9992 Legros Lakes', 'lawson.bednar@example.org', '06378697983', '1994-06-01 00:49:10', '1992-05-23 01:47:26');
INSERT INTO `organizations` (`id`, `name`, `descriptions`, `city_id`, `adress`, `email`, `phone`, `created_at`, `updated_at`) VALUES ('3', 'Senger PLC', 'Repellat et deserunt est inventore quos soluta. Rerum et saepe quia et quis molestias harum. Quis non laboriosam odit quia iure cum sed. Non quo culpa facilis nihil vero similique qui.', '3', '3312 Emelia Island', 'carolyn77@example.com', '1-797-756-0508x99307', '2000-06-11 03:56:09', '2011-06-11 21:33:57');
INSERT INTO `organizations` (`id`, `name`, `descriptions`, `city_id`, `adress`, `email`, `phone`, `created_at`, `updated_at`) VALUES ('4', 'Hoppe-Heidenreich', 'Et fugit dolores reprehenderit. Alias sit tempora odio aut cumque. Quia dignissimos expedita est vero cum. Est qui suscipit hic esse deleniti nostrum voluptatum.', '4', '73210 Domenico Estates Suite 442', 'kristin.lesch@example.net', '565.634.2483x2753', '2005-01-04 00:37:22', '1981-06-02 22:39:10');
INSERT INTO `organizations` (`id`, `name`, `descriptions`, `city_id`, `adress`, `email`, `phone`, `created_at`, `updated_at`) VALUES ('5', 'Weimann Inc', 'Dolor cum voluptatibus aut iure nobis numquam sed necessitatibus. Repellendus non cupiditate aut velit ab nobis excepturi qui. Sint dignissimos fugit possimus expedita nulla veritatis consequatur.', '5', '0992 Martin Alley', 'margarett.crist@example.com', '976.832.2471', '1992-08-12 02:03:22', '1978-06-18 05:37:58');
INSERT INTO `organizations` (`id`, `name`, `descriptions`, `city_id`, `adress`, `email`, `phone`, `created_at`, `updated_at`) VALUES ('6', 'O\'Reilly, Rutherford and Rau', 'Et sunt consequatur a voluptatem dicta sunt. Nobis et excepturi commodi nobis dolorum. Impedit ut fuga doloremque ad dolores quibusdam.', '6', '29908 Buddy Via Apt. 550', 'olaf.pollich@example.com', '649-295-5396', '2008-12-09 05:29:18', '1999-03-22 22:08:49');
INSERT INTO `organizations` (`id`, `name`, `descriptions`, `city_id`, `adress`, `email`, `phone`, `created_at`, `updated_at`) VALUES ('7', 'Schamberger and Sons', 'Quia non repellat facere enim nam. Qui possimus consequatur animi magnam minus sunt deleniti totam. Error deserunt repudiandae distinctio quia. Nihil beatae similique tempora.', '7', '282 Donnie Court Apt. 314', 'kwisozk@example.com', '008.922.6380', '1997-02-17 10:32:08', '2007-03-15 20:18:00');
INSERT INTO `organizations` (`id`, `name`, `descriptions`, `city_id`, `adress`, `email`, `phone`, `created_at`, `updated_at`) VALUES ('8', 'Durgan Group', 'Accusamus expedita recusandae sed quo voluptatem repudiandae adipisci. Omnis deleniti quia corporis laudantium. In eos nisi ad est ipsa.', '8', '42126 Pollich Prairie Apt. 732', 'graham.aniya@example.org', '1-519-590-0805x9245', '1971-10-18 05:45:05', '2006-04-03 21:01:10');
INSERT INTO `organizations` (`id`, `name`, `descriptions`, `city_id`, `adress`, `email`, `phone`, `created_at`, `updated_at`) VALUES ('9', 'Kutch, McLaughlin and Cole', 'Quas ut fuga quaerat eius exercitationem. Harum ex quis ratione repudiandae. Optio deserunt officiis voluptas. Maxime ullam placeat expedita et culpa.', '9', '3673 Wyman Prairie', 'trisha.heller@example.org', '451-812-6500x8136', '1982-07-16 15:36:40', '2011-01-07 13:49:55');
INSERT INTO `organizations` (`id`, `name`, `descriptions`, `city_id`, `adress`, `email`, `phone`, `created_at`, `updated_at`) VALUES ('10', 'Feil-Schowalter', 'Dolor hic sunt in officiis ut repellendus eveniet. Repudiandae eligendi dicta laudantium dolorem. Enim consequatur occaecati aut.', '10', '40504 Tremblay Crossroad', 'kuhic.laverne@example.com', '(155)923-0154x225', '1997-06-09 03:41:36', '2008-06-23 12:07:38');
INSERT INTO `organizations` (`id`, `name`, `descriptions`, `city_id`, `adress`, `email`, `phone`, `created_at`, `updated_at`) VALUES ('11', 'Ryan, McDermott and Reichel', 'Et sunt doloremque culpa unde. Nihil voluptas voluptatum repudiandae molestiae.', '11', '2274 Feeney Villages Suite 514', 'd\'amore.marta@example.org', '831.084.6711x20670', '1984-02-29 19:55:00', '1980-09-02 06:32:05');
INSERT INTO `organizations` (`id`, `name`, `descriptions`, `city_id`, `adress`, `email`, `phone`, `created_at`, `updated_at`) VALUES ('12', 'Feeney-Will', 'Tempore neque dolores nihil id neque. Eum corporis qui et sit. Tempora perferendis quis quod ad ipsam natus dignissimos.', '12', '74624 Auer Union Suite 581', 'nader.marcos@example.org', '255.067.8063x519', '2016-02-08 14:00:20', '2005-01-13 17:08:31');
INSERT INTO `organizations` (`id`, `name`, `descriptions`, `city_id`, `adress`, `email`, `phone`, `created_at`, `updated_at`) VALUES ('13', 'Howell-Brakus', 'Qui aliquid voluptatibus tempore debitis quis dolores. Veritatis magni ea optio qui. Sunt odio aperiam aspernatur in dolor aut ex.', '13', '06194 Nitzsche Radial Suite 133', 'mhintz@example.org', '403.114.6399', '2001-02-06 14:53:48', '1996-04-11 04:42:43');
INSERT INTO `organizations` (`id`, `name`, `descriptions`, `city_id`, `adress`, `email`, `phone`, `created_at`, `updated_at`) VALUES ('14', 'Keebler-Hudson', 'Et temporibus dignissimos consequatur maxime. Sint qui eveniet omnis recusandae. Quo veritatis reprehenderit ipsam aspernatur vel ea.', '14', '5390 Heidi Parkways', 'rcronin@example.org', '00073320646', '1971-12-23 09:15:22', '2010-05-14 19:03:04');
INSERT INTO `organizations` (`id`, `name`, `descriptions`, `city_id`, `adress`, `email`, `phone`, `created_at`, `updated_at`) VALUES ('15', 'Mohr, Jacobi and Von', 'Nostrum dolores inventore in eos. Nemo nihil nisi doloribus aperiam impedit maiores in suscipit. Repellat sequi consequatur dolores consequuntur ipsa delectus itaque. Vero in nesciunt eum.', '15', '901 Marlen Extension Suite 111', 'lenore.huel@example.com', '(569)177-0872', '2019-07-28 13:28:02', '1994-03-13 03:06:39');
INSERT INTO `organizations` (`id`, `name`, `descriptions`, `city_id`, `adress`, `email`, `phone`, `created_at`, `updated_at`) VALUES ('16', 'King-Will', 'Fugit accusamus id consequatur debitis. Et voluptatem quaerat excepturi perferendis.', '16', '16877 Frami Hollow Apt. 482', 'boyle.thomas@example.org', '1-654-887-5498', '1970-11-04 14:55:59', '2000-03-21 18:06:57');
INSERT INTO `organizations` (`id`, `name`, `descriptions`, `city_id`, `adress`, `email`, `phone`, `created_at`, `updated_at`) VALUES ('17', 'Terry, Murphy and Kautzer', 'Id est aperiam excepturi rerum repudiandae aut unde. Magni a esse ullam. Tempore vero ut neque facilis sed. Aut et odio amet doloribus fuga. Nam eius voluptatibus soluta doloremque placeat officiis dolorem.', '17', '01539 Moises Lock Apt. 255', 'fnicolas@example.org', '+07(2)1074620242', '2015-01-14 15:34:00', '2001-07-13 20:05:10');
INSERT INTO `organizations` (`id`, `name`, `descriptions`, `city_id`, `adress`, `email`, `phone`, `created_at`, `updated_at`) VALUES ('18', 'Durgan, Wyman and Bednar', 'Nihil libero at maxime omnis qui amet ipsum. Quo exercitationem numquam repudiandae et. Odit asperiores perferendis eos exercitationem. Natus minima sed mollitia et.', '18', '4999 Amely Garden Suite 922', 'estella92@example.org', '02196314259', '2010-01-26 11:56:11', '1979-10-31 21:06:18');
INSERT INTO `organizations` (`id`, `name`, `descriptions`, `city_id`, `adress`, `email`, `phone`, `created_at`, `updated_at`) VALUES ('19', 'Hammes-Turcotte', 'Atque voluptas et facilis. Mollitia exercitationem soluta iure repudiandae quasi ut corporis rerum. Necessitatibus id amet velit beatae optio modi similique.', '19', '9007 Daphney Square Apt. 157', 'deborah.stehr@example.net', '+16(2)8658041835', '2005-02-01 05:08:34', '2019-07-16 03:31:03');
INSERT INTO `organizations` (`id`, `name`, `descriptions`, `city_id`, `adress`, `email`, `phone`, `created_at`, `updated_at`) VALUES ('20', 'Haag, Kiehn and Morar', 'Libero alias est repudiandae. Temporibus vel incidunt incidunt molestias maxime et eos. Omnis explicabo et non consequuntur.', '20', '44402 Leffler Crest Apt. 512', 'rswift@example.net', '455.236.7237x100', '1993-02-04 01:11:23', '1978-07-30 15:15:01');
INSERT INTO `organizations` (`id`, `name`, `descriptions`, `city_id`, `adress`, `email`, `phone`, `created_at`, `updated_at`) VALUES ('21', 'Paucek-Schamberger', 'Sed repudiandae omnis aut nihil eaque. Occaecati consectetur omnis hic mollitia. Aut dolor inventore mollitia minima libero sunt velit.', '21', '78874 Armstrong Manors', 'geraldine58@example.com', '039.589.7741', '1996-03-27 23:44:10', '1992-12-02 15:37:45');
INSERT INTO `organizations` (`id`, `name`, `descriptions`, `city_id`, `adress`, `email`, `phone`, `created_at`, `updated_at`) VALUES ('22', 'Bins PLC', 'Maxime magnam minus molestias commodi doloribus. Natus voluptas id ut ut. Rerum nihil cum enim voluptatem sunt asperiores.', '22', '633 Addie Club Apt. 585', 'jocelyn42@example.net', '05000467346', '1996-04-02 19:46:15', '2007-06-29 08:19:37');
INSERT INTO `organizations` (`id`, `name`, `descriptions`, `city_id`, `adress`, `email`, `phone`, `created_at`, `updated_at`) VALUES ('23', 'Powlowski, Mitchell and Hodkiewicz', 'Praesentium natus magnam ex voluptatem cumque neque nemo et. Voluptatum et dolorem et et. Ab quia repellendus earum esse optio quasi quidem.', '23', '113 Rice Run', 'leannon.anna@example.com', '534-013-9764x264', '1973-05-11 08:20:37', '2005-06-26 10:31:19');
INSERT INTO `organizations` (`id`, `name`, `descriptions`, `city_id`, `adress`, `email`, `phone`, `created_at`, `updated_at`) VALUES ('24', 'Hartmann and Sons', 'Voluptas cumque consequatur et quia autem. Quia eum accusamus doloremque. Vel aut corporis architecto eum commodi sint voluptas qui. Dolore dolores nesciunt officiis et aut et.', '24', '824 Precious Hill Apt. 739', 'hrunolfsdottir@example.com', '1-544-945-9694x1313', '1971-05-20 18:32:47', '2015-12-11 12:57:21');
INSERT INTO `organizations` (`id`, `name`, `descriptions`, `city_id`, `adress`, `email`, `phone`, `created_at`, `updated_at`) VALUES ('25', 'Daugherty and Sons', 'Voluptates consequatur omnis sed a vel aut voluptatibus. Id qui ullam eius aut et mollitia illum. Ut quam expedita enim esse.', '25', '0807 Thiel Shoal', 'grace.rippin@example.net', '144-638-0012x991', '1980-12-13 17:07:34', '1983-08-21 07:51:27');
INSERT INTO `organizations` (`id`, `name`, `descriptions`, `city_id`, `adress`, `email`, `phone`, `created_at`, `updated_at`) VALUES ('26', 'Waelchi Group', 'Blanditiis soluta est sint voluptas modi. Corrupti voluptatum dolorem illum. Quam eveniet neque odio maiores.', '26', '19398 Emmitt Mountains', 'tdouglas@example.net', '780.232.8008', '2008-04-20 15:19:14', '2016-01-20 07:22:19');
INSERT INTO `organizations` (`id`, `name`, `descriptions`, `city_id`, `adress`, `email`, `phone`, `created_at`, `updated_at`) VALUES ('27', 'Rice-Wunsch', 'A occaecati omnis commodi perferendis mollitia et quibusdam. Veniam animi quis voluptas repellat. Id nisi assumenda neque doloribus consectetur ut harum. Quos nesciunt omnis inventore enim tempore sequi natus.', '27', '7341 Watsica Summit', 'ricardo95@example.net', '1-037-206-2127', '1985-05-20 11:27:55', '1984-05-07 17:56:10');
INSERT INTO `organizations` (`id`, `name`, `descriptions`, `city_id`, `adress`, `email`, `phone`, `created_at`, `updated_at`) VALUES ('28', 'DuBuque-Fadel', 'Optio dolor expedita recusandae non minus. Rerum deserunt et dolor earum eos minus voluptate. Ipsam illum natus aut fugit aliquam.', '28', '4349 Walker Path', 'lois31@example.com', '(696)083-5884x2123', '2002-09-26 22:44:50', '2001-11-26 20:38:32');
INSERT INTO `organizations` (`id`, `name`, `descriptions`, `city_id`, `adress`, `email`, `phone`, `created_at`, `updated_at`) VALUES ('29', 'Carter, Schuppe and Haley', 'Facere in aut reprehenderit et. Quaerat sit suscipit nobis temporibus eius iste. In quasi voluptatum omnis harum.', '29', '576 Balistreri Manors', 'bromaguera@example.com', '1-044-331-3181', '1992-07-24 19:03:02', '1978-04-03 15:25:23');
INSERT INTO `organizations` (`id`, `name`, `descriptions`, `city_id`, `adress`, `email`, `phone`, `created_at`, `updated_at`) VALUES ('30', 'Nitzsche, Spinka and Macejkovic', 'Minus minima qui at id culpa animi. Sed accusamus voluptatem dolores quo officia consequatur. Quis alias et vel adipisci. Voluptas quos qui inventore maiores consequuntur voluptatum et commodi.', '30', '899 Jast Terrace', 'hsanford@example.com', '1-736-476-5082x3254', '1975-07-15 11:24:20', '2014-10-04 23:35:57');
INSERT INTO `organizations` (`id`, `name`, `descriptions`, `city_id`, `adress`, `email`, `phone`, `created_at`, `updated_at`) VALUES ('31', 'Yundt-Balistreri', 'Harum veritatis quo ut qui. Recusandae et dignissimos eius aperiam animi vel autem. Porro non vero illo dolor quia officia nostrum.', '31', '284 Olson Landing', 'rempel.jasen@example.com', '(985)351-6447', '2004-04-10 11:18:20', '2012-08-11 11:05:52');
INSERT INTO `organizations` (`id`, `name`, `descriptions`, `city_id`, `adress`, `email`, `phone`, `created_at`, `updated_at`) VALUES ('32', 'Kilback, Langworth and Stark', 'Repellendus praesentium id illo aut fugit. Repellendus tempora aliquid voluptatem animi perferendis dolore quia. Ex error maiores quisquam nisi et cumque ab. Dolores ratione maxime et rerum odio quas voluptas.', '32', '21518 Hyman Trail Apt. 002', 'heller.gregg@example.net', '1-371-331-7009x339', '2015-03-12 05:41:11', '1996-01-20 20:03:27');
INSERT INTO `organizations` (`id`, `name`, `descriptions`, `city_id`, `adress`, `email`, `phone`, `created_at`, `updated_at`) VALUES ('33', 'Prohaska-Lang', 'Id minima tenetur id quia similique dolor ducimus est. Sint est vel aut eligendi. Qui dolorem enim occaecati suscipit quaerat.', '33', '949 Shea Stream Apt. 439', 'witting.theodore@example.net', '(243)569-2041x6992', '1991-03-22 23:06:01', '2014-09-13 02:18:57');
INSERT INTO `organizations` (`id`, `name`, `descriptions`, `city_id`, `adress`, `email`, `phone`, `created_at`, `updated_at`) VALUES ('34', 'Collins, Rau and Pouros', 'Placeat aperiam blanditiis magnam est velit numquam a. Quis et illum autem architecto. Corporis necessitatibus enim tenetur sit amet iure amet.', '34', '06456 Gulgowski Viaduct Apt. 812', 'bailee.ryan@example.com', '775.625.6153', '2004-01-28 14:55:23', '1989-10-18 01:05:52');
INSERT INTO `organizations` (`id`, `name`, `descriptions`, `city_id`, `adress`, `email`, `phone`, `created_at`, `updated_at`) VALUES ('35', 'Brown PLC', 'Ratione distinctio et vitae. Facilis autem at sed at. Vel nesciunt est dolores facere accusamus.', '35', '515 O\'Conner Alley', 'beatrice.treutel@example.net', '922-241-3110', '2014-06-12 13:54:23', '1978-05-11 09:31:47');
INSERT INTO `organizations` (`id`, `name`, `descriptions`, `city_id`, `adress`, `email`, `phone`, `created_at`, `updated_at`) VALUES ('36', 'O\'Reilly Group', 'Deserunt incidunt officiis autem odit a in sit. Et possimus et veniam est eos soluta iure. Aut molestiae molestias porro vero in rerum aut.', '36', '663 Kautzer Mills', 'hildegard40@example.org', '+18(8)6655346483', '1980-09-21 19:10:01', '2008-10-03 19:30:02');
INSERT INTO `organizations` (`id`, `name`, `descriptions`, `city_id`, `adress`, `email`, `phone`, `created_at`, `updated_at`) VALUES ('37', 'Marquardt, Boyle and Lynch', 'Quo ea ex unde ipsam. Sit at nulla a est impedit pariatur debitis. Eveniet consectetur quia eos doloremque earum.', '37', '228 Bud Lakes Suite 366', 'brielle.breitenberg@example.org', '478-340-3797', '2001-09-11 02:42:10', '2011-12-18 07:48:30');
INSERT INTO `organizations` (`id`, `name`, `descriptions`, `city_id`, `adress`, `email`, `phone`, `created_at`, `updated_at`) VALUES ('38', 'Carter, Renner and Windler', 'Qui optio nihil qui qui ut illo quod. Culpa deleniti et repudiandae occaecati. Id occaecati officia cumque veritatis. Alias magni similique omnis asperiores ut alias.', '38', '815 Kling Light Suite 867', 'rey82@example.org', '(736)637-6912x3693', '1994-12-29 07:44:10', '1978-05-13 23:06:35');
INSERT INTO `organizations` (`id`, `name`, `descriptions`, `city_id`, `adress`, `email`, `phone`, `created_at`, `updated_at`) VALUES ('39', 'Shanahan-Ruecker', 'Perspiciatis doloremque similique quae eum dolor. Inventore non neque eligendi et. Vitae cupiditate quia enim est quia aut dolorum accusamus. Excepturi ducimus veritatis qui aliquam accusantium.', '39', '4866 Swift Mill Apt. 131', 'isaias.cruickshank@example.org', '07541638974', '1976-11-22 02:51:52', '1986-09-19 12:21:21');
INSERT INTO `organizations` (`id`, `name`, `descriptions`, `city_id`, `adress`, `email`, `phone`, `created_at`, `updated_at`) VALUES ('40', 'Ankunding-Labadie', 'Dolores molestiae sunt amet et labore cum voluptas. Nihil et rem eos consectetur sed fuga. Animi quod nam accusantium odit officiis veniam officiis. Assumenda delectus qui et.', '40', '3760 Morissette Estate Suite 819', 'haskell48@example.net', '1-425-724-4181x499', '1987-07-02 14:26:08', '2020-09-18 03:36:36');
INSERT INTO `organizations` (`id`, `name`, `descriptions`, `city_id`, `adress`, `email`, `phone`, `created_at`, `updated_at`) VALUES ('41', 'Doyle-Botsford', 'Cumque perferendis accusantium omnis quasi id est. Iusto sit quaerat vel beatae. Et tempore enim illum non. Illo sit minus doloremque aut itaque saepe.', '41', '0020 McGlynn Unions Suite 929', 'wisozk.laurie@example.com', '(004)228-4583x7972', '1983-10-02 06:35:12', '2003-09-10 02:55:10');
INSERT INTO `organizations` (`id`, `name`, `descriptions`, `city_id`, `adress`, `email`, `phone`, `created_at`, `updated_at`) VALUES ('42', 'Hagenes LLC', 'Vero debitis est facere at qui architecto. Accusamus earum optio magni qui rerum. Dolorem optio voluptas aut ab amet id. Dolores consequuntur possimus corporis. Eaque corrupti nihil voluptas accusantium.', '42', '69439 Pamela Rapids Apt. 822', 'sturner@example.com', '1-747-482-1195x3380', '1998-02-10 03:08:15', '2000-03-10 03:00:14');
INSERT INTO `organizations` (`id`, `name`, `descriptions`, `city_id`, `adress`, `email`, `phone`, `created_at`, `updated_at`) VALUES ('43', 'Jacobson-Rippin', 'Debitis sint velit doloremque in vero aut. Placeat sed et aliquid fugiat voluptatibus. Cupiditate maxime natus expedita. Nihil qui dolorem sunt non debitis suscipit rerum.', '43', '582 Wiegand Port', 'georgiana70@example.org', '037.686.6901', '1999-01-03 18:41:36', '2008-09-06 14:20:46');
INSERT INTO `organizations` (`id`, `name`, `descriptions`, `city_id`, `adress`, `email`, `phone`, `created_at`, `updated_at`) VALUES ('44', 'Daniel, McDermott and Hagenes', 'Et incidunt laboriosam sint aut explicabo corrupti voluptates velit. Minus aliquam voluptates ut.', '44', '613 Schulist Views', 'pasquale66@example.com', '1-532-209-9784x751', '2009-09-14 07:32:47', '1982-08-30 18:03:14');
INSERT INTO `organizations` (`id`, `name`, `descriptions`, `city_id`, `adress`, `email`, `phone`, `created_at`, `updated_at`) VALUES ('45', 'Schaden, Fadel and Emmerich', 'Qui est provident quia ipsa ad ut. Fugiat atque veritatis ea. Qui aut sunt quam quia doloribus quo omnis. Sapiente sequi et sed et qui.', '45', '408 Micaela Wall', 'ggreen@example.com', '592-310-4912x1596', '1995-05-15 18:04:00', '1995-05-26 00:02:58');
INSERT INTO `organizations` (`id`, `name`, `descriptions`, `city_id`, `adress`, `email`, `phone`, `created_at`, `updated_at`) VALUES ('46', 'Hegmann-Krajcik', 'Corporis qui illo non rem. Omnis vel et quia deserunt. Accusamus quo inventore animi expedita expedita alias cupiditate magni. Iste et consequatur eaque.', '46', '41822 Candida Mountain Suite 654', 'williamson.elisha@example.net', '163.216.2808x260', '2004-04-06 11:48:51', '2007-12-22 05:13:20');
INSERT INTO `organizations` (`id`, `name`, `descriptions`, `city_id`, `adress`, `email`, `phone`, `created_at`, `updated_at`) VALUES ('47', 'Batz-Pouros', 'Ea ut nemo qui minima amet aut. Recusandae corrupti debitis reiciendis repellendus autem. Consequatur vitae tempora error laudantium fuga sunt hic sed.', '47', '59577 Cecelia Vista Apt. 560', 'bud10@example.org', '(697)643-5364x08807', '1972-08-08 05:18:50', '1987-01-02 12:32:31');
INSERT INTO `organizations` (`id`, `name`, `descriptions`, `city_id`, `adress`, `email`, `phone`, `created_at`, `updated_at`) VALUES ('48', 'Roob, Kunze and Hintz', 'Qui repellat assumenda tempore voluptates necessitatibus. Et quos qui aut qui natus. Quod error maxime ut aliquid iure at.', '48', '445 Gina Harbor Apt. 577', 'predovic.buford@example.net', '412-833-5515', '2004-12-21 18:32:15', '2001-09-11 02:06:54');
INSERT INTO `organizations` (`id`, `name`, `descriptions`, `city_id`, `adress`, `email`, `phone`, `created_at`, `updated_at`) VALUES ('49', 'Kerluke-Daugherty', 'Repudiandae mollitia facere perspiciatis eveniet minima ex. Facere eligendi ut laudantium aut aut tempora natus dolore. Sunt doloribus commodi excepturi omnis. Ducimus quo eos aut omnis perferendis.', '49', '982 Schulist Springs', 'alanna.lebsack@example.net', '889.009.5083', '1999-10-11 21:27:08', '1994-09-13 08:02:40');
INSERT INTO `organizations` (`id`, `name`, `descriptions`, `city_id`, `adress`, `email`, `phone`, `created_at`, `updated_at`) VALUES ('50', 'Schmidt, Cormier and Wiegand', 'Et quia ipsum consectetur fuga. Cupiditate sint qui fugit velit quibusdam. Neque accusamus doloribus voluptate cumque.', '50', '167 Russell Cliff', 'lesley.tillman@example.net', '1-045-805-4049', '1983-07-19 09:48:01', '1988-06-20 00:25:57');
INSERT INTO `organizations` (`id`, `name`, `descriptions`, `city_id`, `adress`, `email`, `phone`, `created_at`, `updated_at`) VALUES ('51', 'Lemke-Sanford', 'Et corporis assumenda similique quis quia hic provident voluptates. Voluptate incidunt illo quis. Et est quo adipisci sapiente qui dolor est et. Quaerat unde neque nemo et. Laborum velit consequatur quisquam dolores atque iure impedit fugit.', '51', '5803 Kip Trail Suite 545', 'harley73@example.org', '915.449.8885x198', '2015-06-30 09:54:04', '1999-03-23 06:36:25');
INSERT INTO `organizations` (`id`, `name`, `descriptions`, `city_id`, `adress`, `email`, `phone`, `created_at`, `updated_at`) VALUES ('52', 'Thompson, Mertz and Will', 'Aperiam voluptatem omnis est ducimus. Quibusdam beatae unde voluptatibus. Et unde id nemo et id debitis velit harum.', '52', '9821 Ruth Junctions Apt. 308', 'conroy.liana@example.com', '488.477.7305x57229', '1976-11-13 16:17:41', '1970-03-19 16:49:03');
INSERT INTO `organizations` (`id`, `name`, `descriptions`, `city_id`, `adress`, `email`, `phone`, `created_at`, `updated_at`) VALUES ('53', 'McGlynn-Rempel', 'Velit perferendis quis tempore ab. Quo mollitia amet molestiae non modi officia debitis. Repudiandae quae deserunt et quo. Consectetur tenetur quas laudantium magni quis voluptatibus vero veniam.', '53', '112 Effertz Streets', 'hahn.nat@example.com', '095-973-7149x168', '1978-09-11 13:29:26', '2008-06-03 06:14:02');
INSERT INTO `organizations` (`id`, `name`, `descriptions`, `city_id`, `adress`, `email`, `phone`, `created_at`, `updated_at`) VALUES ('54', 'Herzog Group', 'Numquam inventore cum modi deserunt voluptatum. Non impedit a vero dolores inventore repellendus dolorum. Aliquid omnis est ut et. Reiciendis nesciunt at repellat accusantium rerum. Ut iste praesentium et totam omnis.', '54', '98553 Ryan Green', 'qo\'kon@example.net', '(166)137-4815x29271', '1982-01-07 02:28:45', '1979-08-31 19:10:03');
INSERT INTO `organizations` (`id`, `name`, `descriptions`, `city_id`, `adress`, `email`, `phone`, `created_at`, `updated_at`) VALUES ('55', 'Shanahan LLC', 'Beatae non quo sit recusandae assumenda. Accusantium explicabo a corporis dignissimos neque. Officiis tenetur ex blanditiis.', '55', '509 Dicki Estate', 'icummings@example.net', '903-279-1501x86551', '2011-09-03 22:59:42', '2010-11-04 18:31:57');
INSERT INTO `organizations` (`id`, `name`, `descriptions`, `city_id`, `adress`, `email`, `phone`, `created_at`, `updated_at`) VALUES ('56', 'Haag, Yost and Wolf', 'Debitis aliquam cumque doloremque nihil maiores porro. Nihil adipisci sed voluptatem ducimus ea voluptatem corporis. Rerum omnis amet cum iste amet fugiat nemo.', '56', '513 Micaela Field', 'nitzsche.alia@example.org', '+49(9)0098005812', '2001-10-16 07:18:26', '1986-08-16 03:06:37');
INSERT INTO `organizations` (`id`, `name`, `descriptions`, `city_id`, `adress`, `email`, `phone`, `created_at`, `updated_at`) VALUES ('57', 'Gottlieb LLC', 'Deleniti nam dolorem laboriosam. Rem porro culpa iusto.', '57', '494 Terrance Knoll Suite 561', 'kwilliamson@example.com', '(328)614-0984x31487', '1987-10-04 06:43:01', '2018-05-20 04:14:10');
INSERT INTO `organizations` (`id`, `name`, `descriptions`, `city_id`, `adress`, `email`, `phone`, `created_at`, `updated_at`) VALUES ('58', 'DuBuque Group', 'Libero consequatur repellendus praesentium qui. Doloremque quae modi ad quis. Nulla qui quisquam eveniet consequatur. Dolore error ea reprehenderit rerum facilis.', '58', '9839 Cruickshank Spurs Suite 745', 'stacy29@example.org', '1-411-739-6575x790', '2017-03-24 00:28:52', '1976-02-18 19:54:21');
INSERT INTO `organizations` (`id`, `name`, `descriptions`, `city_id`, `adress`, `email`, `phone`, `created_at`, `updated_at`) VALUES ('59', 'Kling, Wuckert and Gutmann', 'Sapiente et non nemo nobis dolor iure illum. Quam saepe incidunt eveniet ea facilis eaque fuga totam. Deserunt et quae sequi nisi omnis aliquam. Sed autem et quibusdam et aut unde omnis. Qui tempora rem voluptas sapiente omnis.', '59', '14622 Kyla Mall', 'alvis06@example.net', '214-972-8945x75752', '1976-06-19 22:52:51', '1999-03-28 12:29:30');
INSERT INTO `organizations` (`id`, `name`, `descriptions`, `city_id`, `adress`, `email`, `phone`, `created_at`, `updated_at`) VALUES ('60', 'Farrell-Dietrich', 'Saepe in a iusto enim sunt ipsa. Quo saepe temporibus quibusdam aliquam esse qui. Et eos autem rerum hic.', '60', '129 Grimes Courts', 'jamie74@example.org', '144-296-3787x99208', '1986-09-12 03:50:36', '1977-04-21 15:14:55');
INSERT INTO `organizations` (`id`, `name`, `descriptions`, `city_id`, `adress`, `email`, `phone`, `created_at`, `updated_at`) VALUES ('61', 'Kuvalis and Sons', 'Ut labore voluptas maiores. Facere alias reprehenderit architecto dignissimos autem non. Voluptas aut et illo quibusdam eum aut et voluptas. Laboriosam minima fugit nihil dolores odio sint.', '61', '46189 Davis Lodge Apt. 375', 'muller.jovany@example.com', '+38(1)1536991886', '2020-05-17 17:03:47', '1984-06-07 19:21:27');
INSERT INTO `organizations` (`id`, `name`, `descriptions`, `city_id`, `adress`, `email`, `phone`, `created_at`, `updated_at`) VALUES ('62', 'Graham-Ondricka', 'Ipsam delectus et repellendus. Consequuntur fuga illum ducimus a architecto. Fuga iure tempore in. Consequuntur ea et doloremque nemo deserunt.', '62', '81913 Deon Rue Suite 588', 'isaias.volkman@example.com', '+65(5)3593583581', '2017-01-23 09:43:15', '1975-06-24 13:26:57');
INSERT INTO `organizations` (`id`, `name`, `descriptions`, `city_id`, `adress`, `email`, `phone`, `created_at`, `updated_at`) VALUES ('63', 'Schumm, Jones and Farrell', 'Debitis nemo nostrum laborum et. Doloremque minima rem dolorum dolores repellat veniam maxime accusamus. Consequuntur veniam expedita in quae voluptatem. Dolorum adipisci deleniti aut reiciendis molestiae itaque.', '63', '2189 Williamson Plain Apt. 530', 'olson.hilton@example.com', '1-633-510-5353x219', '1973-08-05 16:06:12', '1975-08-15 06:17:49');
INSERT INTO `organizations` (`id`, `name`, `descriptions`, `city_id`, `adress`, `email`, `phone`, `created_at`, `updated_at`) VALUES ('64', 'Towne Inc', 'Ut ut a aut nemo ut aut. Ab voluptates ut enim quaerat ab.', '64', '280 O\'Reilly Skyway', 'plueilwitz@example.net', '(062)642-5659x177', '1992-02-05 15:43:19', '2003-01-10 07:17:46');
INSERT INTO `organizations` (`id`, `name`, `descriptions`, `city_id`, `adress`, `email`, `phone`, `created_at`, `updated_at`) VALUES ('65', 'Yost PLC', 'Dolor pariatur dolores expedita deserunt alias dolore provident. Repellendus illo nobis aut voluptatibus. Dolorum pariatur et et est quis dolores.', '65', '8441 Tom Plains', 'cgleason@example.net', '1-282-552-8094', '2001-11-09 04:58:57', '2004-11-12 21:27:08');
INSERT INTO `organizations` (`id`, `name`, `descriptions`, `city_id`, `adress`, `email`, `phone`, `created_at`, `updated_at`) VALUES ('66', 'Aufderhar, Erdman and Mraz', 'Iste praesentium consequuntur et repellendus quasi. Consequatur et fugiat eos atque. Odit earum omnis voluptatem optio hic qui magnam neque. Est ipsum consequatur est et laborum et.', '66', '38066 Leonard Roads', 'nwuckert@example.org', '826.173.3940x12791', '2000-09-09 12:46:08', '1996-09-04 01:48:33');
INSERT INTO `organizations` (`id`, `name`, `descriptions`, `city_id`, `adress`, `email`, `phone`, `created_at`, `updated_at`) VALUES ('67', 'Kiehn Ltd', 'Minus expedita deserunt laboriosam impedit ratione. Corporis inventore perspiciatis exercitationem reiciendis eum qui. Deleniti iusto qui maiores odio repellat vero.', '67', '7781 Quitzon Walks', 'koepp.kevon@example.net', '666-431-9551', '1984-07-24 01:17:39', '1981-06-04 20:59:11');
INSERT INTO `organizations` (`id`, `name`, `descriptions`, `city_id`, `adress`, `email`, `phone`, `created_at`, `updated_at`) VALUES ('68', 'Batz-Howell', 'Voluptatibus numquam voluptas ab. Et dolores aut sit ducimus. Error officiis laboriosam fugit. Tempora porro quia est et dignissimos temporibus.', '68', '154 Little Bridge', 'mcclure.lenore@example.net', '(127)060-4752', '1979-12-18 15:42:26', '2013-12-04 23:44:13');
INSERT INTO `organizations` (`id`, `name`, `descriptions`, `city_id`, `adress`, `email`, `phone`, `created_at`, `updated_at`) VALUES ('69', 'Maggio, Heathcote and O\'Conner', 'Magni dolorem dolorem distinctio rerum at voluptatem nihil. Vitae ad veritatis tempora ipsa. Rerum error aut veniam officia incidunt.', '69', '69561 Jaden Wall Apt. 236', 'evie08@example.com', '(851)819-9365x22341', '1990-02-14 02:35:29', '2018-01-20 10:10:42');
INSERT INTO `organizations` (`id`, `name`, `descriptions`, `city_id`, `adress`, `email`, `phone`, `created_at`, `updated_at`) VALUES ('70', 'Adams, Beatty and Terry', 'Sed aliquam facere dolorem et. Eum voluptate dolore quo repellendus error nemo. Possimus optio aut alias maiores qui. Et repellendus exercitationem aliquid sequi voluptatum magni.', '70', '62103 Feest Lock', 'pbuckridge@example.org', '1-492-597-2069x477', '1972-11-25 00:17:46', '2010-05-09 22:07:31');
INSERT INTO `organizations` (`id`, `name`, `descriptions`, `city_id`, `adress`, `email`, `phone`, `created_at`, `updated_at`) VALUES ('71', 'Johnson Ltd', 'Doloremque qui cupiditate sequi quis vitae sit. Explicabo modi nihil omnis quis minus quibusdam. Modi atque voluptas dignissimos. Maxime aut vitae ipsum eum.', '71', '093 Austen Streets Suite 674', 'alexa.carroll@example.com', '784-364-5842x74317', '1983-02-05 12:00:36', '1999-12-15 15:49:16');
INSERT INTO `organizations` (`id`, `name`, `descriptions`, `city_id`, `adress`, `email`, `phone`, `created_at`, `updated_at`) VALUES ('72', 'Hauck and Sons', 'Voluptatum id impedit molestiae sed. Molestias accusamus sequi rerum quisquam exercitationem. Sint vel blanditiis laudantium iure laboriosam. Ea cupiditate debitis tenetur similique voluptas quidem cum.', '72', '21188 Jovani Parkway Suite 777', 'nathen.parisian@example.org', '1-179-281-5348x518', '2008-07-20 13:45:03', '2002-06-22 23:34:27');
INSERT INTO `organizations` (`id`, `name`, `descriptions`, `city_id`, `adress`, `email`, `phone`, `created_at`, `updated_at`) VALUES ('73', 'Nader Group', 'Quis qui sunt tempore non. Natus iste ex rerum non. Dolorem ipsam quia vel tempora. Rerum reprehenderit doloribus nesciunt illo.', '73', '3161 Hintz Lock', 'mellie.marvin@example.net', '(008)120-1533', '2019-12-06 15:03:42', '1971-12-15 04:04:02');
INSERT INTO `organizations` (`id`, `name`, `descriptions`, `city_id`, `adress`, `email`, `phone`, `created_at`, `updated_at`) VALUES ('74', 'Breitenberg LLC', 'Facere molestiae ut qui non earum. Consequatur voluptate voluptatem rerum.', '74', '2039 Alayna Street', 'brekke.nicklaus@example.com', '549.608.8523', '1984-05-30 04:10:57', '1985-02-06 10:14:16');
INSERT INTO `organizations` (`id`, `name`, `descriptions`, `city_id`, `adress`, `email`, `phone`, `created_at`, `updated_at`) VALUES ('75', 'Tremblay, Kirlin and Hegmann', 'Perspiciatis accusantium quaerat et animi quo quasi et. Aliquam eum quas facilis eos quia. Atque aut dolorem deleniti eum mollitia omnis cupiditate deleniti.', '75', '0430 Cartwright Plains', 'presley89@example.org', '(688)199-6809x905', '2013-11-04 03:39:58', '1976-07-08 08:52:52');
INSERT INTO `organizations` (`id`, `name`, `descriptions`, `city_id`, `adress`, `email`, `phone`, `created_at`, `updated_at`) VALUES ('76', 'Corwin, Kuvalis and Wolf', 'Ipsum necessitatibus aut iusto et tempore. Maxime hic cumque blanditiis dolore praesentium illo. Hic ut facere explicabo ex voluptate aliquam.', '76', '1245 Ana Parkway', 'branson.bauch@example.net', '846.328.0350', '1992-12-04 12:59:46', '1997-03-02 09:34:17');
INSERT INTO `organizations` (`id`, `name`, `descriptions`, `city_id`, `adress`, `email`, `phone`, `created_at`, `updated_at`) VALUES ('77', 'Streich LLC', 'Temporibus itaque nobis id odio a et excepturi ipsa. Quae rem non vel omnis molestias necessitatibus. Suscipit rem ut alias earum. Qui quia exercitationem soluta libero. Praesentium quae dolores velit dolores.', '77', '50359 Olson Drive', 'rolfson.leatha@example.com', '(491)813-9989', '1978-03-02 15:56:44', '1976-07-03 17:34:13');
INSERT INTO `organizations` (`id`, `name`, `descriptions`, `city_id`, `adress`, `email`, `phone`, `created_at`, `updated_at`) VALUES ('78', 'Gleason, Gottlieb and Abbott', 'Nihil excepturi reprehenderit porro provident animi voluptates neque similique. Doloribus illo nihil labore ipsum. Quod exercitationem sunt aliquam velit provident et deleniti. Aut eos unde molestiae est consequatur.', '78', '6083 Labadie Coves Apt. 659', 'maybell.reynolds@example.net', '1-236-246-6648x684', '2002-08-06 00:45:32', '1975-09-14 01:49:04');
INSERT INTO `organizations` (`id`, `name`, `descriptions`, `city_id`, `adress`, `email`, `phone`, `created_at`, `updated_at`) VALUES ('79', 'Bins, Treutel and Runte', 'Enim et iusto aut et. Iure enim illum a hic nihil nostrum molestiae repellendus. Et numquam dolor magnam facilis ratione voluptates unde. Nihil fuga vero est.', '79', '592 Jackeline Cliff', 'dare.friedrich@example.com', '+67(6)3519734407', '2001-02-28 22:21:45', '1994-11-20 23:04:00');
INSERT INTO `organizations` (`id`, `name`, `descriptions`, `city_id`, `adress`, `email`, `phone`, `created_at`, `updated_at`) VALUES ('80', 'Stracke LLC', 'Vel tempore eos sed quibusdam. Rerum laboriosam laborum et. Perferendis sequi est exercitationem qui ut ut dolores eaque. Veritatis cupiditate qui quibusdam quidem ut.', '80', '596 Shyann Hills', 'cathy17@example.org', '974.513.7810', '1980-02-14 22:23:30', '1976-05-17 19:31:07');
INSERT INTO `organizations` (`id`, `name`, `descriptions`, `city_id`, `adress`, `email`, `phone`, `created_at`, `updated_at`) VALUES ('81', 'Huels and Sons', 'Omnis rerum cumque aut quas accusamus adipisci ratione neque. Ipsa aperiam iusto rerum aperiam repellat. Aut dolor doloribus qui consectetur molestiae sit ut facere. Quia velit itaque veritatis facilis dolorem.', '81', '97914 Robin Overpass Suite 433', 'rachael64@example.org', '(782)654-6718', '2006-12-28 13:46:12', '1986-01-02 23:59:18');
INSERT INTO `organizations` (`id`, `name`, `descriptions`, `city_id`, `adress`, `email`, `phone`, `created_at`, `updated_at`) VALUES ('82', 'Hirthe-King', 'Nihil minima id enim voluptas qui mollitia. Error hic optio expedita ut sunt et magnam. Et porro voluptatem fugit aut enim quod iure vitae. Quo nihil eaque perferendis quasi magni omnis fugit. Aut mollitia aut temporibus odit sed vel sit.', '82', '8112 Bednar Garden', 'noble.jacobson@example.net', '(410)425-1881x201', '1990-03-25 23:01:57', '2016-05-18 13:24:23');
INSERT INTO `organizations` (`id`, `name`, `descriptions`, `city_id`, `adress`, `email`, `phone`, `created_at`, `updated_at`) VALUES ('83', 'DuBuque Inc', 'Occaecati qui cumque voluptates expedita provident ut. Totam facilis est consequatur ut officiis corrupti repudiandae. Autem non voluptas perspiciatis voluptatem impedit. Occaecati nostrum enim doloribus est quod.', '83', '43550 Erdman Pine Suite 309', 'swaniawski.kara@example.com', '01449383000', '2004-06-03 02:37:56', '1977-06-20 19:05:57');
INSERT INTO `organizations` (`id`, `name`, `descriptions`, `city_id`, `adress`, `email`, `phone`, `created_at`, `updated_at`) VALUES ('84', 'Crooks-Kautzer', 'Enim minus fuga voluptatibus quo dignissimos quae. Molestiae non et ut culpa doloribus maxime qui. Expedita magnam magnam qui dolorem ratione minima ipsam consequatur. Laboriosam reiciendis vel ea omnis ut quod delectus. Dolor nesciunt voluptatem a vitae mollitia.', '84', '38510 Farrell Motorway Apt. 517', 'lester.murray@example.org', '(941)821-1676x71296', '1985-06-26 12:40:12', '1999-02-02 10:54:55');
INSERT INTO `organizations` (`id`, `name`, `descriptions`, `city_id`, `adress`, `email`, `phone`, `created_at`, `updated_at`) VALUES ('85', 'Heller and Sons', 'Libero aut et tenetur quo sint. Eos ex soluta porro quia distinctio dolores libero. Odio odio vel dolor exercitationem ipsum eaque et.', '85', '217 Weber Circles Apt. 202', 'lskiles@example.net', '1-627-759-6385', '1992-03-04 03:04:45', '1991-11-11 01:49:48');
INSERT INTO `organizations` (`id`, `name`, `descriptions`, `city_id`, `adress`, `email`, `phone`, `created_at`, `updated_at`) VALUES ('86', 'Runolfsdottir-Waelchi', 'Aut error eaque tempora. Velit voluptate autem ipsam quidem fugit pariatur est. Ea ducimus voluptas asperiores voluptas porro error est. In corrupti commodi voluptatem suscipit.', '86', '85116 Cummerata Meadows', 'conn.sydnee@example.com', '1-361-470-2887', '1984-04-09 04:16:58', '1971-05-27 21:07:20');
INSERT INTO `organizations` (`id`, `name`, `descriptions`, `city_id`, `adress`, `email`, `phone`, `created_at`, `updated_at`) VALUES ('87', 'Rippin, McClure and Jast', 'Sed quod nihil dolores vero rem. Ut molestiae ut ullam qui aperiam eum. Iusto tempore tenetur aut eos est eveniet voluptatem earum.', '87', '452 O\'Reilly Lodge Suite 832', 'ernser.blair@example.com', '227.708.9734x34286', '1973-09-19 15:05:21', '1980-10-16 02:07:48');
INSERT INTO `organizations` (`id`, `name`, `descriptions`, `city_id`, `adress`, `email`, `phone`, `created_at`, `updated_at`) VALUES ('88', 'Raynor-Prosacco', 'Recusandae cum hic dicta consequatur recusandae. Officiis tenetur ipsa inventore sit eum. Velit harum accusantium illo eos. Ducimus labore qui eos facilis autem deserunt. Earum adipisci sapiente pariatur aliquam nemo unde.', '88', '2081 Deven Lane Apt. 951', 'waelchi.lavonne@example.net', '449-645-9203', '1998-07-31 11:24:55', '1987-10-28 14:27:58');
INSERT INTO `organizations` (`id`, `name`, `descriptions`, `city_id`, `adress`, `email`, `phone`, `created_at`, `updated_at`) VALUES ('89', 'Wolff-Prosacco', 'Ut exercitationem non aut ab voluptatem minima. Expedita maxime aut dolorem itaque quibusdam ut aliquid libero. Voluptas delectus et nesciunt perferendis odit. Minima et accusamus beatae odio ex voluptas.', '89', '8409 Weimann Freeway', 'hertha.white@example.com', '(605)470-1448', '1979-02-17 08:36:14', '2017-12-18 05:16:07');
INSERT INTO `organizations` (`id`, `name`, `descriptions`, `city_id`, `adress`, `email`, `phone`, `created_at`, `updated_at`) VALUES ('90', 'Bartell, Hilpert and Kutch', 'Illum doloribus totam voluptas sit. Aut dolorum ad adipisci voluptas animi mollitia neque. Molestiae dolorem dolores asperiores saepe veniam cumque corporis. Cumque ipsam alias ipsum consequatur totam.', '90', '8646 Labadie Extensions Apt. 355', 'celine00@example.com', '667.608.2579x76959', '1985-03-12 11:11:59', '1999-10-23 06:46:10');
INSERT INTO `organizations` (`id`, `name`, `descriptions`, `city_id`, `adress`, `email`, `phone`, `created_at`, `updated_at`) VALUES ('91', 'Abernathy LLC', 'Sint culpa totam dolorum consequatur. Quis quos nam sit beatae laudantium. Aut aspernatur ut consequatur velit.', '91', '90494 Beatty Hill', 'schowalter.isaias@example.com', '229.923.1091x44358', '1993-09-10 20:56:51', '2008-02-29 01:08:11');
INSERT INTO `organizations` (`id`, `name`, `descriptions`, `city_id`, `adress`, `email`, `phone`, `created_at`, `updated_at`) VALUES ('92', 'Zieme, Tromp and Prosacco', 'Ut et quo ut minima. Quo delectus nam eius.', '92', '8747 Waelchi Trail Suite 114', 'aswift@example.net', '1-744-970-2864x7527', '1972-09-20 08:08:28', '1994-04-06 01:21:29');
INSERT INTO `organizations` (`id`, `name`, `descriptions`, `city_id`, `adress`, `email`, `phone`, `created_at`, `updated_at`) VALUES ('93', 'Bechtelar Group', 'Dolorem sunt autem aspernatur nulla consequatur quae eius. Quo qui et in necessitatibus quae. Aspernatur consectetur est qui voluptatem hic.', '93', '335 Schulist Neck Apt. 894', 'muller.jerrold@example.net', '334-356-6262x510', '2012-02-18 23:13:54', '2016-09-18 06:04:27');
INSERT INTO `organizations` (`id`, `name`, `descriptions`, `city_id`, `adress`, `email`, `phone`, `created_at`, `updated_at`) VALUES ('94', 'Connelly Group', 'Architecto ut in dolores porro consequatur. Vel enim aut aspernatur sed illo itaque. Voluptatibus voluptates perferendis ut quia labore.', '94', '525 Jacobi Prairie Apt. 211', 'flatley.sammy@example.com', '(055)172-5726x085', '2007-10-24 17:48:41', '2010-07-31 12:51:14');
INSERT INTO `organizations` (`id`, `name`, `descriptions`, `city_id`, `adress`, `email`, `phone`, `created_at`, `updated_at`) VALUES ('95', 'Medhurst and Sons', 'Distinctio facere non ullam commodi. Sit omnis sed aliquid cum. Repellendus qui repellat neque alias eius ab. Necessitatibus adipisci ipsum molestiae dolores laudantium eaque explicabo.', '95', '1688 Quigley Corners Apt. 149', 'jaskolski.alek@example.net', '+27(1)3726563367', '2000-02-19 10:50:20', '2019-07-28 08:51:09');
INSERT INTO `organizations` (`id`, `name`, `descriptions`, `city_id`, `adress`, `email`, `phone`, `created_at`, `updated_at`) VALUES ('96', 'Kunze-McDermott', 'Qui impedit amet libero culpa assumenda a consequatur voluptas. Architecto sint labore consequuntur nulla deleniti alias. Autem aut cupiditate sit nobis.', '96', '18790 Quitzon Mill Apt. 774', 'jermey.zboncak@example.com', '(404)461-6635x434', '1980-10-09 02:21:18', '1973-04-25 20:49:11');
INSERT INTO `organizations` (`id`, `name`, `descriptions`, `city_id`, `adress`, `email`, `phone`, `created_at`, `updated_at`) VALUES ('97', 'Champlin-Effertz', 'Itaque omnis maxime velit deserunt aut ex. Dolor aspernatur eos nulla rem quam. Sint et esse laudantium sint numquam quo provident vitae. Voluptate at et officia saepe.', '97', '512 Amya Forges', 'ashly.reynolds@example.com', '097.911.8988x604', '2001-12-10 20:35:01', '1983-04-18 23:36:36');
INSERT INTO `organizations` (`id`, `name`, `descriptions`, `city_id`, `adress`, `email`, `phone`, `created_at`, `updated_at`) VALUES ('98', 'Crist-Gibson', 'Omnis voluptate voluptatem eum doloribus adipisci quis incidunt corrupti. Quis error facere eum facilis dolorem. Rerum non magni neque architecto quod in. Quae et iusto ut quae.', '98', '99337 Osbaldo Roads', 'kharris@example.org', '674-138-1391', '1999-05-23 18:05:56', '1991-12-05 00:47:12');
INSERT INTO `organizations` (`id`, `name`, `descriptions`, `city_id`, `adress`, `email`, `phone`, `created_at`, `updated_at`) VALUES ('99', 'Mosciski, Ullrich and Mante', 'Commodi odio occaecati sunt dolore aut odit magni rerum. Placeat et quidem illum et doloremque corporis odit incidunt. Tempora dolorem recusandae quo aut et. Dolore optio repudiandae dolor officiis vitae quis atque.', '99', '97491 Streich Streets Apt. 285', 'dameon38@example.net', '686.309.9896', '1972-11-08 03:02:25', '2002-08-11 05:23:35');
INSERT INTO `organizations` (`id`, `name`, `descriptions`, `city_id`, `adress`, `email`, `phone`, `created_at`, `updated_at`) VALUES ('100', 'Hilll-Spencer', 'In aut quas aut ab laborum officiis non. Qui corporis ex doloremque vel quae eligendi. Cupiditate nam pariatur totam delectus nemo aliquid nihil. Quia ut praesentium saepe sit quas reprehenderit. Harum et dicta sit.', '100', '566 Ankunding Square Suite 067', 'ari04@example.net', '+89(2)5065736572', '2011-11-26 09:00:53', '1972-08-18 02:29:21');


INSERT INTO `organizations_emploees` (`org_id`, `emploee_id`, `created_at`, `updated_at`) VALUES ('1', '1', '1981-03-23 18:20:07', '2014-02-22 12:16:24');
INSERT INTO `organizations_emploees` (`org_id`, `emploee_id`, `created_at`, `updated_at`) VALUES ('2', '2', '2002-12-20 08:10:20', '1974-12-25 13:04:50');
INSERT INTO `organizations_emploees` (`org_id`, `emploee_id`, `created_at`, `updated_at`) VALUES ('3', '3', '1975-03-12 20:27:58', '1970-05-21 07:10:35');
INSERT INTO `organizations_emploees` (`org_id`, `emploee_id`, `created_at`, `updated_at`) VALUES ('4', '4', '2006-08-01 02:17:57', '2004-01-15 04:56:48');
INSERT INTO `organizations_emploees` (`org_id`, `emploee_id`, `created_at`, `updated_at`) VALUES ('5', '5', '1989-10-21 06:29:45', '1989-11-21 23:56:04');
INSERT INTO `organizations_emploees` (`org_id`, `emploee_id`, `created_at`, `updated_at`) VALUES ('6', '6', '1999-06-16 16:46:04', '2002-03-27 00:33:12');
INSERT INTO `organizations_emploees` (`org_id`, `emploee_id`, `created_at`, `updated_at`) VALUES ('7', '7', '2000-09-19 02:42:48', '1981-07-10 02:08:31');
INSERT INTO `organizations_emploees` (`org_id`, `emploee_id`, `created_at`, `updated_at`) VALUES ('8', '8', '2003-03-09 01:26:17', '2003-06-01 16:50:08');
INSERT INTO `organizations_emploees` (`org_id`, `emploee_id`, `created_at`, `updated_at`) VALUES ('9', '9', '1975-11-06 04:22:18', '1971-10-13 03:48:29');
INSERT INTO `organizations_emploees` (`org_id`, `emploee_id`, `created_at`, `updated_at`) VALUES ('10', '10', '1999-04-07 01:35:55', '1987-08-25 20:58:46');
INSERT INTO `organizations_emploees` (`org_id`, `emploee_id`, `created_at`, `updated_at`) VALUES ('11', '11', '1973-02-22 12:17:53', '1987-04-16 17:21:43');
INSERT INTO `organizations_emploees` (`org_id`, `emploee_id`, `created_at`, `updated_at`) VALUES ('12', '12', '1996-12-02 09:07:30', '2013-03-27 03:17:19');
INSERT INTO `organizations_emploees` (`org_id`, `emploee_id`, `created_at`, `updated_at`) VALUES ('13', '13', '2020-05-28 23:25:47', '1988-06-17 12:08:16');
INSERT INTO `organizations_emploees` (`org_id`, `emploee_id`, `created_at`, `updated_at`) VALUES ('14', '14', '2013-08-11 02:22:42', '2016-01-17 22:12:36');
INSERT INTO `organizations_emploees` (`org_id`, `emploee_id`, `created_at`, `updated_at`) VALUES ('15', '15', '2018-08-25 10:12:44', '1988-07-01 10:59:29');
INSERT INTO `organizations_emploees` (`org_id`, `emploee_id`, `created_at`, `updated_at`) VALUES ('16', '16', '2002-01-14 12:20:17', '1982-12-16 00:03:20');
INSERT INTO `organizations_emploees` (`org_id`, `emploee_id`, `created_at`, `updated_at`) VALUES ('17', '17', '2010-02-25 09:28:36', '1995-11-20 20:43:36');
INSERT INTO `organizations_emploees` (`org_id`, `emploee_id`, `created_at`, `updated_at`) VALUES ('18', '18', '1996-05-01 16:00:59', '2003-11-24 11:07:13');
INSERT INTO `organizations_emploees` (`org_id`, `emploee_id`, `created_at`, `updated_at`) VALUES ('19', '19', '1972-10-29 05:49:36', '2011-11-21 13:00:05');
INSERT INTO `organizations_emploees` (`org_id`, `emploee_id`, `created_at`, `updated_at`) VALUES ('20', '20', '1995-07-14 00:04:44', '1976-06-02 10:19:06');
INSERT INTO `organizations_emploees` (`org_id`, `emploee_id`, `created_at`, `updated_at`) VALUES ('21', '21', '2003-06-05 20:23:38', '2005-03-24 02:32:02');
INSERT INTO `organizations_emploees` (`org_id`, `emploee_id`, `created_at`, `updated_at`) VALUES ('22', '22', '2011-06-08 05:26:29', '1993-03-13 09:47:04');
INSERT INTO `organizations_emploees` (`org_id`, `emploee_id`, `created_at`, `updated_at`) VALUES ('23', '23', '2009-06-26 07:25:09', '1982-11-05 00:10:43');
INSERT INTO `organizations_emploees` (`org_id`, `emploee_id`, `created_at`, `updated_at`) VALUES ('24', '24', '2017-12-03 11:07:07', '2011-09-12 06:01:06');
INSERT INTO `organizations_emploees` (`org_id`, `emploee_id`, `created_at`, `updated_at`) VALUES ('25', '25', '2007-08-09 06:35:45', '2014-09-04 10:54:58');
INSERT INTO `organizations_emploees` (`org_id`, `emploee_id`, `created_at`, `updated_at`) VALUES ('26', '26', '1991-03-16 20:54:55', '1985-06-06 11:12:26');
INSERT INTO `organizations_emploees` (`org_id`, `emploee_id`, `created_at`, `updated_at`) VALUES ('27', '27', '1972-10-20 15:16:47', '1982-10-09 04:40:13');
INSERT INTO `organizations_emploees` (`org_id`, `emploee_id`, `created_at`, `updated_at`) VALUES ('28', '28', '2004-02-18 01:29:28', '2012-04-08 00:56:15');
INSERT INTO `organizations_emploees` (`org_id`, `emploee_id`, `created_at`, `updated_at`) VALUES ('29', '29', '1978-06-20 07:05:22', '2018-08-03 22:20:03');
INSERT INTO `organizations_emploees` (`org_id`, `emploee_id`, `created_at`, `updated_at`) VALUES ('30', '30', '2013-10-30 12:13:39', '1998-05-28 11:08:17');
INSERT INTO `organizations_emploees` (`org_id`, `emploee_id`, `created_at`, `updated_at`) VALUES ('31', '31', '2011-01-18 11:43:00', '1976-04-23 08:20:09');
INSERT INTO `organizations_emploees` (`org_id`, `emploee_id`, `created_at`, `updated_at`) VALUES ('32', '32', '1974-11-05 22:04:04', '2010-09-09 18:39:38');
INSERT INTO `organizations_emploees` (`org_id`, `emploee_id`, `created_at`, `updated_at`) VALUES ('33', '33', '2020-07-13 04:13:09', '1993-06-14 13:24:13');
INSERT INTO `organizations_emploees` (`org_id`, `emploee_id`, `created_at`, `updated_at`) VALUES ('34', '34', '2005-02-23 07:20:24', '2017-10-24 17:07:49');
INSERT INTO `organizations_emploees` (`org_id`, `emploee_id`, `created_at`, `updated_at`) VALUES ('35', '35', '1981-06-26 17:47:55', '1989-03-28 20:05:51');
INSERT INTO `organizations_emploees` (`org_id`, `emploee_id`, `created_at`, `updated_at`) VALUES ('36', '36', '1983-03-13 09:04:15', '1971-08-24 19:37:42');
INSERT INTO `organizations_emploees` (`org_id`, `emploee_id`, `created_at`, `updated_at`) VALUES ('37', '37', '1980-02-18 20:48:48', '2001-01-14 05:04:36');
INSERT INTO `organizations_emploees` (`org_id`, `emploee_id`, `created_at`, `updated_at`) VALUES ('38', '38', '2019-06-13 16:55:45', '1992-05-31 11:38:13');
INSERT INTO `organizations_emploees` (`org_id`, `emploee_id`, `created_at`, `updated_at`) VALUES ('39', '39', '1970-12-11 04:06:43', '2018-01-13 15:23:52');
INSERT INTO `organizations_emploees` (`org_id`, `emploee_id`, `created_at`, `updated_at`) VALUES ('40', '40', '1983-07-31 14:20:38', '1989-10-13 18:45:48');
INSERT INTO `organizations_emploees` (`org_id`, `emploee_id`, `created_at`, `updated_at`) VALUES ('41', '41', '1976-10-18 08:38:31', '2018-05-13 04:16:12');
INSERT INTO `organizations_emploees` (`org_id`, `emploee_id`, `created_at`, `updated_at`) VALUES ('42', '42', '2003-04-22 12:21:41', '1978-10-15 05:32:28');
INSERT INTO `organizations_emploees` (`org_id`, `emploee_id`, `created_at`, `updated_at`) VALUES ('43', '43', '1978-07-29 18:16:03', '2000-04-27 06:54:05');
INSERT INTO `organizations_emploees` (`org_id`, `emploee_id`, `created_at`, `updated_at`) VALUES ('44', '44', '2012-01-30 13:29:22', '1976-01-16 23:56:04');
INSERT INTO `organizations_emploees` (`org_id`, `emploee_id`, `created_at`, `updated_at`) VALUES ('45', '45', '1971-01-05 14:15:16', '2010-06-20 06:58:42');
INSERT INTO `organizations_emploees` (`org_id`, `emploee_id`, `created_at`, `updated_at`) VALUES ('46', '46', '2002-06-13 10:01:02', '1973-05-29 20:47:34');
INSERT INTO `organizations_emploees` (`org_id`, `emploee_id`, `created_at`, `updated_at`) VALUES ('47', '47', '2008-02-24 16:08:03', '1973-03-04 02:24:13');
INSERT INTO `organizations_emploees` (`org_id`, `emploee_id`, `created_at`, `updated_at`) VALUES ('48', '48', '2008-04-08 17:23:59', '1998-06-28 11:40:19');
INSERT INTO `organizations_emploees` (`org_id`, `emploee_id`, `created_at`, `updated_at`) VALUES ('49', '49', '1985-08-11 04:57:08', '1988-09-11 20:56:22');
INSERT INTO `organizations_emploees` (`org_id`, `emploee_id`, `created_at`, `updated_at`) VALUES ('50', '50', '2014-06-27 20:57:17', '2006-11-04 21:21:35');
INSERT INTO `organizations_emploees` (`org_id`, `emploee_id`, `created_at`, `updated_at`) VALUES ('51', '51', '2015-05-28 16:40:35', '1977-09-27 20:26:05');
INSERT INTO `organizations_emploees` (`org_id`, `emploee_id`, `created_at`, `updated_at`) VALUES ('52', '52', '2014-02-11 00:03:08', '2014-11-19 20:40:37');
INSERT INTO `organizations_emploees` (`org_id`, `emploee_id`, `created_at`, `updated_at`) VALUES ('53', '53', '2000-07-15 07:17:34', '2008-10-06 19:32:22');
INSERT INTO `organizations_emploees` (`org_id`, `emploee_id`, `created_at`, `updated_at`) VALUES ('54', '54', '2005-05-14 16:47:48', '2018-07-10 04:13:54');
INSERT INTO `organizations_emploees` (`org_id`, `emploee_id`, `created_at`, `updated_at`) VALUES ('55', '55', '2010-08-13 06:40:03', '1974-02-12 00:41:40');
INSERT INTO `organizations_emploees` (`org_id`, `emploee_id`, `created_at`, `updated_at`) VALUES ('56', '56', '1975-10-18 06:40:38', '2019-02-15 16:31:26');
INSERT INTO `organizations_emploees` (`org_id`, `emploee_id`, `created_at`, `updated_at`) VALUES ('57', '57', '2020-05-08 09:05:01', '1987-04-14 08:43:27');
INSERT INTO `organizations_emploees` (`org_id`, `emploee_id`, `created_at`, `updated_at`) VALUES ('58', '58', '1985-01-04 23:09:43', '2008-02-04 18:23:14');
INSERT INTO `organizations_emploees` (`org_id`, `emploee_id`, `created_at`, `updated_at`) VALUES ('59', '59', '2014-07-31 17:16:12', '1982-07-31 23:53:32');
INSERT INTO `organizations_emploees` (`org_id`, `emploee_id`, `created_at`, `updated_at`) VALUES ('60', '60', '1975-01-03 22:52:29', '2011-06-08 14:43:53');
INSERT INTO `organizations_emploees` (`org_id`, `emploee_id`, `created_at`, `updated_at`) VALUES ('61', '61', '1996-04-05 15:42:05', '2014-05-17 20:23:03');
INSERT INTO `organizations_emploees` (`org_id`, `emploee_id`, `created_at`, `updated_at`) VALUES ('62', '62', '2011-04-28 11:21:44', '2013-08-24 22:47:57');
INSERT INTO `organizations_emploees` (`org_id`, `emploee_id`, `created_at`, `updated_at`) VALUES ('63', '63', '2003-08-03 02:44:44', '1983-02-25 14:07:18');
INSERT INTO `organizations_emploees` (`org_id`, `emploee_id`, `created_at`, `updated_at`) VALUES ('64', '64', '1977-11-07 02:35:40', '2018-09-02 17:24:28');
INSERT INTO `organizations_emploees` (`org_id`, `emploee_id`, `created_at`, `updated_at`) VALUES ('65', '65', '1979-07-16 04:21:09', '2019-03-29 00:08:48');
INSERT INTO `organizations_emploees` (`org_id`, `emploee_id`, `created_at`, `updated_at`) VALUES ('66', '66', '1976-05-28 04:58:50', '1972-01-26 22:28:31');
INSERT INTO `organizations_emploees` (`org_id`, `emploee_id`, `created_at`, `updated_at`) VALUES ('67', '67', '1982-04-28 19:10:11', '1993-10-05 11:24:30');
INSERT INTO `organizations_emploees` (`org_id`, `emploee_id`, `created_at`, `updated_at`) VALUES ('68', '68', '1977-06-01 05:37:26', '2010-01-25 16:43:49');
INSERT INTO `organizations_emploees` (`org_id`, `emploee_id`, `created_at`, `updated_at`) VALUES ('69', '69', '2018-01-12 22:25:50', '1984-11-29 16:03:31');
INSERT INTO `organizations_emploees` (`org_id`, `emploee_id`, `created_at`, `updated_at`) VALUES ('70', '70', '1996-11-12 05:50:40', '1986-04-12 16:39:21');
INSERT INTO `organizations_emploees` (`org_id`, `emploee_id`, `created_at`, `updated_at`) VALUES ('71', '71', '2011-12-15 01:49:23', '2008-10-27 19:52:32');
INSERT INTO `organizations_emploees` (`org_id`, `emploee_id`, `created_at`, `updated_at`) VALUES ('72', '72', '2019-04-01 08:53:56', '2009-01-01 12:27:25');
INSERT INTO `organizations_emploees` (`org_id`, `emploee_id`, `created_at`, `updated_at`) VALUES ('73', '73', '1974-05-21 16:41:38', '2005-01-15 07:14:28');
INSERT INTO `organizations_emploees` (`org_id`, `emploee_id`, `created_at`, `updated_at`) VALUES ('74', '74', '2007-06-26 14:34:48', '2001-08-15 10:35:43');
INSERT INTO `organizations_emploees` (`org_id`, `emploee_id`, `created_at`, `updated_at`) VALUES ('75', '75', '1987-01-14 04:45:27', '2018-05-29 06:17:14');
INSERT INTO `organizations_emploees` (`org_id`, `emploee_id`, `created_at`, `updated_at`) VALUES ('76', '76', '1996-01-14 11:57:34', '2016-11-14 06:41:38');
INSERT INTO `organizations_emploees` (`org_id`, `emploee_id`, `created_at`, `updated_at`) VALUES ('77', '77', '2004-08-17 09:08:08', '2012-09-29 16:03:34');
INSERT INTO `organizations_emploees` (`org_id`, `emploee_id`, `created_at`, `updated_at`) VALUES ('78', '78', '2016-09-02 02:48:28', '1979-04-28 21:16:37');
INSERT INTO `organizations_emploees` (`org_id`, `emploee_id`, `created_at`, `updated_at`) VALUES ('79', '79', '2018-08-26 11:20:43', '2008-05-04 19:42:20');
INSERT INTO `organizations_emploees` (`org_id`, `emploee_id`, `created_at`, `updated_at`) VALUES ('80', '80', '2000-10-08 12:31:46', '1995-01-08 21:50:59');
INSERT INTO `organizations_emploees` (`org_id`, `emploee_id`, `created_at`, `updated_at`) VALUES ('81', '81', '1980-05-17 16:32:21', '1991-01-22 12:39:10');
INSERT INTO `organizations_emploees` (`org_id`, `emploee_id`, `created_at`, `updated_at`) VALUES ('82', '82', '2001-07-18 10:43:08', '1996-11-02 07:52:12');
INSERT INTO `organizations_emploees` (`org_id`, `emploee_id`, `created_at`, `updated_at`) VALUES ('83', '83', '1985-12-14 07:28:22', '2020-09-13 06:26:45');
INSERT INTO `organizations_emploees` (`org_id`, `emploee_id`, `created_at`, `updated_at`) VALUES ('84', '84', '2016-07-30 09:48:11', '2000-06-05 06:14:46');
INSERT INTO `organizations_emploees` (`org_id`, `emploee_id`, `created_at`, `updated_at`) VALUES ('85', '85', '2004-03-03 11:19:18', '1973-08-27 01:59:19');
INSERT INTO `organizations_emploees` (`org_id`, `emploee_id`, `created_at`, `updated_at`) VALUES ('86', '86', '2004-05-11 18:19:39', '1992-04-01 10:14:44');
INSERT INTO `organizations_emploees` (`org_id`, `emploee_id`, `created_at`, `updated_at`) VALUES ('87', '87', '1972-05-11 10:12:53', '1974-03-27 19:26:39');
INSERT INTO `organizations_emploees` (`org_id`, `emploee_id`, `created_at`, `updated_at`) VALUES ('88', '88', '1992-01-04 23:05:50', '1988-11-13 04:13:40');
INSERT INTO `organizations_emploees` (`org_id`, `emploee_id`, `created_at`, `updated_at`) VALUES ('89', '89', '1992-01-24 00:35:03', '1984-07-07 18:05:03');
INSERT INTO `organizations_emploees` (`org_id`, `emploee_id`, `created_at`, `updated_at`) VALUES ('90', '90', '2003-08-12 01:46:42', '2017-07-10 19:10:26');
INSERT INTO `organizations_emploees` (`org_id`, `emploee_id`, `created_at`, `updated_at`) VALUES ('91', '91', '2012-06-18 22:46:22', '1979-03-21 13:54:58');
INSERT INTO `organizations_emploees` (`org_id`, `emploee_id`, `created_at`, `updated_at`) VALUES ('92', '92', '1994-01-05 11:45:01', '2017-04-26 06:47:39');
INSERT INTO `organizations_emploees` (`org_id`, `emploee_id`, `created_at`, `updated_at`) VALUES ('93', '93', '1979-08-12 16:54:04', '2018-12-28 15:08:25');
INSERT INTO `organizations_emploees` (`org_id`, `emploee_id`, `created_at`, `updated_at`) VALUES ('94', '94', '2019-05-24 01:42:23', '1989-08-08 09:07:23');
INSERT INTO `organizations_emploees` (`org_id`, `emploee_id`, `created_at`, `updated_at`) VALUES ('95', '95', '2018-03-21 00:35:16', '2011-01-05 11:08:23');
INSERT INTO `organizations_emploees` (`org_id`, `emploee_id`, `created_at`, `updated_at`) VALUES ('96', '96', '1979-05-29 19:48:44', '1978-07-13 14:02:11');
INSERT INTO `organizations_emploees` (`org_id`, `emploee_id`, `created_at`, `updated_at`) VALUES ('97', '97', '1980-09-29 18:51:38', '1972-05-21 16:01:04');
INSERT INTO `organizations_emploees` (`org_id`, `emploee_id`, `created_at`, `updated_at`) VALUES ('98', '98', '1985-11-17 18:05:26', '1986-05-02 06:13:58');
INSERT INTO `organizations_emploees` (`org_id`, `emploee_id`, `created_at`, `updated_at`) VALUES ('99', '99', '1973-07-19 22:02:16', '2002-05-03 16:38:55');
INSERT INTO `organizations_emploees` (`org_id`, `emploee_id`, `created_at`, `updated_at`) VALUES ('100', '100', '2001-08-11 11:40:38', '1981-07-10 07:39:11');



INSERT INTO `contacts` (`emploee_id`, `contact_id`, `state`, `requested_at`, `accepted_at`, `created_at`, `updated_at`) VALUES ('1', '1', 'accepted', '2006-07-15 22:03:39', '1978-08-14 23:42:56', '1996-09-12 15:43:46', '1982-07-06 02:29:54');
INSERT INTO `contacts` (`emploee_id`, `contact_id`, `state`, `requested_at`, `accepted_at`, `created_at`, `updated_at`) VALUES ('2', '2', 'waited', '2003-09-15 00:22:24', '2013-08-30 07:54:29', '1970-04-04 13:29:48', '1976-03-07 01:19:41');
INSERT INTO `contacts` (`emploee_id`, `contact_id`, `state`, `requested_at`, `accepted_at`, `created_at`, `updated_at`) VALUES ('3', '3', 'declined', '2004-07-19 20:12:35', '2017-09-24 15:13:44', '1974-05-10 16:55:18', '1997-07-31 05:45:55');
INSERT INTO `contacts` (`emploee_id`, `contact_id`, `state`, `requested_at`, `accepted_at`, `created_at`, `updated_at`) VALUES ('4', '4', 'accepted', '1993-03-01 17:00:11', '1995-09-26 05:31:50', '1982-08-29 16:17:57', '1984-01-09 21:41:58');
INSERT INTO `contacts` (`emploee_id`, `contact_id`, `state`, `requested_at`, `accepted_at`, `created_at`, `updated_at`) VALUES ('5', '5', 'waited', '2006-10-21 00:22:50', '2000-01-02 09:12:19', '2005-08-20 01:27:05', '1976-12-14 11:24:11');
INSERT INTO `contacts` (`emploee_id`, `contact_id`, `state`, `requested_at`, `accepted_at`, `created_at`, `updated_at`) VALUES ('6', '6', 'waited', '1997-05-14 21:46:53', '1989-02-13 22:24:45', '2013-12-07 11:04:33', '1996-06-28 20:11:42');
INSERT INTO `contacts` (`emploee_id`, `contact_id`, `state`, `requested_at`, `accepted_at`, `created_at`, `updated_at`) VALUES ('7', '7', 'declined', '1987-09-25 19:49:52', '2011-11-22 15:27:52', '1984-12-03 09:41:50', '1981-08-28 04:19:48');
INSERT INTO `contacts` (`emploee_id`, `contact_id`, `state`, `requested_at`, `accepted_at`, `created_at`, `updated_at`) VALUES ('8', '8', 'accepted', '2020-02-29 06:51:40', '1989-09-27 07:12:02', '1993-03-01 12:53:15', '1989-08-29 21:13:52');
INSERT INTO `contacts` (`emploee_id`, `contact_id`, `state`, `requested_at`, `accepted_at`, `created_at`, `updated_at`) VALUES ('9', '9', 'declined', '2000-10-22 02:05:29', '2003-06-16 08:10:41', '2005-07-16 19:15:51', '1971-12-15 18:45:51');
INSERT INTO `contacts` (`emploee_id`, `contact_id`, `state`, `requested_at`, `accepted_at`, `created_at`, `updated_at`) VALUES ('10', '10', 'waited', '2018-10-27 02:35:41', '1974-05-06 20:10:09', '1994-06-25 03:58:51', '1987-02-24 15:14:23');
INSERT INTO `contacts` (`emploee_id`, `contact_id`, `state`, `requested_at`, `accepted_at`, `created_at`, `updated_at`) VALUES ('11', '11', 'declined', '1987-09-17 12:11:11', '1991-03-03 20:32:48', '1987-11-20 11:57:54', '2012-05-30 13:09:46');
INSERT INTO `contacts` (`emploee_id`, `contact_id`, `state`, `requested_at`, `accepted_at`, `created_at`, `updated_at`) VALUES ('12', '12', 'accepted', '2018-06-18 20:05:40', '2015-06-06 20:47:06', '2008-08-05 18:52:12', '1987-05-29 18:48:10');
INSERT INTO `contacts` (`emploee_id`, `contact_id`, `state`, `requested_at`, `accepted_at`, `created_at`, `updated_at`) VALUES ('13', '13', 'waited', '1990-07-15 03:11:32', '2016-06-29 10:02:27', '1978-07-06 00:05:45', '2020-06-06 15:30:06');
INSERT INTO `contacts` (`emploee_id`, `contact_id`, `state`, `requested_at`, `accepted_at`, `created_at`, `updated_at`) VALUES ('14', '14', 'accepted', '2005-03-20 14:37:50', '2007-10-07 03:54:43', '1996-03-02 09:21:19', '1987-01-18 16:09:49');
INSERT INTO `contacts` (`emploee_id`, `contact_id`, `state`, `requested_at`, `accepted_at`, `created_at`, `updated_at`) VALUES ('15', '15', 'accepted', '1983-08-27 12:52:31', '1994-07-17 19:27:20', '1971-01-15 04:49:09', '1991-04-26 15:36:00');
INSERT INTO `contacts` (`emploee_id`, `contact_id`, `state`, `requested_at`, `accepted_at`, `created_at`, `updated_at`) VALUES ('16', '16', 'waited', '2005-12-11 07:09:01', '1998-06-19 20:58:50', '1984-03-20 20:37:55', '2013-02-23 04:34:54');
INSERT INTO `contacts` (`emploee_id`, `contact_id`, `state`, `requested_at`, `accepted_at`, `created_at`, `updated_at`) VALUES ('17', '17', 'accepted', '1991-10-27 03:12:25', '2002-07-03 03:03:00', '1973-04-17 05:52:48', '1978-01-12 18:53:58');
INSERT INTO `contacts` (`emploee_id`, `contact_id`, `state`, `requested_at`, `accepted_at`, `created_at`, `updated_at`) VALUES ('18', '18', 'declined', '2019-09-05 10:32:24', '1975-03-29 05:38:43', '1989-02-11 11:00:46', '2018-11-09 11:30:46');
INSERT INTO `contacts` (`emploee_id`, `contact_id`, `state`, `requested_at`, `accepted_at`, `created_at`, `updated_at`) VALUES ('19', '19', 'waited', '1992-05-16 21:26:42', '1976-06-07 02:11:22', '1990-04-29 07:38:58', '1994-10-19 00:40:36');
INSERT INTO `contacts` (`emploee_id`, `contact_id`, `state`, `requested_at`, `accepted_at`, `created_at`, `updated_at`) VALUES ('20', '20', 'accepted', '1994-01-23 17:56:57', '2015-08-19 12:26:48', '1983-02-21 02:16:52', '1984-07-19 03:49:28');
INSERT INTO `contacts` (`emploee_id`, `contact_id`, `state`, `requested_at`, `accepted_at`, `created_at`, `updated_at`) VALUES ('21', '21', 'declined', '1975-11-02 11:49:49', '1994-11-18 10:11:28', '2007-06-24 21:05:51', '2012-10-06 07:01:16');
INSERT INTO `contacts` (`emploee_id`, `contact_id`, `state`, `requested_at`, `accepted_at`, `created_at`, `updated_at`) VALUES ('22', '22', 'accepted', '1971-01-01 19:52:50', '1990-04-23 22:01:43', '1976-06-04 08:31:41', '1972-07-09 03:30:34');
INSERT INTO `contacts` (`emploee_id`, `contact_id`, `state`, `requested_at`, `accepted_at`, `created_at`, `updated_at`) VALUES ('23', '23', 'waited', '2017-11-12 18:33:46', '2012-05-29 02:43:08', '2006-04-02 23:42:24', '2000-06-18 19:16:14');
INSERT INTO `contacts` (`emploee_id`, `contact_id`, `state`, `requested_at`, `accepted_at`, `created_at`, `updated_at`) VALUES ('24', '24', 'accepted', '1982-11-07 15:41:17', '2018-01-05 05:15:56', '2005-08-23 05:27:06', '1991-12-26 23:33:03');
INSERT INTO `contacts` (`emploee_id`, `contact_id`, `state`, `requested_at`, `accepted_at`, `created_at`, `updated_at`) VALUES ('25', '25', 'accepted', '1985-04-20 00:04:04', '2007-04-24 23:02:30', '2019-02-25 20:55:34', '2019-03-11 07:25:40');
INSERT INTO `contacts` (`emploee_id`, `contact_id`, `state`, `requested_at`, `accepted_at`, `created_at`, `updated_at`) VALUES ('26', '26', 'accepted', '2002-07-13 14:17:34', '1971-04-28 21:12:48', '2009-02-10 15:02:01', '1970-07-27 10:16:14');
INSERT INTO `contacts` (`emploee_id`, `contact_id`, `state`, `requested_at`, `accepted_at`, `created_at`, `updated_at`) VALUES ('27', '27', 'accepted', '2014-09-20 22:35:28', '1996-08-10 04:32:24', '2018-06-29 02:32:04', '2007-02-12 19:09:00');
INSERT INTO `contacts` (`emploee_id`, `contact_id`, `state`, `requested_at`, `accepted_at`, `created_at`, `updated_at`) VALUES ('28', '28', 'waited', '1991-10-20 21:45:02', '2008-08-05 15:46:31', '2005-06-09 15:34:37', '1978-12-04 03:07:21');
INSERT INTO `contacts` (`emploee_id`, `contact_id`, `state`, `requested_at`, `accepted_at`, `created_at`, `updated_at`) VALUES ('29', '29', 'accepted', '2007-05-28 00:20:10', '1993-05-27 19:59:51', '1983-09-10 11:18:47', '2008-04-17 05:28:06');
INSERT INTO `contacts` (`emploee_id`, `contact_id`, `state`, `requested_at`, `accepted_at`, `created_at`, `updated_at`) VALUES ('30', '30', 'waited', '2014-05-15 02:34:05', '1982-03-15 09:38:15', '2004-10-25 07:41:17', '1991-07-06 05:49:01');
INSERT INTO `contacts` (`emploee_id`, `contact_id`, `state`, `requested_at`, `accepted_at`, `created_at`, `updated_at`) VALUES ('31', '31', 'accepted', '1977-08-04 10:43:22', '2020-01-22 09:28:09', '2006-11-28 03:03:22', '1970-07-17 07:03:35');
INSERT INTO `contacts` (`emploee_id`, `contact_id`, `state`, `requested_at`, `accepted_at`, `created_at`, `updated_at`) VALUES ('32', '32', 'accepted', '2011-07-16 14:40:43', '1989-09-09 14:43:36', '1992-02-07 12:50:07', '1988-08-31 01:09:37');
INSERT INTO `contacts` (`emploee_id`, `contact_id`, `state`, `requested_at`, `accepted_at`, `created_at`, `updated_at`) VALUES ('33', '33', 'declined', '2007-12-05 07:20:09', '1982-02-03 11:59:41', '1996-05-27 01:20:56', '1975-07-19 03:00:11');
INSERT INTO `contacts` (`emploee_id`, `contact_id`, `state`, `requested_at`, `accepted_at`, `created_at`, `updated_at`) VALUES ('34', '34', 'waited', '1992-10-29 11:09:52', '1979-12-11 19:01:48', '2002-11-17 07:24:40', '2008-04-02 10:30:23');
INSERT INTO `contacts` (`emploee_id`, `contact_id`, `state`, `requested_at`, `accepted_at`, `created_at`, `updated_at`) VALUES ('35', '35', 'waited', '1984-01-14 04:30:23', '2016-09-03 06:01:48', '2015-07-28 03:05:51', '1984-10-28 03:56:44');
INSERT INTO `contacts` (`emploee_id`, `contact_id`, `state`, `requested_at`, `accepted_at`, `created_at`, `updated_at`) VALUES ('36', '36', 'waited', '2013-01-11 08:57:30', '1989-12-06 19:21:39', '2015-10-30 22:12:26', '1987-10-04 00:27:39');
INSERT INTO `contacts` (`emploee_id`, `contact_id`, `state`, `requested_at`, `accepted_at`, `created_at`, `updated_at`) VALUES ('37', '37', 'declined', '2013-10-30 12:44:02', '1982-07-16 07:01:16', '2018-06-02 21:52:11', '1991-11-16 11:45:12');
INSERT INTO `contacts` (`emploee_id`, `contact_id`, `state`, `requested_at`, `accepted_at`, `created_at`, `updated_at`) VALUES ('38', '38', 'waited', '2011-06-06 09:38:45', '1999-02-08 17:29:41', '1990-11-21 13:57:26', '2004-01-22 23:32:34');
INSERT INTO `contacts` (`emploee_id`, `contact_id`, `state`, `requested_at`, `accepted_at`, `created_at`, `updated_at`) VALUES ('39', '39', 'waited', '1981-01-22 06:38:04', '1982-08-22 06:18:56', '1998-04-10 15:27:04', '1988-12-05 21:56:46');
INSERT INTO `contacts` (`emploee_id`, `contact_id`, `state`, `requested_at`, `accepted_at`, `created_at`, `updated_at`) VALUES ('40', '40', 'waited', '2003-09-16 01:25:16', '1983-01-07 10:32:19', '2019-08-26 18:26:37', '1985-11-24 14:21:13');
INSERT INTO `contacts` (`emploee_id`, `contact_id`, `state`, `requested_at`, `accepted_at`, `created_at`, `updated_at`) VALUES ('41', '41', 'accepted', '2018-08-17 21:44:39', '1988-09-21 02:11:44', '1998-03-07 12:40:26', '1976-12-20 04:16:00');
INSERT INTO `contacts` (`emploee_id`, `contact_id`, `state`, `requested_at`, `accepted_at`, `created_at`, `updated_at`) VALUES ('42', '42', 'waited', '1975-12-27 03:50:45', '2020-06-06 09:32:42', '2010-10-03 20:19:54', '2000-11-19 08:07:09');
INSERT INTO `contacts` (`emploee_id`, `contact_id`, `state`, `requested_at`, `accepted_at`, `created_at`, `updated_at`) VALUES ('43', '43', 'declined', '1979-09-26 09:57:03', '1973-10-14 22:24:34', '2018-08-13 14:49:16', '1973-12-04 19:41:21');
INSERT INTO `contacts` (`emploee_id`, `contact_id`, `state`, `requested_at`, `accepted_at`, `created_at`, `updated_at`) VALUES ('44', '44', 'accepted', '1999-04-10 10:03:02', '2004-03-31 07:09:15', '1981-02-15 09:30:17', '1976-10-18 02:09:16');
INSERT INTO `contacts` (`emploee_id`, `contact_id`, `state`, `requested_at`, `accepted_at`, `created_at`, `updated_at`) VALUES ('45', '45', 'declined', '1999-01-08 20:48:43', '1982-09-19 04:18:54', '2006-01-18 02:40:32', '1989-08-23 23:08:42');
INSERT INTO `contacts` (`emploee_id`, `contact_id`, `state`, `requested_at`, `accepted_at`, `created_at`, `updated_at`) VALUES ('46', '46', 'waited', '1977-04-09 06:12:40', '1973-12-05 10:53:41', '1987-05-13 18:36:02', '2012-09-05 12:51:28');
INSERT INTO `contacts` (`emploee_id`, `contact_id`, `state`, `requested_at`, `accepted_at`, `created_at`, `updated_at`) VALUES ('47', '47', 'accepted', '1983-04-29 07:56:45', '1995-09-23 20:03:17', '2006-06-23 22:16:15', '1970-08-24 10:44:40');
INSERT INTO `contacts` (`emploee_id`, `contact_id`, `state`, `requested_at`, `accepted_at`, `created_at`, `updated_at`) VALUES ('48', '48', 'accepted', '2017-03-16 22:40:04', '1977-10-16 00:39:09', '1986-09-30 04:33:00', '1976-07-01 15:51:31');
INSERT INTO `contacts` (`emploee_id`, `contact_id`, `state`, `requested_at`, `accepted_at`, `created_at`, `updated_at`) VALUES ('49', '49', 'waited', '2003-07-27 23:28:37', '1971-05-29 19:58:25', '1982-07-01 00:31:03', '1970-05-04 16:10:44');
INSERT INTO `contacts` (`emploee_id`, `contact_id`, `state`, `requested_at`, `accepted_at`, `created_at`, `updated_at`) VALUES ('50', '50', 'waited', '2001-04-07 19:49:19', '2000-04-06 11:20:12', '1985-06-13 18:07:37', '1973-09-23 14:37:53');
INSERT INTO `contacts` (`emploee_id`, `contact_id`, `state`, `requested_at`, `accepted_at`, `created_at`, `updated_at`) VALUES ('51', '51', 'waited', '2016-06-27 11:43:57', '1979-08-03 19:48:27', '2006-07-06 21:43:53', '2003-10-28 11:00:07');
INSERT INTO `contacts` (`emploee_id`, `contact_id`, `state`, `requested_at`, `accepted_at`, `created_at`, `updated_at`) VALUES ('52', '52', 'waited', '1973-01-13 04:57:45', '2016-05-22 10:36:57', '2016-12-07 22:32:49', '2001-08-13 03:23:09');
INSERT INTO `contacts` (`emploee_id`, `contact_id`, `state`, `requested_at`, `accepted_at`, `created_at`, `updated_at`) VALUES ('53', '53', 'declined', '2019-10-10 10:34:03', '2012-03-07 10:53:42', '2015-01-24 11:33:42', '2005-10-21 00:47:48');
INSERT INTO `contacts` (`emploee_id`, `contact_id`, `state`, `requested_at`, `accepted_at`, `created_at`, `updated_at`) VALUES ('54', '54', 'declined', '2000-02-18 10:41:09', '2002-06-18 05:03:31', '1997-06-27 00:23:11', '2010-07-26 04:23:16');
INSERT INTO `contacts` (`emploee_id`, `contact_id`, `state`, `requested_at`, `accepted_at`, `created_at`, `updated_at`) VALUES ('55', '55', 'accepted', '1997-04-23 18:20:59', '1989-06-01 10:18:00', '2002-02-14 23:28:20', '1981-10-22 06:03:45');
INSERT INTO `contacts` (`emploee_id`, `contact_id`, `state`, `requested_at`, `accepted_at`, `created_at`, `updated_at`) VALUES ('56', '56', 'declined', '1975-10-24 05:41:35', '2003-09-16 21:48:01', '1999-12-31 11:53:39', '2008-12-12 13:38:16');
INSERT INTO `contacts` (`emploee_id`, `contact_id`, `state`, `requested_at`, `accepted_at`, `created_at`, `updated_at`) VALUES ('57', '57', 'accepted', '1980-10-22 14:59:30', '1987-05-25 10:59:53', '1999-07-06 16:39:35', '1996-09-11 05:47:55');
INSERT INTO `contacts` (`emploee_id`, `contact_id`, `state`, `requested_at`, `accepted_at`, `created_at`, `updated_at`) VALUES ('58', '58', 'declined', '2007-01-10 09:30:02', '2018-12-08 12:47:10', '1982-09-17 20:13:19', '1990-03-28 14:34:38');
INSERT INTO `contacts` (`emploee_id`, `contact_id`, `state`, `requested_at`, `accepted_at`, `created_at`, `updated_at`) VALUES ('59', '59', 'waited', '1999-04-25 05:57:28', '1998-09-12 18:45:37', '1996-12-01 13:24:43', '1988-03-13 00:05:31');
INSERT INTO `contacts` (`emploee_id`, `contact_id`, `state`, `requested_at`, `accepted_at`, `created_at`, `updated_at`) VALUES ('60', '60', 'accepted', '2012-07-20 15:30:58', '2012-10-18 08:54:35', '1987-09-20 04:52:01', '2000-08-16 04:40:35');
INSERT INTO `contacts` (`emploee_id`, `contact_id`, `state`, `requested_at`, `accepted_at`, `created_at`, `updated_at`) VALUES ('61', '61', 'waited', '2008-10-30 03:39:03', '1993-10-18 07:24:18', '1996-11-27 18:35:09', '1994-05-15 03:36:20');
INSERT INTO `contacts` (`emploee_id`, `contact_id`, `state`, `requested_at`, `accepted_at`, `created_at`, `updated_at`) VALUES ('62', '62', 'declined', '2010-03-08 15:35:58', '2012-01-13 19:47:05', '1975-10-29 07:16:55', '1998-11-07 14:29:39');
INSERT INTO `contacts` (`emploee_id`, `contact_id`, `state`, `requested_at`, `accepted_at`, `created_at`, `updated_at`) VALUES ('63', '63', 'accepted', '1976-10-24 13:54:40', '1986-08-21 13:30:49', '1994-05-04 01:52:22', '2010-10-07 07:47:05');
INSERT INTO `contacts` (`emploee_id`, `contact_id`, `state`, `requested_at`, `accepted_at`, `created_at`, `updated_at`) VALUES ('64', '64', 'declined', '1974-10-20 22:10:10', '1997-06-15 21:30:09', '2002-01-07 08:08:44', '1994-10-04 07:05:18');
INSERT INTO `contacts` (`emploee_id`, `contact_id`, `state`, `requested_at`, `accepted_at`, `created_at`, `updated_at`) VALUES ('65', '65', 'waited', '1976-04-19 17:38:05', '2020-07-14 07:21:42', '1977-11-18 14:48:49', '2009-10-01 23:56:51');
INSERT INTO `contacts` (`emploee_id`, `contact_id`, `state`, `requested_at`, `accepted_at`, `created_at`, `updated_at`) VALUES ('66', '66', 'waited', '1980-05-07 20:07:49', '1992-06-14 15:31:46', '2008-12-26 04:53:46', '2019-02-11 11:57:31');
INSERT INTO `contacts` (`emploee_id`, `contact_id`, `state`, `requested_at`, `accepted_at`, `created_at`, `updated_at`) VALUES ('67', '67', 'declined', '1995-01-29 13:40:37', '2013-01-17 09:28:54', '1989-06-02 17:04:56', '1982-02-08 22:00:48');
INSERT INTO `contacts` (`emploee_id`, `contact_id`, `state`, `requested_at`, `accepted_at`, `created_at`, `updated_at`) VALUES ('68', '68', 'accepted', '1977-09-29 20:28:09', '1983-09-09 07:13:17', '1983-03-27 05:34:14', '1991-12-12 22:56:10');
INSERT INTO `contacts` (`emploee_id`, `contact_id`, `state`, `requested_at`, `accepted_at`, `created_at`, `updated_at`) VALUES ('69', '69', 'declined', '2018-02-11 23:33:48', '1972-01-30 11:30:10', '2010-03-03 05:40:06', '1974-11-07 13:56:53');
INSERT INTO `contacts` (`emploee_id`, `contact_id`, `state`, `requested_at`, `accepted_at`, `created_at`, `updated_at`) VALUES ('70', '70', 'declined', '2008-09-03 13:35:37', '2013-10-04 07:02:19', '2016-05-01 02:20:59', '1999-02-23 04:56:11');
INSERT INTO `contacts` (`emploee_id`, `contact_id`, `state`, `requested_at`, `accepted_at`, `created_at`, `updated_at`) VALUES ('71', '71', 'accepted', '2009-03-24 15:45:12', '2016-09-14 08:53:50', '2014-11-25 22:03:50', '1976-04-02 20:49:56');
INSERT INTO `contacts` (`emploee_id`, `contact_id`, `state`, `requested_at`, `accepted_at`, `created_at`, `updated_at`) VALUES ('72', '72', 'waited', '1983-09-04 01:24:07', '1985-07-05 09:33:56', '2005-06-07 07:50:49', '1998-04-01 02:45:29');
INSERT INTO `contacts` (`emploee_id`, `contact_id`, `state`, `requested_at`, `accepted_at`, `created_at`, `updated_at`) VALUES ('73', '73', 'waited', '2011-05-19 22:48:54', '1993-06-30 22:25:48', '1979-02-24 02:31:00', '1975-10-30 05:37:34');
INSERT INTO `contacts` (`emploee_id`, `contact_id`, `state`, `requested_at`, `accepted_at`, `created_at`, `updated_at`) VALUES ('74', '74', 'waited', '2000-04-02 07:55:35', '1973-01-07 20:05:00', '2012-11-23 14:18:12', '2001-08-05 07:00:17');
INSERT INTO `contacts` (`emploee_id`, `contact_id`, `state`, `requested_at`, `accepted_at`, `created_at`, `updated_at`) VALUES ('75', '75', 'waited', '2007-02-14 05:53:29', '2012-07-11 02:36:51', '1985-01-19 21:45:00', '1988-08-24 05:43:47');
INSERT INTO `contacts` (`emploee_id`, `contact_id`, `state`, `requested_at`, `accepted_at`, `created_at`, `updated_at`) VALUES ('76', '76', 'waited', '1983-10-31 07:38:37', '2003-08-30 14:29:28', '1987-01-18 18:43:09', '1978-11-26 10:24:15');
INSERT INTO `contacts` (`emploee_id`, `contact_id`, `state`, `requested_at`, `accepted_at`, `created_at`, `updated_at`) VALUES ('77', '77', 'waited', '1977-11-13 19:58:39', '2003-12-15 16:54:20', '2009-02-01 17:16:26', '1970-10-04 23:18:21');
INSERT INTO `contacts` (`emploee_id`, `contact_id`, `state`, `requested_at`, `accepted_at`, `created_at`, `updated_at`) VALUES ('78', '78', 'waited', '1995-02-07 04:41:32', '2005-01-24 06:48:24', '2019-05-04 18:40:17', '2015-09-22 05:28:49');
INSERT INTO `contacts` (`emploee_id`, `contact_id`, `state`, `requested_at`, `accepted_at`, `created_at`, `updated_at`) VALUES ('79', '79', 'accepted', '2012-11-30 08:39:47', '2004-09-28 19:29:14', '1970-04-22 06:46:30', '1985-03-21 04:04:28');
INSERT INTO `contacts` (`emploee_id`, `contact_id`, `state`, `requested_at`, `accepted_at`, `created_at`, `updated_at`) VALUES ('80', '80', 'accepted', '1980-08-01 11:30:03', '2016-03-27 17:43:36', '1990-03-25 10:34:16', '1997-03-25 23:38:51');
INSERT INTO `contacts` (`emploee_id`, `contact_id`, `state`, `requested_at`, `accepted_at`, `created_at`, `updated_at`) VALUES ('81', '81', 'declined', '1977-07-16 00:10:29', '1996-06-02 15:21:00', '2019-09-17 19:49:47', '1998-06-19 00:57:16');
INSERT INTO `contacts` (`emploee_id`, `contact_id`, `state`, `requested_at`, `accepted_at`, `created_at`, `updated_at`) VALUES ('82', '82', 'accepted', '2002-06-28 00:10:06', '1971-02-12 06:05:03', '1978-01-04 00:33:00', '1976-01-30 11:38:44');
INSERT INTO `contacts` (`emploee_id`, `contact_id`, `state`, `requested_at`, `accepted_at`, `created_at`, `updated_at`) VALUES ('83', '83', 'declined', '1987-12-01 00:15:54', '1972-08-06 18:35:49', '2009-11-25 16:09:48', '2005-03-29 08:00:15');
INSERT INTO `contacts` (`emploee_id`, `contact_id`, `state`, `requested_at`, `accepted_at`, `created_at`, `updated_at`) VALUES ('84', '84', 'declined', '2005-03-29 07:32:23', '1981-10-24 02:45:33', '1980-10-18 19:34:02', '2008-04-16 19:44:51');
INSERT INTO `contacts` (`emploee_id`, `contact_id`, `state`, `requested_at`, `accepted_at`, `created_at`, `updated_at`) VALUES ('85', '85', 'declined', '2014-07-20 23:24:59', '1993-07-27 08:06:04', '2014-03-28 04:38:41', '1982-05-31 00:14:43');
INSERT INTO `contacts` (`emploee_id`, `contact_id`, `state`, `requested_at`, `accepted_at`, `created_at`, `updated_at`) VALUES ('86', '86', 'accepted', '2018-04-06 13:58:55', '1973-02-13 13:44:41', '1997-07-12 01:12:58', '1977-02-13 14:00:05');
INSERT INTO `contacts` (`emploee_id`, `contact_id`, `state`, `requested_at`, `accepted_at`, `created_at`, `updated_at`) VALUES ('87', '87', 'accepted', '2007-04-17 00:44:06', '1990-10-24 08:25:29', '1972-04-18 09:50:14', '1973-05-24 09:54:16');
INSERT INTO `contacts` (`emploee_id`, `contact_id`, `state`, `requested_at`, `accepted_at`, `created_at`, `updated_at`) VALUES ('88', '88', 'accepted', '1996-01-06 18:01:35', '1974-09-25 04:51:06', '1998-01-04 17:07:36', '2001-10-16 23:30:41');
INSERT INTO `contacts` (`emploee_id`, `contact_id`, `state`, `requested_at`, `accepted_at`, `created_at`, `updated_at`) VALUES ('89', '89', 'declined', '1976-04-21 07:04:01', '1979-07-06 13:24:18', '1989-04-27 07:54:52', '2017-07-12 21:18:27');
INSERT INTO `contacts` (`emploee_id`, `contact_id`, `state`, `requested_at`, `accepted_at`, `created_at`, `updated_at`) VALUES ('90', '90', 'accepted', '2012-11-01 17:17:54', '1985-08-07 09:05:04', '1984-05-09 05:34:55', '2001-07-14 20:18:52');
INSERT INTO `contacts` (`emploee_id`, `contact_id`, `state`, `requested_at`, `accepted_at`, `created_at`, `updated_at`) VALUES ('91', '91', 'accepted', '1979-10-27 08:45:31', '1985-04-16 11:47:05', '1991-10-07 04:17:48', '2013-08-25 20:16:53');
INSERT INTO `contacts` (`emploee_id`, `contact_id`, `state`, `requested_at`, `accepted_at`, `created_at`, `updated_at`) VALUES ('92', '92', 'declined', '2008-11-17 10:50:56', '1995-07-24 14:37:55', '2003-09-01 10:30:04', '2016-08-12 07:09:35');
INSERT INTO `contacts` (`emploee_id`, `contact_id`, `state`, `requested_at`, `accepted_at`, `created_at`, `updated_at`) VALUES ('93', '93', 'declined', '1999-01-04 08:07:17', '1982-09-05 00:52:01', '1993-09-16 18:13:58', '1995-12-24 10:18:55');
INSERT INTO `contacts` (`emploee_id`, `contact_id`, `state`, `requested_at`, `accepted_at`, `created_at`, `updated_at`) VALUES ('94', '94', 'declined', '2002-12-31 04:25:16', '1991-06-12 17:09:28', '2006-05-20 06:12:04', '1979-05-07 01:38:55');
INSERT INTO `contacts` (`emploee_id`, `contact_id`, `state`, `requested_at`, `accepted_at`, `created_at`, `updated_at`) VALUES ('95', '95', 'waited', '1987-12-05 00:12:36', '1989-05-13 04:53:12', '1975-07-10 21:26:55', '1970-11-02 22:17:03');
INSERT INTO `contacts` (`emploee_id`, `contact_id`, `state`, `requested_at`, `accepted_at`, `created_at`, `updated_at`) VALUES ('96', '96', 'declined', '1996-08-22 19:44:23', '2008-02-03 01:28:42', '1973-01-08 06:42:51', '1998-03-05 04:30:08');
INSERT INTO `contacts` (`emploee_id`, `contact_id`, `state`, `requested_at`, `accepted_at`, `created_at`, `updated_at`) VALUES ('97', '97', 'declined', '1997-06-20 20:38:11', '1972-07-25 09:56:17', '2010-03-22 07:45:15', '1983-02-27 18:14:15');
INSERT INTO `contacts` (`emploee_id`, `contact_id`, `state`, `requested_at`, `accepted_at`, `created_at`, `updated_at`) VALUES ('98', '98', 'waited', '1995-09-24 16:22:36', '1983-04-27 07:32:50', '1982-06-01 04:22:02', '2011-01-19 23:53:12');
INSERT INTO `contacts` (`emploee_id`, `contact_id`, `state`, `requested_at`, `accepted_at`, `created_at`, `updated_at`) VALUES ('99', '99', 'accepted', '2006-09-04 02:26:06', '1990-06-13 00:07:36', '1979-06-24 12:02:21', '1982-06-01 11:43:53');
INSERT INTO `contacts` (`emploee_id`, `contact_id`, `state`, `requested_at`, `accepted_at`, `created_at`, `updated_at`) VALUES ('100', '100', 'accepted', '2016-02-15 02:06:10', '1998-10-01 22:03:36', '1984-11-06 15:02:17', '2004-12-14 11:09:12');


INSERT INTO `vacancies` (`emploee_id`, `org_id`, `description`, `title`, `salary_from`, `salary_to`, `created_at`, `updated_at`) VALUES ('82', '37', 'Quisquam placeat temporibus aut nulla aut iste est. Dolor possimus blanditiis deserunt vitae voluptas. Et provident eos a voluptatibus maxime. Est consectetur eum dolorem eaque est.', 'Sint omnis et et magni fugit omnis.', 1786, 8786, '1974-08-05 14:26:07', '1990-09-19 14:30:24');
INSERT INTO `vacancies` (`emploee_id`, `org_id`, `description`, `title`, `salary_from`, `salary_to`, `created_at`, `updated_at`) VALUES ('8', '72', 'Est quis repellat consectetur voluptate. Consequatur quia ullam dolorem enim autem. Provident fugiat voluptatum nesciunt. Nesciunt ut neque rerum modi. Culpa sit cum velit incidunt et.', 'Quis accusamus corrupti placeat doloremque ut exercitationem quos.', 1440, 5588, '2011-03-29 03:36:40', '1975-07-12 10:36:24');
INSERT INTO `vacancies` (`emploee_id`, `org_id`, `description`, `title`, `salary_from`, `salary_to`, `created_at`, `updated_at`) VALUES ('89', '24', 'Voluptatibus tenetur nihil qui sint eligendi. Autem voluptatem totam et maxime eligendi. Aut rerum minus molestiae laborum neque vel. Ipsum et quaerat dolor.', 'Et quas occaecati hic fugit ratione voluptatem dolore consequatur.', 1821, 5703, '2008-05-31 06:58:24', '1992-12-19 23:22:22');
INSERT INTO `vacancies` (`emploee_id`, `org_id`, `description`, `title`, `salary_from`, `salary_to`, `created_at`, `updated_at`) VALUES ('58', '61', 'Aut asperiores sint harum et maxime repellendus. In id qui mollitia quibusdam quibusdam placeat. Velit ut ratione ea dolor nobis magni iure.', 'Sed quo praesentium rerum incidunt ut molestiae et earum.', 1948, 4877, '1978-09-21 18:35:09', '1994-12-16 02:31:41');
INSERT INTO `vacancies` (`emploee_id`, `org_id`, `description`, `title`, `salary_from`, `salary_to`, `created_at`, `updated_at`) VALUES ('69', '93', 'Quod minima qui qui pariatur. Et eum culpa impedit. Qui voluptatem labore voluptatum nihil.', 'Dolores eos similique voluptatem minima sint pariatur omnis.', 1339, 7190, '2004-11-04 08:51:17', '1998-01-05 15:19:01');
INSERT INTO `vacancies` (`emploee_id`, `org_id`, `description`, `title`, `salary_from`, `salary_to`, `created_at`, `updated_at`) VALUES ('92', '74', 'Occaecati amet nam quis ipsa quia eveniet. Voluptas mollitia minima excepturi voluptatem. Debitis hic accusamus dolorum et atque molestiae voluptatibus. Ut eum unde reiciendis non qui mollitia quis voluptatibus.', 'Nam molestiae veritatis incidunt officiis ipsam est.', 1928, 5326, '2013-08-14 03:18:14', '2008-09-12 22:10:26');
INSERT INTO `vacancies` (`emploee_id`, `org_id`, `description`, `title`, `salary_from`, `salary_to`, `created_at`, `updated_at`) VALUES ('45', '39', 'Et sunt odit aspernatur autem ipsum voluptate. Qui fugit quidem fugit et. Consequuntur ut consequatur dignissimos velit doloremque. Laboriosam et ducimus est et animi esse nobis.', 'Itaque ex eaque eveniet est sed vitae.', 1681, 6204, '1999-01-10 12:15:51', '2002-09-20 19:56:41');
INSERT INTO `vacancies` (`emploee_id`, `org_id`, `description`, `title`, `salary_from`, `salary_to`, `created_at`, `updated_at`) VALUES ('98', '22', 'Repellendus voluptate est a deleniti. Qui molestias qui quam ut qui nesciunt consectetur. Optio animi aut vitae voluptatem. Corrupti rerum dolorem aperiam.', 'Explicabo libero dolores voluptatem.', 1314, 4941, '1972-04-21 05:39:38', '1997-01-31 10:33:04');
INSERT INTO `vacancies` (`emploee_id`, `org_id`, `description`, `title`, `salary_from`, `salary_to`, `created_at`, `updated_at`) VALUES ('73', '69', 'Ipsa fuga odit in culpa maiores et aperiam nemo. Sequi sed consequuntur cupiditate et. Et error aut itaque reprehenderit eius suscipit nemo. Vitae labore quis voluptatem. Architecto omnis doloremque impedit.', 'Sit dolorum et aut quisquam iusto.', 1782, 4227, '2015-06-21 05:14:14', '2015-04-25 10:36:52');
INSERT INTO `vacancies` (`emploee_id`, `org_id`, `description`, `title`, `salary_from`, `salary_to`, `created_at`, `updated_at`) VALUES ('56', '35', 'Et dolorem ipsam vitae qui nulla. Magni exercitationem quidem voluptates quas omnis aut aspernatur. Aliquid in cumque sapiente aut ipsa. Totam voluptates quia ut omnis sed est quidem.', 'Aspernatur nobis nemo dolor fuga voluptas.', 1445, 3931, '1974-04-02 13:04:33', '2009-02-08 17:38:13');
INSERT INTO `vacancies` (`emploee_id`, `org_id`, `description`, `title`, `salary_from`, `salary_to`, `created_at`, `updated_at`) VALUES ('65', '5', 'Et vero qui sed doloremque architecto adipisci id. Cumque maxime consectetur est. Illo enim voluptas et quia magnam.', 'Non voluptatem facere accusantium voluptatem.', 1273, 5375, '2018-10-08 10:44:04', '2005-02-12 18:10:37');
INSERT INTO `vacancies` (`emploee_id`, `org_id`, `description`, `title`, `salary_from`, `salary_to`, `created_at`, `updated_at`) VALUES ('37', '48', 'Deleniti esse aut corporis animi voluptas earum sint. Sed natus laudantium cupiditate voluptas ipsa nam autem enim. Quam et quis illum beatae quam cupiditate consectetur.', 'Suscipit animi libero est quo iste.', 1911, 8736, '1974-03-21 11:45:23', '2020-03-18 21:01:16');
INSERT INTO `vacancies` (`emploee_id`, `org_id`, `description`, `title`, `salary_from`, `salary_to`, `created_at`, `updated_at`) VALUES ('35', '70', 'Fugit aliquid aut voluptas quam quos pariatur. Doloribus dolor et explicabo eum. Iure quia laborum animi ut qui. Repellat rerum odit ipsam nam aut fugit omnis.', 'Et aliquid adipisci consequatur mollitia.', 1682, 5953, '2018-08-07 12:02:32', '1984-03-19 09:29:29');
INSERT INTO `vacancies` (`emploee_id`, `org_id`, `description`, `title`, `salary_from`, `salary_to`, `created_at`, `updated_at`) VALUES ('3', '88', 'Tempora ut ab nulla cumque. Architecto aut sit nobis voluptatem impedit laboriosam provident. Ipsum quaerat natus deleniti.', 'Quis et vel id voluptates quia.', 1809, 6746, '2013-08-03 09:55:15', '1987-12-23 14:31:31');
INSERT INTO `vacancies` (`emploee_id`, `org_id`, `description`, `title`, `salary_from`, `salary_to`, `created_at`, `updated_at`) VALUES ('97', '26', 'Blanditiis voluptate nulla optio iste harum. Est nam incidunt et culpa totam itaque.', 'Ipsum quas inventore similique earum ipsum fugiat.', 1899, 4640, '2018-11-04 06:18:18', '1980-01-31 03:04:07');
INSERT INTO `vacancies` (`emploee_id`, `org_id`, `description`, `title`, `salary_from`, `salary_to`, `created_at`, `updated_at`) VALUES ('21', '32', 'Aut omnis enim qui nulla est esse autem reiciendis. Placeat reprehenderit inventore a molestiae est ratione hic. Sit est ut aliquid quis aut porro.', 'In rerum asperiores consequatur quis.', 1330, 6574, '1987-10-02 01:52:37', '1986-06-25 18:34:53');
INSERT INTO `vacancies` (`emploee_id`, `org_id`, `description`, `title`, `salary_from`, `salary_to`, `created_at`, `updated_at`) VALUES ('25', '18', 'Error cumque consequuntur officiis eos perferendis ut. Voluptas eaque corrupti autem. Magni beatae illo laborum ratione dicta.', 'Earum iure dolore sit mollitia.', 1710, 3864, '1999-12-10 03:42:00', '1984-12-16 02:17:07');
INSERT INTO `vacancies` (`emploee_id`, `org_id`, `description`, `title`, `salary_from`, `salary_to`, `created_at`, `updated_at`) VALUES ('97', '46', 'Sed doloribus accusamus quod qui qui. Optio tempora ea quam et. Sed fugiat doloremque et.', 'Accusantium voluptatibus quaerat enim.', 1397, 8274, '2014-01-28 06:53:02', '2000-06-17 00:22:45');
INSERT INTO `vacancies` (`emploee_id`, `org_id`, `description`, `title`, `salary_from`, `salary_to`, `created_at`, `updated_at`) VALUES ('12', '60', 'Tempore pariatur consequuntur provident animi. Exercitationem ullam qui nihil necessitatibus eos dolorem voluptatem. Atque voluptatem ut nemo odio quaerat et. Rerum nostrum quas dolores dolorum repellendus quae.', 'Deserunt iure non nihil.', 1946, 6143, '1970-05-12 14:00:40', '2018-03-10 18:38:03');
INSERT INTO `vacancies` (`emploee_id`, `org_id`, `description`, `title`, `salary_from`, `salary_to`, `created_at`, `updated_at`) VALUES ('53', '13', 'Nemo vel cumque labore animi iure sit ut. Et laudantium ullam a. Nisi at facilis eius maxime quia.', 'Esse aut illo ut amet pariatur.', 1417, 4647, '2007-02-13 22:04:31', '2003-12-10 01:32:35');
INSERT INTO `vacancies` (`emploee_id`, `org_id`, `description`, `title`, `salary_from`, `salary_to`, `created_at`, `updated_at`) VALUES ('58', '30', 'Dolor est quo autem molestiae minima facilis. Officiis aperiam omnis molestiae magnam labore. Tempore laboriosam natus ut doloribus omnis dolor. Iusto rerum autem aperiam officiis.', 'Eos omnis sapiente et beatae quaerat nulla tempora eum.', 1248, 4899, '1982-11-05 18:44:55', '2006-01-18 12:58:18');
INSERT INTO `vacancies` (`emploee_id`, `org_id`, `description`, `title`, `salary_from`, `salary_to`, `created_at`, `updated_at`) VALUES ('45', '21', 'Autem numquam sit illo omnis quam necessitatibus. Cum atque quos asperiores ipsam ullam itaque. Dolores esse quo nisi aut autem aut at. Blanditiis omnis ut aspernatur voluptatem temporibus esse nihil provident.', 'Iure cupiditate aut error tempore deserunt.', 1143, 5841, '1982-10-04 07:49:58', '1980-12-19 07:43:26');
INSERT INTO `vacancies` (`emploee_id`, `org_id`, `description`, `title`, `salary_from`, `salary_to`, `created_at`, `updated_at`) VALUES ('4', '61', 'Illum explicabo harum voluptas aspernatur quaerat sapiente. Quo ut numquam ullam natus voluptates mollitia. Beatae cupiditate sequi nisi pariatur aut consectetur.', 'Modi iusto veritatis aut asperiores.', 1212, 7477, '1973-06-29 11:35:53', '2003-05-14 15:15:26');
INSERT INTO `vacancies` (`emploee_id`, `org_id`, `description`, `title`, `salary_from`, `salary_to`, `created_at`, `updated_at`) VALUES ('34', '58', 'Quo autem quia et vitae atque eveniet veritatis. Magni sed eaque et et illum qui odit. Quia ut quos expedita similique.', 'Aut hic asperiores porro dolorum.', 1430, 5838, '1997-06-04 22:07:12', '1985-05-03 03:50:19');
INSERT INTO `vacancies` (`emploee_id`, `org_id`, `description`, `title`, `salary_from`, `salary_to`, `created_at`, `updated_at`) VALUES ('46', '77', 'Quo placeat impedit repellat quis non veniam animi. Rerum velit non hic. Nesciunt cum a ut dolorum rem laboriosam. A aspernatur repellendus aliquam repellat error ut sed.', 'Dicta saepe pariatur deserunt cumque beatae voluptatem sequi molestiae.', 1011, 7020, '2008-10-20 04:29:17', '1992-10-14 00:39:35');
INSERT INTO `vacancies` (`emploee_id`, `org_id`, `description`, `title`, `salary_from`, `salary_to`, `created_at`, `updated_at`) VALUES ('48', '76', 'Harum distinctio velit tempore at et. Aut voluptate ab quaerat animi. Et pariatur consequatur ut dolores ut quasi.', 'At similique asperiores perferendis ea doloremque autem.', 1901, 8587, '2007-04-29 05:52:10', '1994-10-21 04:43:35');
INSERT INTO `vacancies` (`emploee_id`, `org_id`, `description`, `title`, `salary_from`, `salary_to`, `created_at`, `updated_at`) VALUES ('84', '77', 'Doloremque iusto doloremque ea maxime. Architecto consequatur accusantium quae quaerat ut vel quia. Est quis sit quia sed voluptas. Asperiores at illo tempora eum suscipit blanditiis.', 'Illum placeat nemo assumenda ut rerum harum magni aut.', 1447, 8152, '1993-07-13 18:15:59', '1986-09-25 20:53:25');
INSERT INTO `vacancies` (`emploee_id`, `org_id`, `description`, `title`, `salary_from`, `salary_to`, `created_at`, `updated_at`) VALUES ('72', '93', 'Quia provident voluptatem accusamus facere dolores dolores unde. Consequuntur nihil dicta dicta atque quos. Sequi quia vitae sint amet eos hic. Tempora quaerat eligendi ducimus sed vero aut.', 'Porro facere occaecati adipisci quasi numquam totam similique.', 1431, 4454, '2016-07-22 01:01:02', '1991-07-27 03:26:12');
INSERT INTO `vacancies` (`emploee_id`, `org_id`, `description`, `title`, `salary_from`, `salary_to`, `created_at`, `updated_at`) VALUES ('47', '68', 'Corrupti iure odio facere. Quidem magnam facilis quis. Est reiciendis voluptatem consequuntur cumque pariatur velit.', 'Praesentium dicta et fuga temporibus.', 1061, 6223, '1986-06-23 13:16:27', '2014-11-06 00:45:39');
INSERT INTO `vacancies` (`emploee_id`, `org_id`, `description`, `title`, `salary_from`, `salary_to`, `created_at`, `updated_at`) VALUES ('59', '45', 'Ut enim qui quis iste. Et quasi mollitia nemo expedita aspernatur occaecati. Illum assumenda ea accusantium blanditiis facere repudiandae officia. Id recusandae ut placeat provident.', 'Dolor ab quisquam deleniti repellendus.', 1886, 4098, '2013-06-14 06:14:21', '1973-06-08 00:15:03');
INSERT INTO `vacancies` (`emploee_id`, `org_id`, `description`, `title`, `salary_from`, `salary_to`, `created_at`, `updated_at`) VALUES ('17', '26', 'Similique totam quod enim expedita. Quidem voluptates nisi similique aut dolor velit natus. Minima vel fuga cumque quo enim molestiae quasi quas.', 'Voluptatibus animi voluptatem et.', 1264, 8807, '2018-02-16 13:12:53', '1998-03-21 02:57:51');
INSERT INTO `vacancies` (`emploee_id`, `org_id`, `description`, `title`, `salary_from`, `salary_to`, `created_at`, `updated_at`) VALUES ('97', '11', 'Placeat ab ipsa reprehenderit ab tenetur. Veniam dolor soluta dolore. Aut sit aliquid cupiditate doloremque. Iusto qui voluptatem ducimus.', 'Minus qui illo sed incidunt sed nihil numquam.', 1864, 8689, '1995-09-26 11:49:43', '1997-08-25 13:47:42');
INSERT INTO `vacancies` (`emploee_id`, `org_id`, `description`, `title`, `salary_from`, `salary_to`, `created_at`, `updated_at`) VALUES ('41', '94', 'At omnis quo aliquid qui. Et sapiente possimus sint voluptates. Enim eum sed qui odit aut praesentium similique fugiat.', 'Aperiam dolor placeat dolores quos officiis recusandae aut ullam.', 1234, 3102, '1981-07-03 21:01:17', '1974-08-12 13:40:39');
INSERT INTO `vacancies` (`emploee_id`, `org_id`, `description`, `title`, `salary_from`, `salary_to`, `created_at`, `updated_at`) VALUES ('48', '97', 'Perspiciatis error mollitia cupiditate pariatur mollitia voluptatibus. Natus quos repellendus ea molestiae. Quam omnis expedita distinctio qui culpa. Omnis nemo sit nisi dolore architecto.', 'Doloremque corrupti distinctio cum et consequatur.', 1528, 8922, '1977-04-10 12:50:56', '1997-10-16 15:48:27');
INSERT INTO `vacancies` (`emploee_id`, `org_id`, `description`, `title`, `salary_from`, `salary_to`, `created_at`, `updated_at`) VALUES ('79', '87', 'Quis qui tempore ratione ea. Veniam iusto quo rerum velit quaerat ex corporis incidunt. Qui aliquid et mollitia asperiores.', 'Ut eligendi itaque consequuntur architecto ut modi labore.', 1250, 7824, '2020-07-31 06:08:48', '2005-12-12 02:59:10');
INSERT INTO `vacancies` (`emploee_id`, `org_id`, `description`, `title`, `salary_from`, `salary_to`, `created_at`, `updated_at`) VALUES ('25', '26', 'Facere veniam quia quos cum. Aut deserunt rem cumque sed.', 'Laudantium earum corrupti voluptatum culpa in error voluptatem.', 1330, 3073, '2004-12-04 12:55:09', '2003-04-14 03:29:39');
INSERT INTO `vacancies` (`emploee_id`, `org_id`, `description`, `title`, `salary_from`, `salary_to`, `created_at`, `updated_at`) VALUES ('87', '99', 'Rerum ullam similique dolore quia quia facilis. Id eos doloremque laudantium facilis tenetur sint reprehenderit recusandae. Dicta ea rem quo iste ut quam aut. Praesentium vel qui dignissimos deserunt sint rerum maxime.', 'Architecto nihil consectetur quos exercitationem tempora quisquam non repudiandae.', 1656, 8548, '2001-10-27 20:19:28', '2014-12-20 00:22:25');
INSERT INTO `vacancies` (`emploee_id`, `org_id`, `description`, `title`, `salary_from`, `salary_to`, `created_at`, `updated_at`) VALUES ('31', '98', 'Tenetur et rem quaerat. Aut veniam asperiores soluta nam provident illum est. Illo error distinctio molestiae sint delectus repellendus. Voluptas quia in et magnam tempora et.', 'Est qui autem consequatur sequi eius.', 1350, 3652, '1998-06-05 02:47:46', '2020-04-03 23:57:47');
INSERT INTO `vacancies` (`emploee_id`, `org_id`, `description`, `title`, `salary_from`, `salary_to`, `created_at`, `updated_at`) VALUES ('6', '31', 'Debitis similique dicta occaecati et quas vero. Et placeat neque est voluptas nostrum cupiditate. Velit suscipit facere suscipit. Sit culpa saepe debitis ut culpa et.', 'Voluptate omnis voluptatem quibusdam.', 1117, 7379, '2012-02-10 12:41:47', '1974-06-25 10:37:44');
INSERT INTO `vacancies` (`emploee_id`, `org_id`, `description`, `title`, `salary_from`, `salary_to`, `created_at`, `updated_at`) VALUES ('85', '45', 'Et illum porro laboriosam voluptatibus est consequatur qui. Magnam blanditiis deleniti et quia enim facere. Autem porro rerum doloremque minima officia. Libero odio perferendis eum.', 'Quibusdam incidunt omnis error omnis a quo earum voluptatum.', 1966, 8089, '1985-02-24 10:26:48', '2013-09-03 14:12:15');
INSERT INTO `vacancies` (`emploee_id`, `org_id`, `description`, `title`, `salary_from`, `salary_to`, `created_at`, `updated_at`) VALUES ('93', '35', 'Laboriosam reiciendis ducimus similique. Tempora in debitis sit neque. Odio dolorem eum sed veniam itaque. Laudantium eos facere laudantium quo sequi.', 'Veniam et laborum qui laborum.', 1033, 3787, '2003-09-12 07:19:58', '2009-01-05 03:28:15');
INSERT INTO `vacancies` (`emploee_id`, `org_id`, `description`, `title`, `salary_from`, `salary_to`, `created_at`, `updated_at`) VALUES ('87', '35', 'Nam facere adipisci possimus magnam. Id cum possimus rerum veritatis. Fuga ducimus sit eaque praesentium exercitationem qui.', 'Ea quaerat est et modi eos quasi.', 1186, 8395, '2020-02-17 19:56:29', '1987-07-04 13:09:04');
INSERT INTO `vacancies` (`emploee_id`, `org_id`, `description`, `title`, `salary_from`, `salary_to`, `created_at`, `updated_at`) VALUES ('76', '84', 'Aliquam sit consequatur rerum nam consequuntur est blanditiis. A quibusdam sit autem et possimus officia. Et omnis aut recusandae totam ab veniam sit. Aliquid dolorum ipsam quis quos temporibus qui.', 'Omnis magnam suscipit at delectus ipsam pariatur qui nihil.', 1982, 5665, '2016-05-23 04:26:18', '1992-02-28 07:35:05');
INSERT INTO `vacancies` (`emploee_id`, `org_id`, `description`, `title`, `salary_from`, `salary_to`, `created_at`, `updated_at`) VALUES ('41', '32', 'Optio quaerat ad amet sit fugiat qui. Tempore ut rerum aut perspiciatis eveniet omnis ea. Similique quis ut aut et animi cumque beatae. Dolorem asperiores cum quo ut quo.', 'Natus ipsa omnis qui voluptas.', 1726, 7060, '1983-07-11 22:24:31', '1991-11-27 08:17:06');
INSERT INTO `vacancies` (`emploee_id`, `org_id`, `description`, `title`, `salary_from`, `salary_to`, `created_at`, `updated_at`) VALUES ('15', '40', 'Eum molestiae at laborum aut quae itaque provident. Omnis magni qui sed neque. Ut nam et sed dignissimos.', 'Earum at consequatur veritatis quasi.', 1126, 5720, '1971-04-11 00:59:13', '1984-06-27 13:55:23');
INSERT INTO `vacancies` (`emploee_id`, `org_id`, `description`, `title`, `salary_from`, `salary_to`, `created_at`, `updated_at`) VALUES ('92', '19', 'Velit aut et qui. Ducimus quia nemo fugit vel. Libero aut consectetur excepturi inventore blanditiis praesentium.', 'Non quibusdam quis facilis ipsum laudantium eos porro.', 1343, 3342, '2007-07-28 01:32:47', '1981-12-05 15:27:39');
INSERT INTO `vacancies` (`emploee_id`, `org_id`, `description`, `title`, `salary_from`, `salary_to`, `created_at`, `updated_at`) VALUES ('40', '90', 'Voluptatem veniam voluptas consectetur culpa. Accusamus repudiandae aspernatur laboriosam dolore. Aliquam illum ut officia eos doloremque ad. Omnis qui saepe id soluta libero. Autem ab et aut aut consequatur aut.', 'Non recusandae dolorem hic labore accusantium amet est iure.', 1900, 7384, '2001-03-02 16:36:59', '1987-11-25 06:22:02');
INSERT INTO `vacancies` (`emploee_id`, `org_id`, `description`, `title`, `salary_from`, `salary_to`, `created_at`, `updated_at`) VALUES ('30', '30', 'Deleniti architecto magni sunt quia distinctio aliquid voluptatem. Quasi consequuntur excepturi aspernatur aut eos beatae at natus. Error tempora nulla voluptatem quae impedit perferendis dolorem. Perspiciatis magni libero nostrum aliquam.', 'Quos inventore numquam est at.', 1842, 7992, '1994-04-28 18:50:10', '2006-07-14 14:21:39');
INSERT INTO `vacancies` (`emploee_id`, `org_id`, `description`, `title`, `salary_from`, `salary_to`, `created_at`, `updated_at`) VALUES ('34', '55', 'Minus consequatur aliquam architecto dolorem sint aspernatur. Voluptatibus asperiores libero aliquam non odio odio. Tempore illo ut unde cumque corporis.', 'Quos qui unde ipsum unde temporibus est.', 1988, 7905, '1987-11-09 21:03:13', '2015-05-06 23:27:20');
INSERT INTO `vacancies` (`emploee_id`, `org_id`, `description`, `title`, `salary_from`, `salary_to`, `created_at`, `updated_at`) VALUES ('58', '54', 'Suscipit nulla magnam qui. Dolores doloribus qui illo id. Libero exercitationem maiores cupiditate harum hic ullam.', 'Non dolorum quam totam qui.', 1390, 5319, '1983-06-26 21:14:35', '1973-08-03 02:34:55');
INSERT INTO `vacancies` (`emploee_id`, `org_id`, `description`, `title`, `salary_from`, `salary_to`, `created_at`, `updated_at`) VALUES ('11', '47', 'Ut vel dolor ut corporis aspernatur rerum deserunt. Occaecati nesciunt facilis qui dicta aspernatur eveniet voluptatem. Deleniti iste ullam amet eius.', 'Voluptatum qui molestias qui aliquam debitis.', 1690, 4419, '2020-05-11 01:10:14', '2015-07-21 10:48:01');
INSERT INTO `vacancies` (`emploee_id`, `org_id`, `description`, `title`, `salary_from`, `salary_to`, `created_at`, `updated_at`) VALUES ('94', '45', 'Ut sint voluptas maxime cum aut. Culpa sint ullam voluptate quas rerum quo tempora. Dolor officia similique at incidunt mollitia eos. Eum quo deleniti repudiandae sit qui.', 'Sed quae facere dolor sit soluta sed.', 1184, 3472, '2014-10-11 13:46:10', '1977-03-20 11:04:29');
INSERT INTO `vacancies` (`emploee_id`, `org_id`, `description`, `title`, `salary_from`, `salary_to`, `created_at`, `updated_at`) VALUES ('76', '30', 'Aut in eos perspiciatis et aut earum expedita sapiente. Sit consequuntur deleniti culpa dolorum libero sunt. Ut autem laboriosam perspiciatis reprehenderit.', 'Aliquam repellat quia rerum quidem facere earum ut enim.', 1274, 4811, '2016-11-26 15:37:37', '1977-12-13 00:50:00');
INSERT INTO `vacancies` (`emploee_id`, `org_id`, `description`, `title`, `salary_from`, `salary_to`, `created_at`, `updated_at`) VALUES ('43', '15', 'Qui est beatae vitae rerum id. Non impedit voluptatem tempora eum et atque repellat. Pariatur qui hic et iure ea quae consequatur. Quaerat officiis ipsum qui.', 'Expedita reiciendis molestiae et omnis.', 1046, 3182, '2020-05-09 10:39:02', '1992-03-26 11:49:34');
INSERT INTO `vacancies` (`emploee_id`, `org_id`, `description`, `title`, `salary_from`, `salary_to`, `created_at`, `updated_at`) VALUES ('80', '4', 'Quasi ut excepturi laudantium placeat sunt ut. Fugit occaecati occaecati et ipsa officiis itaque saepe. Sed possimus officiis sapiente quae corrupti. Omnis et sint qui.', 'Temporibus asperiores totam qui.', 1481, 7131, '1980-07-11 00:31:15', '2003-09-23 02:38:15');
INSERT INTO `vacancies` (`emploee_id`, `org_id`, `description`, `title`, `salary_from`, `salary_to`, `created_at`, `updated_at`) VALUES ('32', '64', 'Maiores voluptates pariatur tempore ducimus. Sit aliquam quae optio aut modi voluptas minima. Culpa qui cum aut animi ex enim laboriosam. Autem consequuntur velit ut. In iste omnis nulla quia ipsa.', 'Cumque tenetur et voluptas qui voluptatum.', 1075, 7124, '1994-12-13 13:27:43', '1991-03-22 12:06:33');
INSERT INTO `vacancies` (`emploee_id`, `org_id`, `description`, `title`, `salary_from`, `salary_to`, `created_at`, `updated_at`) VALUES ('20', '62', 'Et accusamus odit assumenda maxime nobis qui sed. Voluptates ullam enim sequi. Sapiente dicta qui in enim. Ipsam dolores vero voluptatem voluptatem illum natus iusto. Sint soluta voluptates in beatae soluta eum eos.', 'Maiores ea sequi dolorem nulla omnis aut quae.', 1411, 5822, '1997-08-24 17:41:04', '1995-06-19 08:00:32');
INSERT INTO `vacancies` (`emploee_id`, `org_id`, `description`, `title`, `salary_from`, `salary_to`, `created_at`, `updated_at`) VALUES ('51', '78', 'Aperiam saepe architecto quae tenetur quasi quia laboriosam molestiae. Omnis officiis necessitatibus veniam ut quae voluptas est placeat. Quas voluptates sit error. Deleniti voluptatibus quidem qui optio in inventore corporis.', 'Autem similique modi molestiae modi vitae ipsam.', 1455, 8175, '2004-06-02 17:28:33', '1996-10-24 01:38:55');
INSERT INTO `vacancies` (`emploee_id`, `org_id`, `description`, `title`, `salary_from`, `salary_to`, `created_at`, `updated_at`) VALUES ('27', '23', 'Iusto ipsum similique consequatur ut est. Iusto eius excepturi iste ipsa. Totam harum qui ipsa cumque magnam voluptas.', 'Odit non aperiam sunt voluptate.', 1833, 8724, '1996-09-21 06:26:56', '1982-09-16 13:46:56');
INSERT INTO `vacancies` (`emploee_id`, `org_id`, `description`, `title`, `salary_from`, `salary_to`, `created_at`, `updated_at`) VALUES ('29', '74', 'Dolorem reprehenderit quo culpa neque ducimus. Earum ut enim soluta corrupti ipsa consequatur. Quia at necessitatibus consequatur sit. Qui veniam aut officiis hic quaerat et.', 'Ex earum impedit ut saepe.', 1114, 8848, '1972-07-27 19:11:24', '1980-11-13 19:48:24');
INSERT INTO `vacancies` (`emploee_id`, `org_id`, `description`, `title`, `salary_from`, `salary_to`, `created_at`, `updated_at`) VALUES ('42', '36', 'Velit natus possimus voluptas molestiae voluptatem. Sequi quos aperiam delectus et cum omnis praesentium. Doloribus sapiente omnis dolor amet laboriosam sunt illum aut. Consequuntur dolor voluptas neque ad laborum perferendis.', 'Aut reprehenderit qui placeat repellat veritatis non nemo.', 1638, 3445, '1977-01-27 08:00:08', '2002-06-29 16:00:30');
INSERT INTO `vacancies` (`emploee_id`, `org_id`, `description`, `title`, `salary_from`, `salary_to`, `created_at`, `updated_at`) VALUES ('32', '18', 'Et sed adipisci accusantium quas nobis. Excepturi soluta aut aut et. Magni beatae iure architecto perferendis inventore possimus.', 'Recusandae sapiente quidem explicabo accusamus est excepturi.', 1048, 7578, '2009-09-24 08:29:35', '1971-03-19 17:57:19');
INSERT INTO `vacancies` (`emploee_id`, `org_id`, `description`, `title`, `salary_from`, `salary_to`, `created_at`, `updated_at`) VALUES ('76', '48', 'Labore assumenda enim at omnis. Est est necessitatibus debitis culpa. Quos sed doloribus aliquid et et atque.', 'Debitis culpa consequatur hic rerum quidem ut voluptatem.', 1171, 8042, '2009-01-16 17:14:14', '2004-08-19 07:59:01');
INSERT INTO `vacancies` (`emploee_id`, `org_id`, `description`, `title`, `salary_from`, `salary_to`, `created_at`, `updated_at`) VALUES ('73', '36', 'Quam rerum vero similique quam quia. Rerum vitae ut provident quae ut vel et magni. Eos qui eos et nemo et sapiente beatae. Qui unde ducimus voluptatem necessitatibus voluptatem molestias possimus.', 'Veniam esse laboriosam ab ut officia.', 1952, 5091, '1993-06-22 12:52:10', '1995-07-23 07:39:43');
INSERT INTO `vacancies` (`emploee_id`, `org_id`, `description`, `title`, `salary_from`, `salary_to`, `created_at`, `updated_at`) VALUES ('22', '81', 'Suscipit consectetur ullam quo. Aliquam voluptatem sit assumenda et. Magni hic quia sed modi maiores labore.', 'Ut ut unde aut exercitationem consequatur.', 1900, 7506, '1986-01-11 20:27:06', '1970-01-21 23:58:57');
INSERT INTO `vacancies` (`emploee_id`, `org_id`, `description`, `title`, `salary_from`, `salary_to`, `created_at`, `updated_at`) VALUES ('15', '26', 'Autem non autem commodi sint sed est quasi. Ipsum non possimus voluptatem dolor. Porro enim sed atque. Atque aut sit voluptatem et aut exercitationem delectus.', 'Non ea est quisquam voluptatem magnam.', 1512, 4093, '1983-07-23 12:39:45', '2018-10-07 14:29:50');
INSERT INTO `vacancies` (`emploee_id`, `org_id`, `description`, `title`, `salary_from`, `salary_to`, `created_at`, `updated_at`) VALUES ('33', '44', 'Ut perferendis voluptas nihil nisi iusto. Excepturi non sed ipsa sit omnis blanditiis voluptas. Aspernatur ut est aut dicta voluptas sequi ipsa quisquam.', 'Odio est quaerat alias cupiditate ut voluptate velit.', 1930, 5206, '2006-09-09 23:58:43', '2005-07-26 00:54:17');
INSERT INTO `vacancies` (`emploee_id`, `org_id`, `description`, `title`, `salary_from`, `salary_to`, `created_at`, `updated_at`) VALUES ('40', '67', 'Omnis laborum qui distinctio ut. Quia et nam laboriosam fugit.', 'Aliquid cum aut dolor distinctio qui in.', 1117, 4617, '1977-05-03 04:45:27', '2020-01-27 18:42:06');
INSERT INTO `vacancies` (`emploee_id`, `org_id`, `description`, `title`, `salary_from`, `salary_to`, `created_at`, `updated_at`) VALUES ('6', '30', 'Occaecati excepturi quo laboriosam quia nam. Debitis nesciunt voluptatem tempore laudantium omnis aliquid. Dolor similique earum iste iusto accusamus ea. Et ea officia sit veniam officia modi est.', 'Natus et ipsa aliquam odit amet dolorum.', 1919, 3025, '1974-04-29 19:37:28', '2007-04-29 10:21:24');
INSERT INTO `vacancies` (`emploee_id`, `org_id`, `description`, `title`, `salary_from`, `salary_to`, `created_at`, `updated_at`) VALUES ('65', '43', 'Non ut consequatur sequi incidunt. Voluptatem qui et excepturi iste nemo officiis eos. Fuga cum consequuntur aperiam est labore dolorum. Eius ut et hic excepturi.', 'Unde ut et necessitatibus.', 1953, 3014, '1986-03-30 14:13:53', '2019-08-15 13:57:39');
INSERT INTO `vacancies` (`emploee_id`, `org_id`, `description`, `title`, `salary_from`, `salary_to`, `created_at`, `updated_at`) VALUES ('79', '88', 'Sint debitis commodi quia porro. Dolore ea voluptatibus beatae doloribus aut odit animi. Excepturi sequi placeat fugiat at.', 'Itaque id expedita ullam aliquid excepturi.', 1773, 6079, '2013-12-25 11:32:59', '2012-08-20 10:56:44');
INSERT INTO `vacancies` (`emploee_id`, `org_id`, `description`, `title`, `salary_from`, `salary_to`, `created_at`, `updated_at`) VALUES ('21', '100', 'Vitae autem quis quia aliquid molestiae pariatur facilis. Et possimus voluptatem aperiam sint vel. Ipsa odit minus iste maiores molestias. Excepturi est voluptatem et at amet tempore.', 'Quasi voluptate quis repudiandae rerum.', 1984, 6828, '2006-05-30 01:02:11', '1988-08-10 16:51:16');
INSERT INTO `vacancies` (`emploee_id`, `org_id`, `description`, `title`, `salary_from`, `salary_to`, `created_at`, `updated_at`) VALUES ('37', '59', 'Qui et neque dicta voluptatibus. In dicta sequi dolor autem. Aut est vel recusandae earum delectus quas dolorem voluptas.', 'Sint magnam esse possimus repudiandae provident harum quia quis.', 1443, 5118, '2011-03-12 09:03:34', '1979-11-28 08:20:38');
INSERT INTO `vacancies` (`emploee_id`, `org_id`, `description`, `title`, `salary_from`, `salary_to`, `created_at`, `updated_at`) VALUES ('21', '24', 'Vel rerum est odio vitae cupiditate quos minima. Ab rerum omnis dicta ut. Blanditiis rerum est amet. Soluta et qui recusandae.', 'Unde quasi minus temporibus est eos repudiandae eligendi.', 1862, 3945, '2014-08-02 04:45:48', '2008-09-10 17:30:46');
INSERT INTO `vacancies` (`emploee_id`, `org_id`, `description`, `title`, `salary_from`, `salary_to`, `created_at`, `updated_at`) VALUES ('35', '46', 'Saepe ut quae perferendis consequatur natus quidem. Illo inventore voluptate voluptatem est. Velit aut laboriosam quibusdam molestias velit.', 'Ut natus eum quis sit.', 1035, 6426, '2000-10-25 19:22:24', '1978-12-07 14:22:07');
INSERT INTO `vacancies` (`emploee_id`, `org_id`, `description`, `title`, `salary_from`, `salary_to`, `created_at`, `updated_at`) VALUES ('12', '50', 'Placeat rerum maxime autem magni nihil. Commodi nulla voluptatem distinctio. Eos autem et repellat quisquam et velit. Facere facilis qui eos.', 'Modi maiores nulla voluptatem magnam officia.', 1347, 5724, '1986-04-17 18:17:40', '1997-06-16 18:53:15');
INSERT INTO `vacancies` (`emploee_id`, `org_id`, `description`, `title`, `salary_from`, `salary_to`, `created_at`, `updated_at`) VALUES ('91', '35', 'Sequi minima iste omnis qui mollitia. Et illum aut reiciendis et qui atque. Accusantium rerum quos accusantium non voluptas ducimus iste.', 'Commodi corporis delectus id dolor ut perspiciatis et.', 1294, 8517, '2014-07-25 11:57:51', '2014-07-26 00:41:22');
INSERT INTO `vacancies` (`emploee_id`, `org_id`, `description`, `title`, `salary_from`, `salary_to`, `created_at`, `updated_at`) VALUES ('3', '91', 'Inventore quos quibusdam at sed. Nihil eos mollitia itaque rerum voluptas. Eum ut eius et magnam. Quae neque laudantium non.', 'Quia impedit voluptatum non ut.', 1675, 6137, '2012-06-02 06:26:25', '1981-01-29 14:51:39');
INSERT INTO `vacancies` (`emploee_id`, `org_id`, `description`, `title`, `salary_from`, `salary_to`, `created_at`, `updated_at`) VALUES ('41', '12', 'Mollitia qui a perferendis aliquid rerum quis rerum. Eligendi asperiores quis illum doloribus iure ducimus. Ut ab sint et accusantium quo nihil facilis qui.', 'Possimus sunt asperiores dolorem veritatis omnis expedita.', 1005, 5144, '1990-08-30 08:10:14', '2015-03-14 01:53:58');
INSERT INTO `vacancies` (`emploee_id`, `org_id`, `description`, `title`, `salary_from`, `salary_to`, `created_at`, `updated_at`) VALUES ('20', '20', 'Et maxime sunt assumenda molestiae sunt odit. Ad libero similique numquam recusandae cum. Ab suscipit placeat quia sed voluptas. Accusantium debitis cumque et eos labore illo et.', 'Pariatur recusandae nobis numquam eos.', 1596, 3646, '2000-03-15 14:58:42', '1987-03-05 05:51:57');
INSERT INTO `vacancies` (`emploee_id`, `org_id`, `description`, `title`, `salary_from`, `salary_to`, `created_at`, `updated_at`) VALUES ('59', '71', 'Nemo enim optio error temporibus quo cum. Et minus voluptas sit in. Commodi omnis inventore possimus aut ea blanditiis.', 'Soluta in aut excepturi magnam.', 1580, 3479, '1985-10-21 02:09:43', '2009-07-13 18:33:47');
INSERT INTO `vacancies` (`emploee_id`, `org_id`, `description`, `title`, `salary_from`, `salary_to`, `created_at`, `updated_at`) VALUES ('76', '88', 'Suscipit ipsam cumque voluptas. Recusandae reprehenderit sequi pariatur dolor odio. Vitae id nostrum quis omnis ut et cumque. Distinctio unde reprehenderit fugiat ut commodi.', 'Alias itaque sit iste.', 1837, 4327, '1999-02-27 05:50:04', '1985-07-24 19:24:08');
INSERT INTO `vacancies` (`emploee_id`, `org_id`, `description`, `title`, `salary_from`, `salary_to`, `created_at`, `updated_at`) VALUES ('32', '83', 'Molestiae accusantium impedit repellendus rerum. Sed et dolor consequatur ea. Est perspiciatis cum fuga tenetur omnis quod. Quibusdam et earum et quas optio ut. Eos provident occaecati ut deserunt.', 'Est fuga officiis est.', 1535, 5565, '1973-07-31 03:06:25', '2002-09-23 20:31:15');
INSERT INTO `vacancies` (`emploee_id`, `org_id`, `description`, `title`, `salary_from`, `salary_to`, `created_at`, `updated_at`) VALUES ('55', '82', 'Aliquid optio ut at et rerum sunt. Accusantium quidem aliquid alias dolorem eligendi. Qui aliquid molestiae velit explicabo sapiente. Nemo enim aut exercitationem similique. Nam delectus quisquam placeat deleniti et ad veritatis magni.', 'Inventore quis est et laboriosam quis.', 1033, 5615, '1978-05-01 14:36:15', '2013-01-22 01:24:07');
INSERT INTO `vacancies` (`emploee_id`, `org_id`, `description`, `title`, `salary_from`, `salary_to`, `created_at`, `updated_at`) VALUES ('58', '48', 'Dignissimos molestias quo dolorem porro odio. Nam vero non quisquam odit. Et nam doloremque provident eligendi unde. Et possimus rerum enim magnam.', 'Aut illo quasi accusamus quo.', 1685, 8528, '1990-07-13 20:00:37', '1971-12-10 17:57:25');
INSERT INTO `vacancies` (`emploee_id`, `org_id`, `description`, `title`, `salary_from`, `salary_to`, `created_at`, `updated_at`) VALUES ('5', '39', 'Id tempora placeat sapiente ullam. Vel adipisci ut temporibus delectus. Non vel velit cum ut harum. Optio enim alias unde provident repellendus quia itaque ut.', 'Et dolores pariatur excepturi et eum qui incidunt non.', 1195, 4108, '2011-06-17 08:52:42', '1992-11-14 13:13:25');
INSERT INTO `vacancies` (`emploee_id`, `org_id`, `description`, `title`, `salary_from`, `salary_to`, `created_at`, `updated_at`) VALUES ('78', '79', 'Et modi veritatis sit dolor ut illum quos. Autem numquam dolorum et ea dolores quis.', 'Impedit non quia earum quam non consequatur.', 1937, 4660, '1998-07-09 18:59:33', '2018-02-14 05:46:58');
INSERT INTO `vacancies` (`emploee_id`, `org_id`, `description`, `title`, `salary_from`, `salary_to`, `created_at`, `updated_at`) VALUES ('89', '35', 'Nam quae aut quia nisi dignissimos quo magnam. Quia ab quaerat sit alias. Quae saepe voluptatem possimus quam dolorem.', 'Modi vel distinctio tempora nesciunt.', 1107, 5839, '2013-02-17 14:03:24', '1973-04-13 13:14:04');
INSERT INTO `vacancies` (`emploee_id`, `org_id`, `description`, `title`, `salary_from`, `salary_to`, `created_at`, `updated_at`) VALUES ('40', '81', 'Et quis qui exercitationem. Qui ipsum distinctio illo voluptatem repudiandae deleniti quibusdam.', 'Laborum dolor ab eum doloremque laborum sit iure ab.', 1017, 6021, '2020-07-12 10:20:53', '2020-09-19 20:37:43');
INSERT INTO `vacancies` (`emploee_id`, `org_id`, `description`, `title`, `salary_from`, `salary_to`, `created_at`, `updated_at`) VALUES ('62', '78', 'Vitae at incidunt dolore aut omnis non. Iusto quibusdam et ipsam praesentium vel distinctio. Repellat cupiditate accusamus ut et quos. Reprehenderit velit molestias praesentium repudiandae in.', 'Sit nisi consequuntur voluptatibus consequatur velit laboriosam.', 1436, 5273, '1998-09-07 07:42:15', '2008-02-22 21:00:39');
INSERT INTO `vacancies` (`emploee_id`, `org_id`, `description`, `title`, `salary_from`, `salary_to`, `created_at`, `updated_at`) VALUES ('9', '60', 'Nostrum recusandae est nostrum quo. Nulla harum quisquam adipisci ratione. Doloribus sint ut cupiditate ad accusamus consequuntur dolores.', 'Aut doloremque amet aut sequi vitae animi.', 1843, 8357, '2006-10-12 06:09:14', '1979-04-06 16:36:04');
INSERT INTO `vacancies` (`emploee_id`, `org_id`, `description`, `title`, `salary_from`, `salary_to`, `created_at`, `updated_at`) VALUES ('15', '58', 'Aut eaque ullam ut et at. Consectetur architecto sit modi sit quaerat nostrum. Ad at dolorem at porro quam.', 'Sunt soluta et sunt a explicabo pariatur autem.', 1213, 3269, '1997-12-10 19:25:30', '2019-12-08 00:12:14');
INSERT INTO `vacancies` (`emploee_id`, `org_id`, `description`, `title`, `salary_from`, `salary_to`, `created_at`, `updated_at`) VALUES ('99', '46', 'Numquam ratione perferendis quis asperiores veritatis incidunt. Quidem dolores praesentium qui mollitia libero aliquam possimus nisi. A cumque cupiditate vitae voluptate deleniti odio rerum. Praesentium laudantium et doloribus ut. Debitis voluptate laboriosam provident maiores et voluptate sequi.', 'Iste quaerat quis illo.', 1728, 7099, '2012-02-02 13:30:05', '1983-09-24 17:31:43');
INSERT INTO `vacancies` (`emploee_id`, `org_id`, `description`, `title`, `salary_from`, `salary_to`, `created_at`, `updated_at`) VALUES ('46', '99', 'Et accusantium magni nesciunt vel possimus autem. Dolorem beatae maiores minus veritatis rerum ut. Nisi voluptas rerum dolore ipsum adipisci cum ipsam eos. Velit id quod cum sunt aut non.', 'Et vel dolores error explicabo vitae.', 1128, 7117, '1971-05-22 05:58:53', '1993-10-12 11:06:09');
INSERT INTO `vacancies` (`emploee_id`, `org_id`, `description`, `title`, `salary_from`, `salary_to`, `created_at`, `updated_at`) VALUES ('69', '43', 'Consequatur cum quidem quaerat quasi. Quia sequi voluptas quia velit nam.', 'Sunt saepe ut corporis amet aliquam neque.', 1625, 6487, '1985-12-12 05:17:24', '2018-09-19 02:42:48');
INSERT INTO `vacancies` (`emploee_id`, `org_id`, `description`, `title`, `salary_from`, `salary_to`, `created_at`, `updated_at`) VALUES ('62', '44', 'Consequuntur qui omnis est voluptatem. Ut neque similique alias et omnis porro aspernatur autem.', 'Rerum ut deserunt ex et itaque.', 1684, 6535, '1984-01-15 02:01:50', '2011-12-21 11:55:45');
INSERT INTO `vacancies` (`emploee_id`, `org_id`, `description`, `title`, `salary_from`, `salary_to`, `created_at`, `updated_at`) VALUES ('79', '68', 'Omnis rem provident nostrum. Temporibus vel pariatur expedita est cupiditate esse ut. Natus officiis debitis ut. Debitis numquam veniam fugiat cumque eveniet suscipit dolore.', 'Sunt repellat recusandae consequatur adipisci cum illum voluptatem.', 1364, 6125, '2004-11-17 08:06:29', '1983-05-02 09:31:57');
INSERT INTO `vacancies` (`emploee_id`, `org_id`, `description`, `title`, `salary_from`, `salary_to`, `created_at`, `updated_at`) VALUES ('21', '17', 'Error natus ipsa placeat. Alias ut ipsum ut qui molestiae. Et ea rerum quas minima. Qui harum assumenda eum ut est.', 'Beatae in est voluptates sit commodi deserunt.', 1090, 4914, '1980-11-08 01:36:59', '1998-05-20 20:59:41');
INSERT INTO `vacancies` (`emploee_id`, `org_id`, `description`, `title`, `salary_from`, `salary_to`, `created_at`, `updated_at`) VALUES ('55', '19', 'Beatae eligendi culpa cumque animi. Odit et omnis aut in assumenda. Aut unde numquam dignissimos.', 'Natus sed corporis consequatur dolores.', 1412, 6375, '1973-12-24 17:41:06', '1976-02-16 03:23:46');
INSERT INTO `vacancies` (`emploee_id`, `org_id`, `description`, `title`, `salary_from`, `salary_to`, `created_at`, `updated_at`) VALUES ('49', '49', 'Dolores et voluptatem ab aperiam necessitatibus libero vel. Maiores nostrum dignissimos debitis et sapiente illo. Velit voluptas explicabo quibusdam itaque.', 'Quos dolorem quo error id consequuntur aut omnis.', 1625, 6514, '1981-03-07 11:26:10', '1979-10-25 02:50:14');


